experiment,estimator,mae,seed,n_models
n_models,rbf_paired,1.7118766682984452,0,10
n_models,rbf_unpaired,1.6407736347569668,0,10
n_models,rbf_combined,1.6264840448478592,0,10
n_models,rbf_paired,1.9938307455192688,1,10
n_models,rbf_unpaired,1.9373108617799684,1,10
n_models,rbf_combined,1.9387601459736437,1,10
n_models,rbf_paired,1.6482656103470303,2,10
n_models,rbf_unpaired,1.6504986877397685,2,10
n_models,rbf_combined,1.6239594851249715,2,10
n_models,rbf_paired,2.1195752041481644,3,10
n_models,rbf_unpaired,2.09706668787471,3,10
n_models,rbf_combined,2.086880808594058,3,10
n_models,rbf_paired,1.9257881814690585,4,10
n_models,rbf_unpaired,1.892670861433894,4,10
n_models,rbf_combined,1.8876053171059821,4,10
n_models,rbf_paired,1.345072515470684,5,10
n_models,rbf_unpaired,1.3831678085697816,5,10
n_models,rbf_combined,1.3974484671273861,5,10
n_models,rbf_paired,1.9605525073910122,6,10
n_models,rbf_unpaired,1.930334750496989,6,10
n_models,rbf_combined,1.9202038264420402,6,10
n_models,rbf_paired,1.7010247590977845,7,10
n_models,rbf_unpaired,1.7501095702349547,7,10
n_models,rbf_combined,1.6808589379117849,7,10
n_models,rbf_paired,2.362548185838337,8,10
n_models,rbf_unpaired,2.3745420191051765,8,10
n_models,rbf_combined,2.3744525019810894,8,10
n_models,rbf_paired,2.032497800702906,9,10
n_models,rbf_unpaired,2.001938844623643,9,10
n_models,rbf_combined,1.9889983451467987,9,10
n_models,rbf_paired,1.38896649253905,10,10
n_models,rbf_unpaired,1.3879953229989408,10,10
n_models,rbf_combined,1.3660953401323668,10,10
n_models,rbf_paired,1.822052146490826,11,10
n_models,rbf_unpaired,1.782350981336405,11,10
n_models,rbf_combined,1.7078392749244944,11,10
n_models,rbf_paired,1.7961475198811696,12,10
n_models,rbf_unpaired,1.741473938102023,12,10
n_models,rbf_combined,1.7419181705559101,12,10
n_models,rbf_paired,1.939082332682291,13,10
n_models,rbf_unpaired,1.9305835306742052,13,10
n_models,rbf_combined,1.8713737251853109,13,10
n_models,rbf_paired,1.8779677946398594,14,10
n_models,rbf_unpaired,1.8416529732954459,14,10
n_models,rbf_combined,1.8254626015859556,14,10
n_models,rbf_paired,1.9632524509098663,15,10
n_models,rbf_unpaired,1.9768426854106809,15,10
n_models,rbf_combined,1.9174237736762267,15,10
n_models,rbf_paired,2.2891426878486953,16,10
n_models,rbf_unpaired,2.3078075803700884,16,10
n_models,rbf_combined,2.2802355272465014,16,10
n_models,rbf_paired,2.298075976838537,17,10
n_models,rbf_unpaired,2.3063154623657875,17,10
n_models,rbf_combined,2.3020356907381463,17,10
n_models,rbf_paired,1.6299875628268967,18,10
n_models,rbf_unpaired,1.629624399002498,18,10
n_models,rbf_combined,1.5992798936737782,18,10
n_models,rbf_paired,2.0652034456736574,19,10
n_models,rbf_unpaired,2.02797019598771,19,10
n_models,rbf_combined,1.9638074907134215,19,10
n_models,rbf_paired,2.405531067758663,20,10
n_models,rbf_unpaired,2.460951937591971,20,10
n_models,rbf_combined,2.3803436686360513,20,10
n_models,rbf_paired,1.9450009352663364,21,10
n_models,rbf_unpaired,1.9584638265568615,21,10
n_models,rbf_combined,1.940411892956949,21,10
n_models,rbf_paired,2.6881812786994645,22,10
n_models,rbf_unpaired,2.6201215418196626,22,10
n_models,rbf_combined,2.5941219517305285,22,10
n_models,rbf_paired,2.362021088082443,23,10
n_models,rbf_unpaired,2.3636428623307952,23,10
n_models,rbf_combined,2.3245002133377404,23,10
n_models,rbf_paired,1.987854319259757,24,10
n_models,rbf_unpaired,1.839119453970654,24,10
n_models,rbf_combined,1.813890901289333,24,10
n_models,rbf_paired,1.9531346363891846,25,10
n_models,rbf_unpaired,1.8755114658352359,25,10
n_models,rbf_combined,1.9356163065475787,25,10
n_models,rbf_paired,2.055543012753393,26,10
n_models,rbf_unpaired,2.0064335226669305,26,10
n_models,rbf_combined,2.0435995503692297,26,10
n_models,rbf_paired,2.161301869942424,27,10
n_models,rbf_unpaired,2.156164866394276,27,10
n_models,rbf_combined,2.131472076563615,27,10
n_models,rbf_paired,1.7203164721958413,28,10
n_models,rbf_unpaired,1.702818910019726,28,10
n_models,rbf_combined,1.679474497296565,28,10
n_models,rbf_paired,2.1143028631605563,29,10
n_models,rbf_unpaired,2.1098917022784347,29,10
n_models,rbf_combined,2.1023257534498456,29,10
n_models,rbf_paired,2.278362050537124,30,10
n_models,rbf_unpaired,2.250122181520671,30,10
n_models,rbf_combined,2.24156196926536,30,10
n_models,rbf_paired,1.6111975298119294,31,10
n_models,rbf_unpaired,1.6530423770630023,31,10
n_models,rbf_combined,1.605830350021426,31,10
n_models,rbf_paired,2.0549539142182294,32,10
n_models,rbf_unpaired,1.962122521351953,32,10
n_models,rbf_combined,1.9345871445435132,32,10
n_models,rbf_paired,1.6781800703240952,33,10
n_models,rbf_unpaired,1.7731896572057029,33,10
n_models,rbf_combined,1.6863225287912798,33,10
n_models,rbf_paired,1.4967634257354814,34,10
n_models,rbf_unpaired,1.5242803863656873,34,10
n_models,rbf_combined,1.507748189411046,34,10
n_models,rbf_paired,2.2577227197442338,35,10
n_models,rbf_unpaired,2.353529544764048,35,10
n_models,rbf_combined,2.2634731439154447,35,10
n_models,rbf_paired,1.4248725353596865,36,10
n_models,rbf_unpaired,1.4452732688687913,36,10
n_models,rbf_combined,1.4365719152120362,36,10
n_models,rbf_paired,2.1171702310468103,37,10
n_models,rbf_unpaired,2.1446435299330284,37,10
n_models,rbf_combined,2.0616093870227035,37,10
n_models,rbf_paired,1.8310113721323857,38,10
n_models,rbf_unpaired,1.7897957489557461,38,10
n_models,rbf_combined,1.731713742216395,38,10
n_models,rbf_paired,1.7865305350401248,39,10
n_models,rbf_unpaired,1.7271437846411644,39,10
n_models,rbf_combined,1.7104201966962698,39,10
n_models,rbf_paired,1.8352931795198397,40,10
n_models,rbf_unpaired,1.8254091055222272,40,10
n_models,rbf_combined,1.7866716083230483,40,10
n_models,rbf_paired,1.588122601459089,41,10
n_models,rbf_unpaired,1.5784363186841897,41,10
n_models,rbf_combined,1.574583811071998,41,10
n_models,rbf_paired,1.294859943446537,42,10
n_models,rbf_unpaired,1.3019845392455383,42,10
n_models,rbf_combined,1.2724414587209325,42,10
n_models,rbf_paired,1.6681719702299274,43,10
n_models,rbf_unpaired,1.6823345789156943,43,10
n_models,rbf_combined,1.665098700691221,43,10
n_models,rbf_paired,1.765041557740451,44,10
n_models,rbf_unpaired,1.6919457211026387,44,10
n_models,rbf_combined,1.7087420151126722,44,10
n_models,rbf_paired,1.9432534407890403,45,10
n_models,rbf_unpaired,1.8997107165489873,45,10
n_models,rbf_combined,1.8826792574516626,45,10
n_models,rbf_paired,1.8171191891629188,46,10
n_models,rbf_unpaired,1.8145759160021584,46,10
n_models,rbf_combined,1.8062553197082405,46,10
n_models,rbf_paired,1.8665657348269196,47,10
n_models,rbf_unpaired,1.8402911058519065,47,10
n_models,rbf_combined,1.8337505890631756,47,10
n_models,rbf_paired,1.528557840767547,48,10
n_models,rbf_unpaired,1.5365327476514068,48,10
n_models,rbf_combined,1.5402711369356892,48,10
n_models,rbf_paired,1.9215338215973843,49,10
n_models,rbf_unpaired,1.8689223140836757,49,10
n_models,rbf_combined,1.859465883021086,49,10
n_models,rbf_paired,1.5545952120261082,0,20
n_models,rbf_unpaired,1.586448899340431,0,20
n_models,rbf_combined,1.51022480238714,0,20
n_models,rbf_paired,1.6331878156553186,1,20
n_models,rbf_unpaired,1.3965508444794144,1,20
n_models,rbf_combined,1.4124927759544161,1,20
n_models,rbf_paired,1.6777061430732354,2,20
n_models,rbf_unpaired,1.4956832398065323,2,20
n_models,rbf_combined,1.4984092192392586,2,20
n_models,rbf_paired,1.9932237986809143,3,20
n_models,rbf_unpaired,1.923749851895104,3,20
n_models,rbf_combined,1.8764494824549658,3,20
n_models,rbf_paired,1.6675766913959247,4,20
n_models,rbf_unpaired,1.6065206392267732,4,20
n_models,rbf_combined,1.5824767020135189,4,20
n_models,rbf_paired,1.5903259969854269,5,20
n_models,rbf_unpaired,1.489679991675727,5,20
n_models,rbf_combined,1.4857563910312843,5,20
n_models,rbf_paired,1.955663351432519,6,20
n_models,rbf_unpaired,1.9425586201108342,6,20
n_models,rbf_combined,1.8752408385103374,6,20
n_models,rbf_paired,1.265710890896219,7,20
n_models,rbf_unpaired,1.2782003022550514,7,20
n_models,rbf_combined,1.2075028923440536,7,20
n_models,rbf_paired,1.845868096407896,8,20
n_models,rbf_unpaired,1.7542041075042707,8,20
n_models,rbf_combined,1.6838317618994438,8,20
n_models,rbf_paired,1.7403222165357053,9,20
n_models,rbf_unpaired,1.6882414174637463,9,20
n_models,rbf_combined,1.6332528454290745,9,20
n_models,rbf_paired,1.5607033387987588,10,20
n_models,rbf_unpaired,1.4672703759927073,10,20
n_models,rbf_combined,1.4829263835427993,10,20
n_models,rbf_paired,1.4954815244314366,11,20
n_models,rbf_unpaired,1.3748917219879784,11,20
n_models,rbf_combined,1.3656119140975025,11,20
n_models,rbf_paired,1.480534639127828,12,20
n_models,rbf_unpaired,1.4081319900482148,12,20
n_models,rbf_combined,1.3872548563781926,12,20
n_models,rbf_paired,2.2263289058289986,13,20
n_models,rbf_unpaired,2.250893244263485,13,20
n_models,rbf_combined,2.1519126712943764,13,20
n_models,rbf_paired,1.8112673469728142,14,20
n_models,rbf_unpaired,1.7346323798638243,14,20
n_models,rbf_combined,1.67085362961022,14,20
n_models,rbf_paired,1.698751994427409,15,20
n_models,rbf_unpaired,1.720358445185876,15,20
n_models,rbf_combined,1.6596947475472272,15,20
n_models,rbf_paired,1.8119104905748324,16,20
n_models,rbf_unpaired,1.78405381156927,16,20
n_models,rbf_combined,1.7450528115488575,16,20
n_models,rbf_paired,2.3722969189672765,17,20
n_models,rbf_unpaired,2.2285418615817907,17,20
n_models,rbf_combined,2.1920571856354414,17,20
n_models,rbf_paired,1.6603502524858782,18,20
n_models,rbf_unpaired,1.6757376124584866,18,20
n_models,rbf_combined,1.591456393324398,18,20
n_models,rbf_paired,1.6625286635917544,19,20
n_models,rbf_unpaired,1.7044391740945175,19,20
n_models,rbf_combined,1.6242703538826646,19,20
n_models,rbf_paired,2.036049999271149,20,20
n_models,rbf_unpaired,2.0534943845367337,20,20
n_models,rbf_combined,1.9871486176966882,20,20
n_models,rbf_paired,1.483022252571622,21,20
n_models,rbf_unpaired,1.4792913776473235,21,20
n_models,rbf_combined,1.4211978654630393,21,20
n_models,rbf_paired,1.9243439435372924,22,20
n_models,rbf_unpaired,1.7095416972436723,22,20
n_models,rbf_combined,1.6692757662185882,22,20
n_models,rbf_paired,1.8707057830069076,23,20
n_models,rbf_unpaired,1.792871334657554,23,20
n_models,rbf_combined,1.7787915721657037,23,20
n_models,rbf_paired,1.8742313844248473,24,20
n_models,rbf_unpaired,1.7884769740730897,24,20
n_models,rbf_combined,1.8072544367154795,24,20
n_models,rbf_paired,1.7198672883495478,25,20
n_models,rbf_unpaired,1.7605828693769303,25,20
n_models,rbf_combined,1.6719665797605785,25,20
n_models,rbf_paired,2.1985858106061147,26,20
n_models,rbf_unpaired,2.1977911039739997,26,20
n_models,rbf_combined,2.0637965649852648,26,20
n_models,rbf_paired,1.724499690740753,27,20
n_models,rbf_unpaired,1.6965022469674418,27,20
n_models,rbf_combined,1.6151969649342592,27,20
n_models,rbf_paired,1.6761265665793987,28,20
n_models,rbf_unpaired,1.5950894024242308,28,20
n_models,rbf_combined,1.580655123910256,28,20
n_models,rbf_paired,2.0005633345383655,29,20
n_models,rbf_unpaired,1.7797315483534955,29,20
n_models,rbf_combined,1.7267083203760072,29,20
n_models,rbf_paired,1.9032907321566708,30,20
n_models,rbf_unpaired,1.8548410964374673,30,20
n_models,rbf_combined,1.7695082603256997,30,20
n_models,rbf_paired,1.5536495983740688,31,20
n_models,rbf_unpaired,1.3471679548700048,31,20
n_models,rbf_combined,1.3189400401586462,31,20
n_models,rbf_paired,1.6767523176845303,32,20
n_models,rbf_unpaired,1.6108279556613436,32,20
n_models,rbf_combined,1.5633267221522342,32,20
n_models,rbf_paired,1.534296944979666,33,20
n_models,rbf_unpaired,1.5517332110548945,33,20
n_models,rbf_combined,1.4533042740035913,33,20
n_models,rbf_paired,1.7191103199171296,34,20
n_models,rbf_unpaired,1.7564549650682055,34,20
n_models,rbf_combined,1.7020706466915032,34,20
n_models,rbf_paired,1.9924027184172246,35,20
n_models,rbf_unpaired,1.8913594711004706,35,20
n_models,rbf_combined,1.8020963195792055,35,20
n_models,rbf_paired,1.7202621388545463,36,20
n_models,rbf_unpaired,1.560689769528759,36,20
n_models,rbf_combined,1.5182954146123124,36,20
n_models,rbf_paired,1.6236128934051155,37,20
n_models,rbf_unpaired,1.5797916080857333,37,20
n_models,rbf_combined,1.546218031189241,37,20
n_models,rbf_paired,1.5823563623923373,38,20
n_models,rbf_unpaired,1.581198103480436,38,20
n_models,rbf_combined,1.560606444673016,38,20
n_models,rbf_paired,1.266243400291694,39,20
n_models,rbf_unpaired,1.1775565560824695,39,20
n_models,rbf_combined,1.159614412596992,39,20
n_models,rbf_paired,1.7851636630930896,40,20
n_models,rbf_unpaired,1.6801413362438025,40,20
n_models,rbf_combined,1.6301995444132467,40,20
n_models,rbf_paired,1.57971123070507,41,20
n_models,rbf_unpaired,1.5891765696983025,41,20
n_models,rbf_combined,1.5262156006411987,41,20
n_models,rbf_paired,1.3173804453472484,42,20
n_models,rbf_unpaired,1.2718532333354107,42,20
n_models,rbf_combined,1.2711867475877507,42,20
n_models,rbf_paired,1.9821975915296686,43,20
n_models,rbf_unpaired,1.9157468882790618,43,20
n_models,rbf_combined,1.870097885133311,43,20
n_models,rbf_paired,1.8457029686886672,44,20
n_models,rbf_unpaired,1.802095845455614,44,20
n_models,rbf_combined,1.7686833496420378,44,20
n_models,rbf_paired,1.5660216307203354,45,20
n_models,rbf_unpaired,1.5246173254123478,45,20
n_models,rbf_combined,1.5008899334474295,45,20
n_models,rbf_paired,1.6270843698113495,46,20
n_models,rbf_unpaired,1.7178270679279575,46,20
n_models,rbf_combined,1.5560285927525102,46,20
n_models,rbf_paired,1.6320803643554906,47,20
n_models,rbf_unpaired,1.5445600921104092,47,20
n_models,rbf_combined,1.4385646775457737,47,20
n_models,rbf_paired,1.5550839014351838,48,20
n_models,rbf_unpaired,1.4191793676486033,48,20
n_models,rbf_combined,1.407503330243495,48,20
n_models,rbf_paired,1.6328017208959265,49,20
n_models,rbf_unpaired,1.5957158249369692,49,20
n_models,rbf_combined,1.5677384854262286,49,20
n_models,rbf_paired,1.5767264207065095,0,50
n_models,rbf_unpaired,1.251968732432762,0,50
n_models,rbf_combined,1.191476298546935,0,50
n_models,rbf_paired,1.4255799818411983,1,50
n_models,rbf_unpaired,1.0291067318718796,1,50
n_models,rbf_combined,0.9898842318668322,1,50
n_models,rbf_paired,1.7519409131217034,2,50
n_models,rbf_unpaired,1.5849826160132674,2,50
n_models,rbf_combined,1.4305548465269828,2,50
n_models,rbf_paired,1.7207047720140194,3,50
n_models,rbf_unpaired,1.4208555506975107,3,50
n_models,rbf_combined,1.260444277654874,3,50
n_models,rbf_paired,1.6409028065249405,4,50
n_models,rbf_unpaired,1.423643521546206,4,50
n_models,rbf_combined,1.3496016536584745,4,50
n_models,rbf_paired,1.5520052979340013,5,50
n_models,rbf_unpaired,1.4387088939724963,5,50
n_models,rbf_combined,1.2563633136084134,5,50
n_models,rbf_paired,1.6717452376368143,6,50
n_models,rbf_unpaired,1.4461206206230763,6,50
n_models,rbf_combined,1.3867585970634249,6,50
n_models,rbf_paired,1.3752086241180206,7,50
n_models,rbf_unpaired,1.0902843362359473,7,50
n_models,rbf_combined,1.0117915622786129,7,50
n_models,rbf_paired,1.7455720088181452,8,50
n_models,rbf_unpaired,1.701308018340416,8,50
n_models,rbf_combined,1.5049997758261473,8,50
n_models,rbf_paired,1.7929830872210033,9,50
n_models,rbf_unpaired,1.4258709940182352,9,50
n_models,rbf_combined,1.3504279645392643,9,50
n_models,rbf_paired,1.429817839703284,10,50
n_models,rbf_unpaired,1.3502731668314165,10,50
n_models,rbf_combined,1.2656543060718317,10,50
n_models,rbf_paired,1.5260228521360448,11,50
n_models,rbf_unpaired,1.3524928617359848,11,50
n_models,rbf_combined,1.2501963185443212,11,50
n_models,rbf_paired,1.6741150650645054,12,50
n_models,rbf_unpaired,1.35845489891042,12,50
n_models,rbf_combined,1.2986344386637951,12,50
n_models,rbf_paired,1.8940494548163567,13,50
n_models,rbf_unpaired,1.6193373285048265,13,50
n_models,rbf_combined,1.4931111304072813,13,50
n_models,rbf_paired,1.611467654854704,14,50
n_models,rbf_unpaired,1.261553682121128,14,50
n_models,rbf_combined,1.1440998083388925,14,50
n_models,rbf_paired,1.4892479242405359,15,50
n_models,rbf_unpaired,1.3850697704286892,15,50
n_models,rbf_combined,1.2126658743706227,15,50
n_models,rbf_paired,1.6325781348502537,16,50
n_models,rbf_unpaired,1.6271798342636299,16,50
n_models,rbf_combined,1.3924929374603598,16,50
n_models,rbf_paired,1.5406701425534128,17,50
n_models,rbf_unpaired,1.2952039215550322,17,50
n_models,rbf_combined,1.2387434919208884,17,50
n_models,rbf_paired,1.9354915222510767,18,50
n_models,rbf_unpaired,1.6788777218258193,18,50
n_models,rbf_combined,1.4664889671598202,18,50
n_models,rbf_paired,1.5375133581873757,19,50
n_models,rbf_unpaired,1.4280414001708115,19,50
n_models,rbf_combined,1.3111703722679735,19,50
n_models,rbf_paired,1.6312223479666599,20,50
n_models,rbf_unpaired,1.297994840668397,20,50
n_models,rbf_combined,1.2196011635099944,20,50
n_models,rbf_paired,1.1873296239878661,21,50
n_models,rbf_unpaired,1.0744194781263219,21,50
n_models,rbf_combined,0.971754228076459,21,50
n_models,rbf_paired,1.790815873527578,22,50
n_models,rbf_unpaired,1.5420976263703097,22,50
n_models,rbf_combined,1.384940706398621,22,50
n_models,rbf_paired,1.8369812630968547,23,50
n_models,rbf_unpaired,1.4394266788339178,23,50
n_models,rbf_combined,1.3409688827368162,23,50
n_models,rbf_paired,1.6573868542883388,24,50
n_models,rbf_unpaired,1.5990120513411228,24,50
n_models,rbf_combined,1.3266873322201387,24,50
n_models,rbf_paired,1.587170096808162,25,50
n_models,rbf_unpaired,1.439559545563747,25,50
n_models,rbf_combined,1.2294811497762093,25,50
n_models,rbf_paired,1.5526035549619037,26,50
n_models,rbf_unpaired,1.3728393885652206,26,50
n_models,rbf_combined,1.2757577901259787,26,50
n_models,rbf_paired,1.6839701378222067,27,50
n_models,rbf_unpaired,1.6372455331717115,27,50
n_models,rbf_combined,1.503838298134725,27,50
n_models,rbf_paired,1.7023653707401527,28,50
n_models,rbf_unpaired,1.453337408436079,28,50
n_models,rbf_combined,1.3009214251222307,28,50
n_models,rbf_paired,1.7830987047026088,29,50
n_models,rbf_unpaired,1.470034285254676,29,50
n_models,rbf_combined,1.3589238598869506,29,50
n_models,rbf_paired,1.6897123561192826,30,50
n_models,rbf_unpaired,1.5015203629409508,30,50
n_models,rbf_combined,1.3086993296268055,30,50
n_models,rbf_paired,1.4752418109526972,31,50
n_models,rbf_unpaired,1.2840226320196848,31,50
n_models,rbf_combined,1.1054092059857032,31,50
n_models,rbf_paired,1.7035983437728273,32,50
n_models,rbf_unpaired,1.5806023830462252,32,50
n_models,rbf_combined,1.447821639388349,32,50
n_models,rbf_paired,1.4769134963083808,33,50
n_models,rbf_unpaired,1.3087559167814367,33,50
n_models,rbf_combined,1.2023522146219967,33,50
n_models,rbf_paired,1.2679553300457662,34,50
n_models,rbf_unpaired,1.2235203072436365,34,50
n_models,rbf_combined,1.0322258817082635,34,50
n_models,rbf_paired,1.507113931573182,35,50
n_models,rbf_unpaired,1.3059263486920765,35,50
n_models,rbf_combined,1.1543323413252657,35,50
n_models,rbf_paired,1.5035401477857255,36,50
n_models,rbf_unpaired,1.210339815069047,36,50
n_models,rbf_combined,1.1414305525627673,36,50
n_models,rbf_paired,1.7053947825021054,37,50
n_models,rbf_unpaired,1.4579022145087837,37,50
n_models,rbf_combined,1.3355328849264663,37,50
n_models,rbf_paired,1.486965881708362,38,50
n_models,rbf_unpaired,1.3812802676420168,38,50
n_models,rbf_combined,1.2019160670133064,38,50
n_models,rbf_paired,1.453300193597931,39,50
n_models,rbf_unpaired,1.1079196315015238,39,50
n_models,rbf_combined,1.0573146507212714,39,50
n_models,rbf_paired,1.7597643433009864,40,50
n_models,rbf_unpaired,1.4745390563156904,40,50
n_models,rbf_combined,1.363334652514699,40,50
n_models,rbf_paired,1.4884340673834915,41,50
n_models,rbf_unpaired,1.376903501290577,41,50
n_models,rbf_combined,1.2244682357492633,41,50
n_models,rbf_paired,1.4216106255512033,42,50
n_models,rbf_unpaired,1.1947700499747025,42,50
n_models,rbf_combined,1.0596069240401977,42,50
n_models,rbf_paired,1.4829827287657935,43,50
n_models,rbf_unpaired,1.2999331022192242,43,50
n_models,rbf_combined,1.1632122457982736,43,50
n_models,rbf_paired,1.9288583833348416,44,50
n_models,rbf_unpaired,1.6922357042463012,44,50
n_models,rbf_combined,1.4286009065912835,44,50
n_models,rbf_paired,1.5332588915968228,45,50
n_models,rbf_unpaired,1.2689820262938913,45,50
n_models,rbf_combined,1.1835035454596765,45,50
n_models,rbf_paired,1.4628053072140417,46,50
n_models,rbf_unpaired,1.29491085950306,46,50
n_models,rbf_combined,1.1350287137870707,46,50
n_models,rbf_paired,1.6043731777925316,47,50
n_models,rbf_unpaired,1.4188275107841097,47,50
n_models,rbf_combined,1.2054643426257785,47,50
n_models,rbf_paired,1.6887772416199212,48,50
n_models,rbf_unpaired,1.5533226922591359,48,50
n_models,rbf_combined,1.4325380948013753,48,50
n_models,rbf_paired,1.4415395840511764,49,50
n_models,rbf_unpaired,1.4277444463633964,49,50
n_models,rbf_combined,1.2644349375979933,49,50
n_models,rbf_paired,1.563761867838416,0,100
n_models,rbf_unpaired,1.130465624394971,0,100
n_models,rbf_combined,1.056734149226513,0,100
n_models,rbf_paired,1.7014472024595453,1,100
n_models,rbf_unpaired,1.3996443440761683,1,100
n_models,rbf_combined,1.2156605664215037,1,100
n_models,rbf_paired,1.4787889387377597,2,100
n_models,rbf_unpaired,1.2375438611526821,2,100
n_models,rbf_combined,0.9867724691002476,2,100
n_models,rbf_paired,1.4963678078628062,3,100
n_models,rbf_unpaired,1.2877258137245993,3,100
n_models,rbf_combined,1.036537160426268,3,100
n_models,rbf_paired,1.5951832205458343,4,100
n_models,rbf_unpaired,1.2721301377110115,4,100
n_models,rbf_combined,1.0835408270982045,4,100
n_models,rbf_paired,1.5633842338755706,5,100
n_models,rbf_unpaired,1.202443970470612,5,100
n_models,rbf_combined,1.1392141059356269,5,100
n_models,rbf_paired,1.5408947156021013,6,100
n_models,rbf_unpaired,1.0322620606403783,6,100
n_models,rbf_combined,1.006659745381226,6,100
n_models,rbf_paired,1.1974499914939138,7,100
n_models,rbf_unpaired,0.9651106170472163,7,100
n_models,rbf_combined,0.8724050311037786,7,100
n_models,rbf_paired,1.6545901187526508,8,100
n_models,rbf_unpaired,1.3145200442033538,8,100
n_models,rbf_combined,1.1517870656707236,8,100
n_models,rbf_paired,1.6437717138793593,9,100
n_models,rbf_unpaired,1.189566982297059,9,100
n_models,rbf_combined,1.1394810738973584,9,100
n_models,rbf_paired,1.6721472325897817,10,100
n_models,rbf_unpaired,1.1597969593338249,10,100
n_models,rbf_combined,1.0803997529562728,10,100
n_models,rbf_paired,1.4793420351880606,11,100
n_models,rbf_unpaired,1.1587081465225828,11,100
n_models,rbf_combined,1.0587876062082797,11,100
n_models,rbf_paired,1.8039584242576756,12,100
n_models,rbf_unpaired,1.4323358219176874,12,100
n_models,rbf_combined,1.104505725578943,12,100
n_models,rbf_paired,1.900727332936023,13,100
n_models,rbf_unpaired,1.5788973174768635,13,100
n_models,rbf_combined,1.2553146874149663,13,100
n_models,rbf_paired,1.6768648729115514,14,100
n_models,rbf_unpaired,1.2387622024502123,14,100
n_models,rbf_combined,1.1210090763343985,14,100
n_models,rbf_paired,1.4502501471555216,15,100
n_models,rbf_unpaired,1.1129255683999577,15,100
n_models,rbf_combined,1.0613542507195772,15,100
n_models,rbf_paired,1.4516192086893032,16,100
n_models,rbf_unpaired,1.0633994191431655,16,100
n_models,rbf_combined,1.0146550590151866,16,100
n_models,rbf_paired,1.5852223299710115,17,100
n_models,rbf_unpaired,1.2613034266621204,17,100
n_models,rbf_combined,1.0364928200521188,17,100
n_models,rbf_paired,1.7330691274759291,18,100
n_models,rbf_unpaired,1.420535614523675,18,100
n_models,rbf_combined,1.3527617006192205,18,100
n_models,rbf_paired,1.6592033796147507,19,100
n_models,rbf_unpaired,1.2558298634849552,19,100
n_models,rbf_combined,1.1747169188906499,19,100
n_models,rbf_paired,1.5768197876981005,20,100
n_models,rbf_unpaired,1.2204408750457132,20,100
n_models,rbf_combined,1.1326896992965219,20,100
n_models,rbf_paired,1.634295599408244,21,100
n_models,rbf_unpaired,1.3164165378950798,21,100
n_models,rbf_combined,1.191143755371443,21,100
n_models,rbf_paired,1.6593304592191596,22,100
n_models,rbf_unpaired,1.4380666539728666,22,100
n_models,rbf_combined,1.1878973225287848,22,100
n_models,rbf_paired,1.763159093229603,23,100
n_models,rbf_unpaired,1.2064269588645145,23,100
n_models,rbf_combined,1.0809889782496709,23,100
n_models,rbf_paired,1.7054522307826334,24,100
n_models,rbf_unpaired,1.2751450027659201,24,100
n_models,rbf_combined,1.133430234500857,24,100
n_models,rbf_paired,1.7317621059525603,25,100
n_models,rbf_unpaired,1.3336425527998632,25,100
n_models,rbf_combined,1.2044847148783768,25,100
n_models,rbf_paired,1.6579819654040147,26,100
n_models,rbf_unpaired,1.3089655361424366,26,100
n_models,rbf_combined,1.1713280390310117,26,100
n_models,rbf_paired,1.5648801761479918,27,100
n_models,rbf_unpaired,1.1667821943521701,27,100
n_models,rbf_combined,1.0174219362977328,27,100
n_models,rbf_paired,1.6432895073957798,28,100
n_models,rbf_unpaired,1.1131560421146762,28,100
n_models,rbf_combined,0.9988957150373486,28,100
n_models,rbf_paired,1.3354621709098982,29,100
n_models,rbf_unpaired,1.1857438328496928,29,100
n_models,rbf_combined,1.05147423427513,29,100
n_models,rbf_paired,1.6877730447247616,30,100
n_models,rbf_unpaired,1.2316796491707094,30,100
n_models,rbf_combined,1.1364641304207799,30,100
n_models,rbf_paired,1.8498048736509998,31,100
n_models,rbf_unpaired,1.433635095993733,31,100
n_models,rbf_combined,1.1772455212646642,31,100
n_models,rbf_paired,1.4074379082370498,32,100
n_models,rbf_unpaired,1.1272213165748193,32,100
n_models,rbf_combined,0.9890292550506682,32,100
n_models,rbf_paired,1.7397018518185876,33,100
n_models,rbf_unpaired,1.4197877972539934,33,100
n_models,rbf_combined,1.133267194988232,33,100
n_models,rbf_paired,1.501350167769541,34,100
n_models,rbf_unpaired,1.239168942546282,34,100
n_models,rbf_combined,1.1882729354789079,34,100
n_models,rbf_paired,1.6061198030954087,35,100
n_models,rbf_unpaired,1.202969414810819,35,100
n_models,rbf_combined,1.0978416368884727,35,100
n_models,rbf_paired,1.4235868041802864,36,100
n_models,rbf_unpaired,0.9800269321972707,36,100
n_models,rbf_combined,0.90864302406449,36,100
n_models,rbf_paired,1.5401615820275207,37,100
n_models,rbf_unpaired,1.2157844161061635,37,100
n_models,rbf_combined,1.040122457452237,37,100
n_models,rbf_paired,1.3937930579226963,38,100
n_models,rbf_unpaired,1.1065079888226699,38,100
n_models,rbf_combined,0.955988777760511,38,100
n_models,rbf_paired,1.6833101912954778,39,100
n_models,rbf_unpaired,1.2356909493346901,39,100
n_models,rbf_combined,1.1293895708931205,39,100
n_models,rbf_paired,1.7609077912382594,40,100
n_models,rbf_unpaired,1.2642036906204128,40,100
n_models,rbf_combined,1.1628352225594836,40,100
n_models,rbf_paired,1.7974833084685964,41,100
n_models,rbf_unpaired,1.368406454581613,41,100
n_models,rbf_combined,1.2531674716560113,41,100
n_models,rbf_paired,1.599618254705571,42,100
n_models,rbf_unpaired,1.2404436962876342,42,100
n_models,rbf_combined,1.1390448114397287,42,100
n_models,rbf_paired,1.525492980979506,43,100
n_models,rbf_unpaired,1.2508986480291553,43,100
n_models,rbf_combined,1.0546741994353543,43,100
n_models,rbf_paired,1.7219542552075997,44,100
n_models,rbf_unpaired,1.246781685672327,44,100
n_models,rbf_combined,1.1089433913094464,44,100
n_models,rbf_paired,1.9201980160750152,45,100
n_models,rbf_unpaired,1.5746910843395274,45,100
n_models,rbf_combined,1.4240299659738433,45,100
n_models,rbf_paired,1.5379408301457627,46,100
n_models,rbf_unpaired,1.1525350168769082,46,100
n_models,rbf_combined,1.107478982932987,46,100
n_models,rbf_paired,1.3606241682696574,47,100
n_models,rbf_unpaired,1.1707178286978792,47,100
n_models,rbf_combined,1.0002924234171402,47,100
n_models,rbf_paired,1.6763860225948561,48,100
n_models,rbf_unpaired,1.3869999710580665,48,100
n_models,rbf_combined,1.1682807407330194,48,100
n_models,rbf_paired,1.5638722054872503,49,100
n_models,rbf_unpaired,1.1822749982037646,49,100
n_models,rbf_combined,1.0498100137093627,49,100
n_models,rbf_paired,1.824099025877659,0,120
n_models,rbf_unpaired,1.8396294579619408,0,120
n_models,rbf_combined,1.8490268538647106,0,120
n_models,rbf_paired,1.8548943137536131,1,120
n_models,rbf_unpaired,1.8850266846041648,1,120
n_models,rbf_combined,1.8529730311697072,1,120
n_models,rbf_paired,1.797334399168833,2,120
n_models,rbf_unpaired,1.7794364173911903,2,120
n_models,rbf_combined,1.7971203744340432,2,120
n_models,rbf_paired,1.9826894830402588,3,120
n_models,rbf_unpaired,1.930261729302925,3,120
n_models,rbf_combined,1.9384467166639532,3,120
n_models,rbf_paired,1.9376539840406943,4,120
n_models,rbf_unpaired,1.9541028189239524,4,120
n_models,rbf_combined,1.9113729502396821,4,120
n_models,rbf_paired,2.0420454447652956,5,120
n_models,rbf_unpaired,2.0335289123300004,5,120
n_models,rbf_combined,2.048799513755092,5,120
n_models,rbf_paired,1.5970256300584527,6,120
n_models,rbf_unpaired,1.580873641606071,6,120
n_models,rbf_combined,1.5790330563237847,6,120
n_models,rbf_paired,1.6911067829404127,7,120
n_models,rbf_unpaired,1.6149513230473604,7,120
n_models,rbf_combined,1.6396905741674384,7,120
n_models,rbf_paired,2.0346579721247178,8,120
n_models,rbf_unpaired,2.0390313395095943,8,120
n_models,rbf_combined,1.9967225565575475,8,120
n_models,rbf_paired,1.8515650815478315,9,120
n_models,rbf_unpaired,1.7985370080514826,9,120
n_models,rbf_combined,1.790109654316485,9,120
n_models,rbf_paired,1.7353243828060345,10,120
n_models,rbf_unpaired,1.7434282768818938,10,120
n_models,rbf_combined,1.7525225150866242,10,120
n_models,rbf_paired,2.0356370212295105,11,120
n_models,rbf_unpaired,2.048565037388697,11,120
n_models,rbf_combined,2.0256841940020176,11,120
n_models,rbf_paired,1.8377750971178959,12,120
n_models,rbf_unpaired,1.7982706071221428,12,120
n_models,rbf_combined,1.8285205380165743,12,120
n_models,rbf_paired,1.7428022555426097,13,120
n_models,rbf_unpaired,1.7601294028488834,13,120
n_models,rbf_combined,1.7372352697148168,13,120
n_models,rbf_paired,2.063732177547499,14,120
n_models,rbf_unpaired,2.063768918934471,14,120
n_models,rbf_combined,2.0582974117437915,14,120
n_models,rbf_paired,1.8130922613924418,15,120
n_models,rbf_unpaired,1.8360834433803739,15,120
n_models,rbf_combined,1.8180487892594934,15,120
n_models,rbf_paired,1.669775007024916,16,120
n_models,rbf_unpaired,1.6907743253737446,16,120
n_models,rbf_combined,1.6732382953281468,16,120
n_models,rbf_paired,1.5246150264367848,17,120
n_models,rbf_unpaired,1.5047101290259874,17,120
n_models,rbf_combined,1.5153035173690128,17,120
n_models,rbf_paired,1.7877532929227133,18,120
n_models,rbf_unpaired,1.7364531257917855,18,120
n_models,rbf_combined,1.7496030748814417,18,120
n_models,rbf_paired,1.6969928352993755,19,120
n_models,rbf_unpaired,1.760054488837678,19,120
n_models,rbf_combined,1.7477719441897501,19,120
n_models,rbf_paired,1.9271280484728497,20,120
n_models,rbf_unpaired,1.950052657729009,20,120
n_models,rbf_combined,1.9320648495813464,20,120
n_models,rbf_paired,1.8194776136669455,21,120
n_models,rbf_unpaired,1.8175859244755643,21,120
n_models,rbf_combined,1.8158263927371185,21,120
n_models,rbf_paired,1.9854139685109233,22,120
n_models,rbf_unpaired,2.0073623038609343,22,120
n_models,rbf_combined,2.0226868770380686,22,120
n_models,rbf_paired,2.1155115634902306,23,120
n_models,rbf_unpaired,2.0960591217412237,23,120
n_models,rbf_combined,2.0581127347966843,23,120
n_models,rbf_paired,1.8533042477198054,24,120
n_models,rbf_unpaired,1.811754446014691,24,120
n_models,rbf_combined,1.7793441193820565,24,120
n_models,rbf_paired,1.905536398932227,25,120
n_models,rbf_unpaired,1.9471150202452137,25,120
n_models,rbf_combined,1.9635801004006301,25,120
n_models,rbf_paired,2.218940504583924,26,120
n_models,rbf_unpaired,2.2343550390148517,26,120
n_models,rbf_combined,2.2048931791562736,26,120
n_models,rbf_paired,2.104985963967268,27,120
n_models,rbf_unpaired,2.0945548096394124,27,120
n_models,rbf_combined,2.04572679526553,27,120
n_models,rbf_paired,2.104824368607255,28,120
n_models,rbf_unpaired,2.0560789261091865,28,120
n_models,rbf_combined,2.069611022041239,28,120
n_models,rbf_paired,1.9175807969163676,29,120
n_models,rbf_unpaired,1.9378562854665458,29,120
n_models,rbf_combined,1.945529025019502,29,120
n_models,rbf_paired,1.8691791997129308,30,120
n_models,rbf_unpaired,1.8353417187371464,30,120
n_models,rbf_combined,1.819220892965303,30,120
n_models,rbf_paired,1.897789728810012,31,120
n_models,rbf_unpaired,1.8842933240617612,31,120
n_models,rbf_combined,1.856484316132918,31,120
n_models,rbf_paired,1.8294500029283998,32,120
n_models,rbf_unpaired,1.8054666165010052,32,120
n_models,rbf_combined,1.827371584518013,32,120
n_models,rbf_paired,2.0919418965804186,33,120
n_models,rbf_unpaired,2.1240468389577933,33,120
n_models,rbf_combined,2.1568753374824534,33,120
n_models,rbf_paired,1.7292048648406546,34,120
n_models,rbf_unpaired,1.7326656200404902,34,120
n_models,rbf_combined,1.7341672943742221,34,120
n_models,rbf_paired,1.6602477910763918,35,120
n_models,rbf_unpaired,1.6752784521738837,35,120
n_models,rbf_combined,1.6531867630762302,35,120
n_models,rbf_paired,1.7069370447344292,36,120
n_models,rbf_unpaired,1.66698052011345,36,120
n_models,rbf_combined,1.670927493035508,36,120
n_models,rbf_paired,1.860553121141087,37,120
n_models,rbf_unpaired,1.8788449030713315,37,120
n_models,rbf_combined,1.8614713520450026,37,120
n_models,rbf_paired,1.6189657454286288,38,120
n_models,rbf_unpaired,1.5933152946017362,38,120
n_models,rbf_combined,1.5776409257379846,38,120
n_models,rbf_paired,1.8836106505794041,39,120
n_models,rbf_unpaired,1.8638018366255664,39,120
n_models,rbf_combined,1.8486809543715217,39,120
n_models,rbf_paired,2.052395349145066,40,120
n_models,rbf_unpaired,2.071847090363858,40,120
n_models,rbf_combined,2.039483799629119,40,120
n_models,rbf_paired,1.8731709955181646,41,120
n_models,rbf_unpaired,1.8840159491988344,41,120
n_models,rbf_combined,1.8488856240914697,41,120
n_models,rbf_paired,1.8741669654514395,42,120
n_models,rbf_unpaired,1.8991367442718479,42,120
n_models,rbf_combined,1.8933507468420803,42,120
n_models,rbf_paired,1.9059750076000646,43,120
n_models,rbf_unpaired,1.9291286444231488,43,120
n_models,rbf_combined,1.9673416555918788,43,120
n_models,rbf_paired,1.9546270670571835,44,120
n_models,rbf_unpaired,1.987055507115699,44,120
n_models,rbf_combined,1.9606151477696128,44,120
n_models,rbf_paired,1.993557947313492,45,120
n_models,rbf_unpaired,2.040161653337331,45,120
n_models,rbf_combined,2.0077561717709407,45,120
n_models,rbf_paired,2.019954726585193,46,120
n_models,rbf_unpaired,1.961467265070298,46,120
n_models,rbf_combined,1.9708937110068045,46,120
n_models,rbf_paired,1.705072594330031,47,120
n_models,rbf_unpaired,1.8139785253285006,47,120
n_models,rbf_combined,1.7649985823672656,47,120
n_models,rbf_paired,1.794178632125499,48,120
n_models,rbf_unpaired,1.7468683909192684,48,120
n_models,rbf_combined,1.7351144788833406,48,120
n_models,rbf_paired,2.0502124748047383,49,120
n_models,rbf_unpaired,2.0010283111934264,49,120
n_models,rbf_combined,2.012060727722353,49,120
n_models,rbf_paired,1.707614694418531,0,150
n_models,rbf_unpaired,1.6904524194078447,0,150
n_models,rbf_combined,1.670627356295661,0,150
n_models,rbf_paired,1.8142479743945212,1,150
n_models,rbf_unpaired,1.7874690837091847,1,150
n_models,rbf_combined,1.8012552438455003,1,150
n_models,rbf_paired,1.863866973469949,2,150
n_models,rbf_unpaired,1.8929951137500567,2,150
n_models,rbf_combined,1.8861009809683698,2,150
n_models,rbf_paired,1.9930922904858284,3,150
n_models,rbf_unpaired,1.9685788562447213,3,150
n_models,rbf_combined,1.9788140879498435,3,150
n_models,rbf_paired,1.9344517044732072,4,150
n_models,rbf_unpaired,1.942328474260837,4,150
n_models,rbf_combined,1.9127476960628738,4,150
n_models,rbf_paired,1.9288963986799825,5,150
n_models,rbf_unpaired,1.84295772449704,5,150
n_models,rbf_combined,1.8324352470185352,5,150
n_models,rbf_paired,2.0303405984848184,6,150
n_models,rbf_unpaired,2.0164192863524297,6,150
n_models,rbf_combined,2.0169895417349744,6,150
n_models,rbf_paired,1.6663247012922076,7,150
n_models,rbf_unpaired,1.624326656136107,7,150
n_models,rbf_combined,1.6360343477668604,7,150
n_models,rbf_paired,2.1562586324597,8,150
n_models,rbf_unpaired,2.166252105053365,8,150
n_models,rbf_combined,2.1535505811796667,8,150
n_models,rbf_paired,1.6459893123842744,9,150
n_models,rbf_unpaired,1.6443994056458686,9,150
n_models,rbf_combined,1.6404060637906892,9,150
n_models,rbf_paired,1.9619047409380812,10,150
n_models,rbf_unpaired,1.949571988043521,10,150
n_models,rbf_combined,1.9451405331999754,10,150
n_models,rbf_paired,2.0212819572394642,11,150
n_models,rbf_unpaired,2.040889226106971,11,150
n_models,rbf_combined,2.010907657205352,11,150
n_models,rbf_paired,1.6901344352798189,12,150
n_models,rbf_unpaired,1.7307801103593274,12,150
n_models,rbf_combined,1.7285742143383873,12,150
n_models,rbf_paired,1.983082248006908,13,150
n_models,rbf_unpaired,2.0001655704774146,13,150
n_models,rbf_combined,1.9610015769313724,13,150
n_models,rbf_paired,1.9371246840760687,14,150
n_models,rbf_unpaired,1.9566965602520179,14,150
n_models,rbf_combined,1.9637851459338633,14,150
n_models,rbf_paired,1.6865019919562387,15,150
n_models,rbf_unpaired,1.6637618820371505,15,150
n_models,rbf_combined,1.6828954397007339,15,150
n_models,rbf_paired,1.8327041901756131,16,150
n_models,rbf_unpaired,1.8177874282976054,16,150
n_models,rbf_combined,1.8489120070585998,16,150
n_models,rbf_paired,1.9087406961151043,17,150
n_models,rbf_unpaired,1.88939454642336,17,150
n_models,rbf_combined,1.9279610567516414,17,150
n_models,rbf_paired,1.8106243789171395,18,150
n_models,rbf_unpaired,1.8149570689127372,18,150
n_models,rbf_combined,1.8009822991535898,18,150
n_models,rbf_paired,1.8328533393359607,19,150
n_models,rbf_unpaired,1.8085266801391016,19,150
n_models,rbf_combined,1.8172003224534157,19,150
n_models,rbf_paired,1.950982255655367,20,150
n_models,rbf_unpaired,1.9880136058040783,20,150
n_models,rbf_combined,1.9610768872741358,20,150
n_models,rbf_paired,1.8404049688697768,21,150
n_models,rbf_unpaired,1.8358683418108335,21,150
n_models,rbf_combined,1.8361144704991885,21,150
n_models,rbf_paired,1.8552300795635486,22,150
n_models,rbf_unpaired,1.8395468775254886,22,150
n_models,rbf_combined,1.8825719210035345,22,150
n_models,rbf_paired,1.7662048374438482,23,150
n_models,rbf_unpaired,1.7567000905340067,23,150
n_models,rbf_combined,1.7420839907318901,23,150
n_models,rbf_paired,1.922958517410821,24,150
n_models,rbf_unpaired,1.9135426053611801,24,150
n_models,rbf_combined,1.8727530207759568,24,150
n_models,rbf_paired,1.7183777995422411,25,150
n_models,rbf_unpaired,1.7614501450801894,25,150
n_models,rbf_combined,1.7770278345428079,25,150
n_models,rbf_paired,1.935230501858941,26,150
n_models,rbf_unpaired,1.910757614624623,26,150
n_models,rbf_combined,1.8976637469224167,26,150
n_models,rbf_paired,1.6063664089777039,27,150
n_models,rbf_unpaired,1.607826534281739,27,150
n_models,rbf_combined,1.615742212546972,27,150
n_models,rbf_paired,1.703948807635855,28,150
n_models,rbf_unpaired,1.6901802457203643,28,150
n_models,rbf_combined,1.6996918866467425,28,150
n_models,rbf_paired,1.64344621579116,29,150
n_models,rbf_unpaired,1.5959090848188737,29,150
n_models,rbf_combined,1.6143975511832152,29,150
n_models,rbf_paired,1.782473974009346,30,150
n_models,rbf_unpaired,1.7737933811944817,30,150
n_models,rbf_combined,1.7700913628308317,30,150
n_models,rbf_paired,2.080759701476562,31,150
n_models,rbf_unpaired,2.100208420988836,31,150
n_models,rbf_combined,2.07603714742414,31,150
n_models,rbf_paired,1.9046851089821824,32,150
n_models,rbf_unpaired,1.9199959045482795,32,150
n_models,rbf_combined,1.8973904391896945,32,150
n_models,rbf_paired,1.6847754100178416,33,150
n_models,rbf_unpaired,1.7160971984612112,33,150
n_models,rbf_combined,1.7123064210808854,33,150
n_models,rbf_paired,1.549617046577318,34,150
n_models,rbf_unpaired,1.5324135655842366,34,150
n_models,rbf_combined,1.5433287200950065,34,150
n_models,rbf_paired,1.7418185881951056,35,150
n_models,rbf_unpaired,1.692242043725866,35,150
n_models,rbf_combined,1.7359445686888253,35,150
n_models,rbf_paired,1.8002594756936816,36,150
n_models,rbf_unpaired,1.7811218338187043,36,150
n_models,rbf_combined,1.7878604833125693,36,150
n_models,rbf_paired,1.9670486781954815,37,150
n_models,rbf_unpaired,1.9626076885013812,37,150
n_models,rbf_combined,1.9640423348209108,37,150
n_models,rbf_paired,1.7198354345327067,38,150
n_models,rbf_unpaired,1.6999418112066536,38,150
n_models,rbf_combined,1.701307506111566,38,150
n_models,rbf_paired,1.841454378873071,39,150
n_models,rbf_unpaired,1.807732673633969,39,150
n_models,rbf_combined,1.8074556970084454,39,150
n_models,rbf_paired,1.8888033708480882,40,150
n_models,rbf_unpaired,1.8469716252120738,40,150
n_models,rbf_combined,1.8739144202894809,40,150
n_models,rbf_paired,1.927714976015798,41,150
n_models,rbf_unpaired,1.9637902654975279,41,150
n_models,rbf_combined,1.9777596434708649,41,150
n_models,rbf_paired,1.8835891812089174,42,150
n_models,rbf_unpaired,1.870549252351266,42,150
n_models,rbf_combined,1.8594908476556489,42,150
n_models,rbf_paired,1.800469592825972,43,150
n_models,rbf_unpaired,1.7812084825931869,43,150
n_models,rbf_combined,1.8082167455870095,43,150
n_models,rbf_paired,2.007849351103433,44,150
n_models,rbf_unpaired,2.053759480508891,44,150
n_models,rbf_combined,2.0245361872610594,44,150
n_models,rbf_paired,1.972655661753793,45,150
n_models,rbf_unpaired,2.028572918989483,45,150
n_models,rbf_combined,2.042102915629689,45,150
n_models,rbf_paired,1.9549571575166422,46,150
n_models,rbf_unpaired,1.914040224318503,46,150
n_models,rbf_combined,1.8899448335339424,46,150
n_models,rbf_paired,1.6737245254136095,47,150
n_models,rbf_unpaired,1.6165209392370763,47,150
n_models,rbf_combined,1.6187849860027979,47,150
n_models,rbf_paired,1.899625421399439,48,150
n_models,rbf_unpaired,1.88782840223147,48,150
n_models,rbf_combined,1.8982977975314934,48,150
n_models,rbf_paired,1.7462679522255087,49,150
n_models,rbf_unpaired,1.7628413474304794,49,150
n_models,rbf_combined,1.7640314847019147,49,150
