experiment,estimator,seed,response_noise,n_queries_per_task,mae
noise_x_queries,nq=3,0,0.1,3,1.0816528811140305
noise_x_queries,nq=3,1,0.1,3,1.1969448571671295
noise_x_queries,nq=3,2,0.1,3,0.9778578031714372
noise_x_queries,nq=3,3,0.1,3,1.0417775216048382
noise_x_queries,nq=3,4,0.1,3,1.0969258327077482
noise_x_queries,nq=3,5,0.1,3,1.1400461800984214
noise_x_queries,nq=3,6,0.1,3,1.0199191630793376
noise_x_queries,nq=3,7,0.1,3,0.8942002798033502
noise_x_queries,nq=3,8,0.1,3,1.1362832554016407
noise_x_queries,nq=3,9,0.1,3,1.1439463022017533
noise_x_queries,nq=3,10,0.1,3,1.0966298922098674
noise_x_queries,nq=3,11,0.1,3,1.0817354378247066
noise_x_queries,nq=3,12,0.1,3,1.1128369675070149
noise_x_queries,nq=3,13,0.1,3,1.2571219019178552
noise_x_queries,nq=3,14,0.1,3,1.1232563496674066
noise_x_queries,nq=3,15,0.1,3,1.0434158054642064
noise_x_queries,nq=3,16,0.1,3,0.9912994546580137
noise_x_queries,nq=3,17,0.1,3,1.0444805708065628
noise_x_queries,nq=3,18,0.1,3,1.3379896785019878
noise_x_queries,nq=3,19,0.1,3,1.1790037757188176
noise_x_queries,nq=3,20,0.1,3,1.1124462064333862
noise_x_queries,nq=3,21,0.1,3,1.2164249349310685
noise_x_queries,nq=3,22,0.1,3,1.2020700629644843
noise_x_queries,nq=3,23,0.1,3,1.0711870899361848
noise_x_queries,nq=3,24,0.1,3,1.1498141619383904
noise_x_queries,nq=3,25,0.1,3,1.2196279637896126
noise_x_queries,nq=3,26,0.1,3,1.1546245978926677
noise_x_queries,nq=3,27,0.1,3,1.0264271324309335
noise_x_queries,nq=3,28,0.1,3,1.0016104036446027
noise_x_queries,nq=3,29,0.1,3,1.0805388346720002
noise_x_queries,nq=3,30,0.1,3,1.1165709488341384
noise_x_queries,nq=3,31,0.1,3,1.1733227112655091
noise_x_queries,nq=3,32,0.1,3,0.9903843845794197
noise_x_queries,nq=3,33,0.1,3,1.1413689789370427
noise_x_queries,nq=3,34,0.1,3,1.1928937919426945
noise_x_queries,nq=3,35,0.1,3,1.0838438885265815
noise_x_queries,nq=3,36,0.1,3,0.9175466444604629
noise_x_queries,nq=3,37,0.1,3,1.0476306014936965
noise_x_queries,nq=3,38,0.1,3,0.9482666367913076
noise_x_queries,nq=3,39,0.1,3,1.1095476691977477
noise_x_queries,nq=3,40,0.1,3,1.1449262130144096
noise_x_queries,nq=3,41,0.1,3,1.2626819046062916
noise_x_queries,nq=3,42,0.1,3,1.1487391623905265
noise_x_queries,nq=3,43,0.1,3,1.0670301516881064
noise_x_queries,nq=3,44,0.1,3,1.0843669474394624
noise_x_queries,nq=3,45,0.1,3,1.3793022831634745
noise_x_queries,nq=3,46,0.1,3,1.1125093866117357
noise_x_queries,nq=3,47,0.1,3,0.9988747677534391
noise_x_queries,nq=3,48,0.1,3,1.1665680018722853
noise_x_queries,nq=3,49,0.1,3,1.025926904118742
noise_x_queries,nq=10,0,0.1,10,1.0566701087398338
noise_x_queries,nq=10,1,0.1,10,1.2072600328695147
noise_x_queries,nq=10,2,0.1,10,0.9771484460273785
noise_x_queries,nq=10,3,0.1,10,1.0394121578913613
noise_x_queries,nq=10,4,0.1,10,1.081117510395209
noise_x_queries,nq=10,5,0.1,10,1.1224206494247464
noise_x_queries,nq=10,6,0.1,10,1.008259959499893
noise_x_queries,nq=10,7,0.1,10,0.8616094959170993
noise_x_queries,nq=10,8,0.1,10,1.1285459746996125
noise_x_queries,nq=10,9,0.1,10,1.122647803453256
noise_x_queries,nq=10,10,0.1,10,1.074832560652139
noise_x_queries,nq=10,11,0.1,10,1.0613469014000654
noise_x_queries,nq=10,12,0.1,10,1.1034803752518432
noise_x_queries,nq=10,13,0.1,10,1.2364935979293372
noise_x_queries,nq=10,14,0.1,10,1.1160927436272616
noise_x_queries,nq=10,15,0.1,10,1.0515683919427905
noise_x_queries,nq=10,16,0.1,10,1.0048015991705723
noise_x_queries,nq=10,17,0.1,10,1.0200905455612055
noise_x_queries,nq=10,18,0.1,10,1.346899614095548
noise_x_queries,nq=10,19,0.1,10,1.16356866620293
noise_x_queries,nq=10,20,0.1,10,1.1241656871990786
noise_x_queries,nq=10,21,0.1,10,1.1786645580534243
noise_x_queries,nq=10,22,0.1,10,1.1730214547575082
noise_x_queries,nq=10,23,0.1,10,1.0757138633199765
noise_x_queries,nq=10,24,0.1,10,1.1235692653320726
noise_x_queries,nq=10,25,0.1,10,1.2067252527433692
noise_x_queries,nq=10,26,0.1,10,1.1621021735363932
noise_x_queries,nq=10,27,0.1,10,1.0007552165504003
noise_x_queries,nq=10,28,0.1,10,0.9838601989443525
noise_x_queries,nq=10,29,0.1,10,1.040187483887358
noise_x_queries,nq=10,30,0.1,10,1.1299015326153639
noise_x_queries,nq=10,31,0.1,10,1.155636424118938
noise_x_queries,nq=10,32,0.1,10,0.9875538358809122
noise_x_queries,nq=10,33,0.1,10,1.1143291240036044
noise_x_queries,nq=10,34,0.1,10,1.1720936798963335
noise_x_queries,nq=10,35,0.1,10,1.0786135521902211
noise_x_queries,nq=10,36,0.1,10,0.9025244909422818
noise_x_queries,nq=10,37,0.1,10,1.0323705495716742
noise_x_queries,nq=10,38,0.1,10,0.9402306313918708
noise_x_queries,nq=10,39,0.1,10,1.11609614272407
noise_x_queries,nq=10,40,0.1,10,1.1503587634380845
noise_x_queries,nq=10,41,0.1,10,1.2539693254901736
noise_x_queries,nq=10,42,0.1,10,1.1273301756637124
noise_x_queries,nq=10,43,0.1,10,1.0557909728759984
noise_x_queries,nq=10,44,0.1,10,1.0989418255527268
noise_x_queries,nq=10,45,0.1,10,1.415623751489841
noise_x_queries,nq=10,46,0.1,10,1.0941604872675164
noise_x_queries,nq=10,47,0.1,10,0.9882013779730624
noise_x_queries,nq=10,48,0.1,10,1.164341782041641
noise_x_queries,nq=10,49,0.1,10,1.031797550652362
noise_x_queries,nq=50,0,0.1,50,1.0485247013997414
noise_x_queries,nq=50,1,0.1,50,1.206626231431678
noise_x_queries,nq=50,2,0.1,50,0.9911827287125664
noise_x_queries,nq=50,3,0.1,50,1.030264155566734
noise_x_queries,nq=50,4,0.1,50,1.0888178873473555
noise_x_queries,nq=50,5,0.1,50,1.1387516396958477
noise_x_queries,nq=50,6,0.1,50,0.9923384476687112
noise_x_queries,nq=50,7,0.1,50,0.8595365339537139
noise_x_queries,nq=50,8,0.1,50,1.1249216319614046
noise_x_queries,nq=50,9,0.1,50,1.1216585051595769
noise_x_queries,nq=50,10,0.1,50,1.0710305498648809
noise_x_queries,nq=50,11,0.1,50,1.0565399138882035
noise_x_queries,nq=50,12,0.1,50,1.0931793157756606
noise_x_queries,nq=50,13,0.1,50,1.2282870881716192
noise_x_queries,nq=50,14,0.1,50,1.1135536610001082
noise_x_queries,nq=50,15,0.1,50,1.056181154147796
noise_x_queries,nq=50,16,0.1,50,0.9790582846746635
noise_x_queries,nq=50,17,0.1,50,1.022989795153513
noise_x_queries,nq=50,18,0.1,50,1.3507453350882823
noise_x_queries,nq=50,19,0.1,50,1.147125049213671
noise_x_queries,nq=50,20,0.1,50,1.1183169561468456
noise_x_queries,nq=50,21,0.1,50,1.177927093010312
noise_x_queries,nq=50,22,0.1,50,1.2120526895285257
noise_x_queries,nq=50,23,0.1,50,1.0655200930975974
noise_x_queries,nq=50,24,0.1,50,1.1245511623985263
noise_x_queries,nq=50,25,0.1,50,1.1839854583079703
noise_x_queries,nq=50,26,0.1,50,1.1538673263796682
noise_x_queries,nq=50,27,0.1,50,0.9964938758225745
noise_x_queries,nq=50,28,0.1,50,0.9754198889314682
noise_x_queries,nq=50,29,0.1,50,1.0569289779770543
noise_x_queries,nq=50,30,0.1,50,1.1182249121115744
noise_x_queries,nq=50,31,0.1,50,1.1690159597082976
noise_x_queries,nq=50,32,0.1,50,0.9710940383505501
noise_x_queries,nq=50,33,0.1,50,1.1165494747388705
noise_x_queries,nq=50,34,0.1,50,1.1749824123069394
noise_x_queries,nq=50,35,0.1,50,1.0713224628890756
noise_x_queries,nq=50,36,0.1,50,0.9057289638337923
noise_x_queries,nq=50,37,0.1,50,1.0367069620312888
noise_x_queries,nq=50,38,0.1,50,0.9328331248691318
noise_x_queries,nq=50,39,0.1,50,1.1126735737842388
noise_x_queries,nq=50,40,0.1,50,1.1454067912891055
noise_x_queries,nq=50,41,0.1,50,1.2557702379472975
noise_x_queries,nq=50,42,0.1,50,1.1326620130154827
noise_x_queries,nq=50,43,0.1,50,1.0607091134247313
noise_x_queries,nq=50,44,0.1,50,1.0973419136324136
noise_x_queries,nq=50,45,0.1,50,1.3885694986204131
noise_x_queries,nq=50,46,0.1,50,1.0963923338840915
noise_x_queries,nq=50,47,0.1,50,0.9725320879672235
noise_x_queries,nq=50,48,0.1,50,1.152262633240514
noise_x_queries,nq=50,49,0.1,50,1.0438735932436483
noise_x_queries,nq=3,0,0.5,3,1.08411974711677
noise_x_queries,nq=3,1,0.5,3,1.2094811617860146
noise_x_queries,nq=3,2,0.5,3,1.0025618182500564
noise_x_queries,nq=3,3,0.5,3,1.0554267673936104
noise_x_queries,nq=3,4,0.5,3,1.1143002297515439
noise_x_queries,nq=3,5,0.5,3,1.1622769710421936
noise_x_queries,nq=3,6,0.5,3,1.0167682437530396
noise_x_queries,nq=3,7,0.5,3,0.8958230814736471
noise_x_queries,nq=3,8,0.5,3,1.1325602049402625
noise_x_queries,nq=3,9,0.5,3,1.1542414223226691
noise_x_queries,nq=3,10,0.5,3,1.0912792075078102
noise_x_queries,nq=3,11,0.5,3,1.0916966301616085
noise_x_queries,nq=3,12,0.5,3,1.1259647626851772
noise_x_queries,nq=3,13,0.5,3,1.275696362459047
noise_x_queries,nq=3,14,0.5,3,1.111191539628113
noise_x_queries,nq=3,15,0.5,3,1.054586736910561
noise_x_queries,nq=3,16,0.5,3,1.0021819621720833
noise_x_queries,nq=3,17,0.5,3,1.0434549579244503
noise_x_queries,nq=3,18,0.5,3,1.3533348568142276
noise_x_queries,nq=3,19,0.5,3,1.1986995450447997
noise_x_queries,nq=3,20,0.5,3,1.1245614358108125
noise_x_queries,nq=3,21,0.5,3,1.213906324332698
noise_x_queries,nq=3,22,0.5,3,1.2215647667101672
noise_x_queries,nq=3,23,0.5,3,1.084474740332787
noise_x_queries,nq=3,24,0.5,3,1.1522233459124762
noise_x_queries,nq=3,25,0.5,3,1.2243850340657154
noise_x_queries,nq=3,26,0.5,3,1.161424122994777
noise_x_queries,nq=3,27,0.5,3,1.0365314456174504
noise_x_queries,nq=3,28,0.5,3,1.0100349078780644
noise_x_queries,nq=3,29,0.5,3,1.0828331065267236
noise_x_queries,nq=3,30,0.5,3,1.1326078509311568
noise_x_queries,nq=3,31,0.5,3,1.1850365131659135
noise_x_queries,nq=3,32,0.5,3,1.0257403941181487
noise_x_queries,nq=3,33,0.5,3,1.1469496925824973
noise_x_queries,nq=3,34,0.5,3,1.207598200702391
noise_x_queries,nq=3,35,0.5,3,1.0742150905067844
noise_x_queries,nq=3,36,0.5,3,0.9279391405788496
noise_x_queries,nq=3,37,0.5,3,1.0491191177606791
noise_x_queries,nq=3,38,0.5,3,0.9522513290131516
noise_x_queries,nq=3,39,0.5,3,1.1154763148001752
noise_x_queries,nq=3,40,0.5,3,1.1747389821562497
noise_x_queries,nq=3,41,0.5,3,1.2785674547969479
noise_x_queries,nq=3,42,0.5,3,1.1609010728792852
noise_x_queries,nq=3,43,0.5,3,1.091108544582012
noise_x_queries,nq=3,44,0.5,3,1.0988274912373206
noise_x_queries,nq=3,45,0.5,3,1.423516478724201
noise_x_queries,nq=3,46,0.5,3,1.120288243022954
noise_x_queries,nq=3,47,0.5,3,0.9987200020315595
noise_x_queries,nq=3,48,0.5,3,1.1697666495822807
noise_x_queries,nq=3,49,0.5,3,1.0468441546576004
noise_x_queries,nq=10,0,0.5,10,1.056734149226513
noise_x_queries,nq=10,1,0.5,10,1.2156605664215037
noise_x_queries,nq=10,2,0.5,10,0.9867724691002476
noise_x_queries,nq=10,3,0.5,10,1.036537160426268
noise_x_queries,nq=10,4,0.5,10,1.0835408270982045
noise_x_queries,nq=10,5,0.5,10,1.1392141059356269
noise_x_queries,nq=10,6,0.5,10,1.006659745381226
noise_x_queries,nq=10,7,0.5,10,0.8724050311037786
noise_x_queries,nq=10,8,0.5,10,1.1517870656707236
noise_x_queries,nq=10,9,0.5,10,1.1394810738973584
noise_x_queries,nq=10,10,0.5,10,1.0803997529562728
noise_x_queries,nq=10,11,0.5,10,1.05878760620828
noise_x_queries,nq=10,12,0.5,10,1.104505725578943
noise_x_queries,nq=10,13,0.5,10,1.2553146874149663
noise_x_queries,nq=10,14,0.5,10,1.1210090763343985
noise_x_queries,nq=10,15,0.5,10,1.0613542507195775
noise_x_queries,nq=10,16,0.5,10,1.0146550590151866
noise_x_queries,nq=10,17,0.5,10,1.0364928200521188
noise_x_queries,nq=10,18,0.5,10,1.3527617006192205
noise_x_queries,nq=10,19,0.5,10,1.1747169188906499
noise_x_queries,nq=10,20,0.5,10,1.1326896992965219
noise_x_queries,nq=10,21,0.5,10,1.191143755371443
noise_x_queries,nq=10,22,0.5,10,1.1878973225287848
noise_x_queries,nq=10,23,0.5,10,1.0809889782496709
noise_x_queries,nq=10,24,0.5,10,1.133430234500857
noise_x_queries,nq=10,25,0.5,10,1.204484714878377
noise_x_queries,nq=10,26,0.5,10,1.1713280390310117
noise_x_queries,nq=10,27,0.5,10,1.0174219362977328
noise_x_queries,nq=10,28,0.5,10,0.9988957150373488
noise_x_queries,nq=10,29,0.5,10,1.05147423427513
noise_x_queries,nq=10,30,0.5,10,1.1364641304207799
noise_x_queries,nq=10,31,0.5,10,1.1772455212646642
noise_x_queries,nq=10,32,0.5,10,0.9890292550506681
noise_x_queries,nq=10,33,0.5,10,1.133267194988232
noise_x_queries,nq=10,34,0.5,10,1.188272935478908
noise_x_queries,nq=10,35,0.5,10,1.0978416368884727
noise_x_queries,nq=10,36,0.5,10,0.90864302406449
noise_x_queries,nq=10,37,0.5,10,1.040122457452237
noise_x_queries,nq=10,38,0.5,10,0.955988777760511
noise_x_queries,nq=10,39,0.5,10,1.1293895708931205
noise_x_queries,nq=10,40,0.5,10,1.1628352225594836
noise_x_queries,nq=10,41,0.5,10,1.2531674716560115
noise_x_queries,nq=10,42,0.5,10,1.1390448114397287
noise_x_queries,nq=10,43,0.5,10,1.0546741994353543
noise_x_queries,nq=10,44,0.5,10,1.1089433913094464
noise_x_queries,nq=10,45,0.5,10,1.4240299659738433
noise_x_queries,nq=10,46,0.5,10,1.107478982932987
noise_x_queries,nq=10,47,0.5,10,1.0002924234171402
noise_x_queries,nq=10,48,0.5,10,1.1682807407330194
noise_x_queries,nq=10,49,0.5,10,1.0498100137093627
noise_x_queries,nq=50,0,0.5,50,1.0531620128262194
noise_x_queries,nq=50,1,0.5,50,1.21058610285374
noise_x_queries,nq=50,2,0.5,50,0.993910055629577
noise_x_queries,nq=50,3,0.5,50,1.0284161608682214
noise_x_queries,nq=50,4,0.5,50,1.0931076399893007
noise_x_queries,nq=50,5,0.5,50,1.154376573536449
noise_x_queries,nq=50,6,0.5,50,0.9972711246808297
noise_x_queries,nq=50,7,0.5,50,0.8765630804048786
noise_x_queries,nq=50,8,0.5,50,1.1392906354335086
noise_x_queries,nq=50,9,0.5,50,1.119899285654163
noise_x_queries,nq=50,10,0.5,50,1.0748478271801785
noise_x_queries,nq=50,11,0.5,50,1.0614968625889105
noise_x_queries,nq=50,12,0.5,50,1.1062274256113047
noise_x_queries,nq=50,13,0.5,50,1.236934523772678
noise_x_queries,nq=50,14,0.5,50,1.12562870054462
noise_x_queries,nq=50,15,0.5,50,1.0625305495563153
noise_x_queries,nq=50,16,0.5,50,0.997813706644753
noise_x_queries,nq=50,17,0.5,50,1.0250269804982561
noise_x_queries,nq=50,18,0.5,50,1.35162250980145
noise_x_queries,nq=50,19,0.5,50,1.1575570598166414
noise_x_queries,nq=50,20,0.5,50,1.1184499740130618
noise_x_queries,nq=50,21,0.5,50,1.1783257882460698
noise_x_queries,nq=50,22,0.5,50,1.2200514079903748
noise_x_queries,nq=50,23,0.5,50,1.0663825145227732
noise_x_queries,nq=50,24,0.5,50,1.1229235711801104
noise_x_queries,nq=50,25,0.5,50,1.1893566655536096
noise_x_queries,nq=50,26,0.5,50,1.166054162726276
noise_x_queries,nq=50,27,0.5,50,1.01434164193888
noise_x_queries,nq=50,28,0.5,50,0.9749497185348655
noise_x_queries,nq=50,29,0.5,50,1.0544421571862337
noise_x_queries,nq=50,30,0.5,50,1.1177047273366472
noise_x_queries,nq=50,31,0.5,50,1.163790607617778
noise_x_queries,nq=50,32,0.5,50,0.9708381381997602
noise_x_queries,nq=50,33,0.5,50,1.1325276348424065
noise_x_queries,nq=50,34,0.5,50,1.1830516291999231
noise_x_queries,nq=50,35,0.5,50,1.0851086135930412
noise_x_queries,nq=50,36,0.5,50,0.9063711732051688
noise_x_queries,nq=50,37,0.5,50,1.0586961491539155
noise_x_queries,nq=50,38,0.5,50,0.9344641803550271
noise_x_queries,nq=50,39,0.5,50,1.1224793950301502
noise_x_queries,nq=50,40,0.5,50,1.1482104913479512
noise_x_queries,nq=50,41,0.5,50,1.2522606263681892
noise_x_queries,nq=50,42,0.5,50,1.139541020317108
noise_x_queries,nq=50,43,0.5,50,1.0545919945073625
noise_x_queries,nq=50,44,0.5,50,1.0984890270911256
noise_x_queries,nq=50,45,0.5,50,1.3992202158930707
noise_x_queries,nq=50,46,0.5,50,1.10002765952303
noise_x_queries,nq=50,47,0.5,50,0.9766399096729131
noise_x_queries,nq=50,48,0.5,50,1.1445960248328066
noise_x_queries,nq=50,49,0.5,50,1.0402077236036857
noise_x_queries,nq=3,0,1.0,3,1.140288891531557
noise_x_queries,nq=3,1,1.0,3,1.2413047987040347
noise_x_queries,nq=3,2,1.0,3,1.056683598610688
noise_x_queries,nq=3,3,1.0,3,1.096754530780178
noise_x_queries,nq=3,4,1.0,3,1.1600343006881464
noise_x_queries,nq=3,5,1.0,3,1.194909126509811
noise_x_queries,nq=3,6,1.0,3,1.0535512717408657
noise_x_queries,nq=3,7,1.0,3,0.9239473091363947
noise_x_queries,nq=3,8,1.0,3,1.166940234175723
noise_x_queries,nq=3,9,1.0,3,1.197024559665149
noise_x_queries,nq=3,10,1.0,3,1.1365217995575991
noise_x_queries,nq=3,11,1.0,3,1.146663299762963
noise_x_queries,nq=3,12,1.0,3,1.1762963444256131
noise_x_queries,nq=3,13,1.0,3,1.2949943622182243
noise_x_queries,nq=3,14,1.0,3,1.1478940308256471
noise_x_queries,nq=3,15,1.0,3,1.1074451269377699
noise_x_queries,nq=3,16,1.0,3,1.0488368115109667
noise_x_queries,nq=3,17,1.0,3,1.0934643433554059
noise_x_queries,nq=3,18,1.0,3,1.3767085111848416
noise_x_queries,nq=3,19,1.0,3,1.2415659219306165
noise_x_queries,nq=3,20,1.0,3,1.1840710211734053
noise_x_queries,nq=3,21,1.0,3,1.2473122005275659
noise_x_queries,nq=3,22,1.0,3,1.2645299367184166
noise_x_queries,nq=3,23,1.0,3,1.156920149487108
noise_x_queries,nq=3,24,1.0,3,1.202017630192726
noise_x_queries,nq=3,25,1.0,3,1.269954517905473
noise_x_queries,nq=3,26,1.0,3,1.2031783801805156
noise_x_queries,nq=3,27,1.0,3,1.0661432790378047
noise_x_queries,nq=3,28,1.0,3,1.070507915889546
noise_x_queries,nq=3,29,1.0,3,1.1060251323827133
noise_x_queries,nq=3,30,1.0,3,1.186491216199959
noise_x_queries,nq=3,31,1.0,3,1.2386980013096591
noise_x_queries,nq=3,32,1.0,3,1.071820260955092
noise_x_queries,nq=3,33,1.0,3,1.1813219627043614
noise_x_queries,nq=3,34,1.0,3,1.2489200708906274
noise_x_queries,nq=3,35,1.0,3,1.1110790640692052
noise_x_queries,nq=3,36,1.0,3,0.9814825552679466
noise_x_queries,nq=3,37,1.0,3,1.0733289924710883
noise_x_queries,nq=3,38,1.0,3,1.0040478733808127
noise_x_queries,nq=3,39,1.0,3,1.1451935302587373
noise_x_queries,nq=3,40,1.0,3,1.2112046667557042
noise_x_queries,nq=3,41,1.0,3,1.3390694542411654
noise_x_queries,nq=3,42,1.0,3,1.1814913562603884
noise_x_queries,nq=3,43,1.0,3,1.1496843166429995
noise_x_queries,nq=3,44,1.0,3,1.155339089464158
noise_x_queries,nq=3,45,1.0,3,1.4570228238950607
noise_x_queries,nq=3,46,1.0,3,1.1445276534502136
noise_x_queries,nq=3,47,1.0,3,1.036983398060825
noise_x_queries,nq=3,48,1.0,3,1.2138368462133426
noise_x_queries,nq=3,49,1.0,3,1.0860821088734738
noise_x_queries,nq=10,0,1.0,10,1.0910689081270113
noise_x_queries,nq=10,1,1.0,10,1.2388163661720917
noise_x_queries,nq=10,2,1.0,10,0.9975557791265792
noise_x_queries,nq=10,3,1.0,10,1.0425723060104422
noise_x_queries,nq=10,4,1.0,10,1.0938567331526476
noise_x_queries,nq=10,5,1.0,10,1.159495476525557
noise_x_queries,nq=10,6,1.0,10,1.0164331345493818
noise_x_queries,nq=10,7,1.0,10,0.8700596225801949
noise_x_queries,nq=10,8,1.0,10,1.1695107552966852
noise_x_queries,nq=10,9,1.0,10,1.1604848862586667
noise_x_queries,nq=10,10,1.0,10,1.0979956434139355
noise_x_queries,nq=10,11,1.0,10,1.0614082658403177
noise_x_queries,nq=10,12,1.0,10,1.1112522458942211
noise_x_queries,nq=10,13,1.0,10,1.270749972634668
noise_x_queries,nq=10,14,1.0,10,1.129944488435149
noise_x_queries,nq=10,15,1.0,10,1.0836737691545415
noise_x_queries,nq=10,16,1.0,10,1.022480816734584
noise_x_queries,nq=10,17,1.0,10,1.0559979013798715
noise_x_queries,nq=10,18,1.0,10,1.3633044128306595
noise_x_queries,nq=10,19,1.0,10,1.1861892361599828
noise_x_queries,nq=10,20,1.0,10,1.152690361561372
noise_x_queries,nq=10,21,1.0,10,1.2075942144467395
noise_x_queries,nq=10,22,1.0,10,1.2055341476428787
noise_x_queries,nq=10,23,1.0,10,1.0787561099037848
noise_x_queries,nq=10,24,1.0,10,1.1578294743803124
noise_x_queries,nq=10,25,1.0,10,1.2324389218569864
noise_x_queries,nq=10,26,1.0,10,1.1849792301359108
noise_x_queries,nq=10,27,1.0,10,1.03300307001557
noise_x_queries,nq=10,28,1.0,10,1.0155683621223746
noise_x_queries,nq=10,29,1.0,10,1.0638570879915865
noise_x_queries,nq=10,30,1.0,10,1.1579326957636036
noise_x_queries,nq=10,31,1.0,10,1.202602987599778
noise_x_queries,nq=10,32,1.0,10,1.003151860502225
noise_x_queries,nq=10,33,1.0,10,1.1515037359529825
noise_x_queries,nq=10,34,1.0,10,1.1858502344255077
noise_x_queries,nq=10,35,1.0,10,1.1135029855832983
noise_x_queries,nq=10,36,1.0,10,0.9142810492800637
noise_x_queries,nq=10,37,1.0,10,1.0465609538241252
noise_x_queries,nq=10,38,1.0,10,0.9718906809740754
noise_x_queries,nq=10,39,1.0,10,1.1435232077060655
noise_x_queries,nq=10,40,1.0,10,1.1830196578866081
noise_x_queries,nq=10,41,1.0,10,1.2522673083220912
noise_x_queries,nq=10,42,1.0,10,1.16506427280168
noise_x_queries,nq=10,43,1.0,10,1.0598399759318933
noise_x_queries,nq=10,44,1.0,10,1.1191897803634578
noise_x_queries,nq=10,45,1.0,10,1.424648633641765
noise_x_queries,nq=10,46,1.0,10,1.1261483216338604
noise_x_queries,nq=10,47,1.0,10,1.0078532998559497
noise_x_queries,nq=10,48,1.0,10,1.1858124614505967
noise_x_queries,nq=10,49,1.0,10,1.0710882440554323
noise_x_queries,nq=50,0,1.0,50,1.0616829417902127
noise_x_queries,nq=50,1,1.0,50,1.2098181394398193
noise_x_queries,nq=50,2,1.0,50,0.9950234830489859
noise_x_queries,nq=50,3,1.0,50,1.03879366841906
noise_x_queries,nq=50,4,1.0,50,1.0949272054425667
noise_x_queries,nq=50,5,1.0,50,1.1510281739605854
noise_x_queries,nq=50,6,1.0,50,1.000319070373096
noise_x_queries,nq=50,7,1.0,50,0.8841068063788089
noise_x_queries,nq=50,8,1.0,50,1.1500165332481942
noise_x_queries,nq=50,9,1.0,50,1.1175132390088336
noise_x_queries,nq=50,10,1.0,50,1.0807313848883424
noise_x_queries,nq=50,11,1.0,50,1.0737102527246742
noise_x_queries,nq=50,12,1.0,50,1.1127471701329235
noise_x_queries,nq=50,13,1.0,50,1.241402049323882
noise_x_queries,nq=50,14,1.0,50,1.1353932566123162
noise_x_queries,nq=50,15,1.0,50,1.0557319953105149
noise_x_queries,nq=50,16,1.0,50,1.000868454151865
noise_x_queries,nq=50,17,1.0,50,1.0257865043515462
noise_x_queries,nq=50,18,1.0,50,1.3570652272178905
noise_x_queries,nq=50,19,1.0,50,1.1654714015873662
noise_x_queries,nq=50,20,1.0,50,1.1254196829216392
noise_x_queries,nq=50,21,1.0,50,1.1840104823753346
noise_x_queries,nq=50,22,1.0,50,1.227367504185584
noise_x_queries,nq=50,23,1.0,50,1.0552358192752067
noise_x_queries,nq=50,24,1.0,50,1.127517437910893
noise_x_queries,nq=50,25,1.0,50,1.1951213536936278
noise_x_queries,nq=50,26,1.0,50,1.1626553540829228
noise_x_queries,nq=50,27,1.0,50,1.018985898324352
noise_x_queries,nq=50,28,1.0,50,0.9858594874926284
noise_x_queries,nq=50,29,1.0,50,1.0647541899125317
noise_x_queries,nq=50,30,1.0,50,1.1223538632250125
noise_x_queries,nq=50,31,1.0,50,1.18232476630897
noise_x_queries,nq=50,32,1.0,50,0.9700384260447747
noise_x_queries,nq=50,33,1.0,50,1.1374901880051538
noise_x_queries,nq=50,34,1.0,50,1.1952596488347638
noise_x_queries,nq=50,35,1.0,50,1.088269980108766
noise_x_queries,nq=50,36,1.0,50,0.9153545969608083
noise_x_queries,nq=50,37,1.0,50,1.0601173885445774
noise_x_queries,nq=50,38,1.0,50,0.9612836951090987
noise_x_queries,nq=50,39,1.0,50,1.1395215780954968
noise_x_queries,nq=50,40,1.0,50,1.1541616246938868
noise_x_queries,nq=50,41,1.0,50,1.2520777150474942
noise_x_queries,nq=50,42,1.0,50,1.1408694038068294
noise_x_queries,nq=50,43,1.0,50,1.0575408275358165
noise_x_queries,nq=50,44,1.0,50,1.1003196816728438
noise_x_queries,nq=50,45,1.0,50,1.3992738561485656
noise_x_queries,nq=50,46,1.0,50,1.1014748664042062
noise_x_queries,nq=50,47,1.0,50,0.9850265669173401
noise_x_queries,nq=50,48,1.0,50,1.1506217973949322
noise_x_queries,nq=50,49,1.0,50,1.0502448961971524
noise_x_queries,nq=3,0,2.0,3,1.2168424107071265
noise_x_queries,nq=3,1,2.0,3,1.3323877490870282
noise_x_queries,nq=3,2,2.0,3,1.175297885096353
noise_x_queries,nq=3,3,2.0,3,1.2375632128210299
noise_x_queries,nq=3,4,2.0,3,1.2694075133539415
noise_x_queries,nq=3,5,2.0,3,1.3066386857243508
noise_x_queries,nq=3,6,2.0,3,1.1667715586074872
noise_x_queries,nq=3,7,2.0,3,1.0092571977467852
noise_x_queries,nq=3,8,2.0,3,1.2834116354314569
noise_x_queries,nq=3,9,2.0,3,1.3104571884787197
noise_x_queries,nq=3,10,2.0,3,1.2707411617357973
noise_x_queries,nq=3,11,2.0,3,1.237652465855005
noise_x_queries,nq=3,12,2.0,3,1.2855075185370717
noise_x_queries,nq=3,13,2.0,3,1.3846126723301928
noise_x_queries,nq=3,14,2.0,3,1.29900047848204
noise_x_queries,nq=3,15,2.0,3,1.2150623351847378
noise_x_queries,nq=3,16,2.0,3,1.1532633667356398
noise_x_queries,nq=3,17,2.0,3,1.2396657405730436
noise_x_queries,nq=3,18,2.0,3,1.491734826084796
noise_x_queries,nq=3,19,2.0,3,1.355744959465392
noise_x_queries,nq=3,20,2.0,3,1.2850194947357958
noise_x_queries,nq=3,21,2.0,3,1.3407023671175458
noise_x_queries,nq=3,22,2.0,3,1.3820544632955551
noise_x_queries,nq=3,23,2.0,3,1.2874425418474122
noise_x_queries,nq=3,24,2.0,3,1.3110029689350131
noise_x_queries,nq=3,25,2.0,3,1.3572663760469412
noise_x_queries,nq=3,26,2.0,3,1.300628277371936
noise_x_queries,nq=3,27,2.0,3,1.1936728186398462
noise_x_queries,nq=3,28,2.0,3,1.2203978382591438
noise_x_queries,nq=3,29,2.0,3,1.20222575117141
noise_x_queries,nq=3,30,2.0,3,1.320555373743354
noise_x_queries,nq=3,31,2.0,3,1.403818117227964
noise_x_queries,nq=3,32,2.0,3,1.1929974713026439
noise_x_queries,nq=3,33,2.0,3,1.3101651613773089
noise_x_queries,nq=3,34,2.0,3,1.359610397890029
noise_x_queries,nq=3,35,2.0,3,1.2227311480126684
noise_x_queries,nq=3,36,2.0,3,1.0996501547039699
noise_x_queries,nq=3,37,2.0,3,1.1603972226229093
noise_x_queries,nq=3,38,2.0,3,1.1411215524954719
noise_x_queries,nq=3,39,2.0,3,1.2797899350752522
noise_x_queries,nq=3,40,2.0,3,1.3485965795322048
noise_x_queries,nq=3,41,2.0,3,1.4694102677960839
noise_x_queries,nq=3,42,2.0,3,1.2997489133200686
noise_x_queries,nq=3,43,2.0,3,1.2665525574185557
noise_x_queries,nq=3,44,2.0,3,1.2686685690854294
noise_x_queries,nq=3,45,2.0,3,1.5248308649752411
noise_x_queries,nq=3,46,2.0,3,1.2399489019687178
noise_x_queries,nq=3,47,2.0,3,1.1381509964949716
noise_x_queries,nq=3,48,2.0,3,1.3127030646501356
noise_x_queries,nq=3,49,2.0,3,1.2553813081867033
noise_x_queries,nq=10,0,2.0,10,1.1310480054162182
noise_x_queries,nq=10,1,2.0,10,1.2650498035309456
noise_x_queries,nq=10,2,2.0,10,1.035351349826972
noise_x_queries,nq=10,3,2.0,10,1.0979358753861916
noise_x_queries,nq=10,4,2.0,10,1.1345356690023496
noise_x_queries,nq=10,5,2.0,10,1.2201557032920214
noise_x_queries,nq=10,6,2.0,10,1.0478193550471522
noise_x_queries,nq=10,7,2.0,10,0.9049644424323882
noise_x_queries,nq=10,8,2.0,10,1.2303266061268952
noise_x_queries,nq=10,9,2.0,10,1.2256643091320034
noise_x_queries,nq=10,10,2.0,10,1.1563495785827125
noise_x_queries,nq=10,11,2.0,10,1.1100505582143885
noise_x_queries,nq=10,12,2.0,10,1.1643438951954255
noise_x_queries,nq=10,13,2.0,10,1.326582137277703
noise_x_queries,nq=10,14,2.0,10,1.1919774432019365
noise_x_queries,nq=10,15,2.0,10,1.1282894704892577
noise_x_queries,nq=10,16,2.0,10,1.0519041864442493
noise_x_queries,nq=10,17,2.0,10,1.107148699008711
noise_x_queries,nq=10,18,2.0,10,1.3900666978964191
noise_x_queries,nq=10,19,2.0,10,1.2122122201974552
noise_x_queries,nq=10,20,2.0,10,1.214574150032091
noise_x_queries,nq=10,21,2.0,10,1.2381458201009943
noise_x_queries,nq=10,22,2.0,10,1.2471861165150937
noise_x_queries,nq=10,23,2.0,10,1.122774924480865
noise_x_queries,nq=10,24,2.0,10,1.2147625575683259
noise_x_queries,nq=10,25,2.0,10,1.2866508463998956
noise_x_queries,nq=10,26,2.0,10,1.2120319621208395
noise_x_queries,nq=10,27,2.0,10,1.077162247115619
noise_x_queries,nq=10,28,2.0,10,1.0700461966949095
noise_x_queries,nq=10,29,2.0,10,1.1216906033183855
noise_x_queries,nq=10,30,2.0,10,1.2003218785241254
noise_x_queries,nq=10,31,2.0,10,1.2628934970069496
noise_x_queries,nq=10,32,2.0,10,1.0590329554927351
noise_x_queries,nq=10,33,2.0,10,1.1975051995471442
noise_x_queries,nq=10,34,2.0,10,1.243972248776375
noise_x_queries,nq=10,35,2.0,10,1.1659865472717332
noise_x_queries,nq=10,36,2.0,10,0.9531259134880242
noise_x_queries,nq=10,37,2.0,10,1.0685954309487486
noise_x_queries,nq=10,38,2.0,10,1.0158233164093915
noise_x_queries,nq=10,39,2.0,10,1.1769081124159815
noise_x_queries,nq=10,40,2.0,10,1.2249165542767482
noise_x_queries,nq=10,41,2.0,10,1.318528632368621
noise_x_queries,nq=10,42,2.0,10,1.22886155870622
noise_x_queries,nq=10,43,2.0,10,1.101045327408249
noise_x_queries,nq=10,44,2.0,10,1.1723903414875607
noise_x_queries,nq=10,45,2.0,10,1.4690249510276727
noise_x_queries,nq=10,46,2.0,10,1.1768952343407941
noise_x_queries,nq=10,47,2.0,10,1.057872063095843
noise_x_queries,nq=10,48,2.0,10,1.2192581709803711
noise_x_queries,nq=10,49,2.0,10,1.1068226023357672
noise_x_queries,nq=50,0,2.0,50,1.061475340684006
noise_x_queries,nq=50,1,2.0,50,1.2192213973836175
noise_x_queries,nq=50,2,2.0,50,1.0005884741582511
noise_x_queries,nq=50,3,2.0,50,1.0576857581296595
noise_x_queries,nq=50,4,2.0,50,1.1066617468318782
noise_x_queries,nq=50,5,2.0,50,1.1581598170506462
noise_x_queries,nq=50,6,2.0,50,1.017344181631767
noise_x_queries,nq=50,7,2.0,50,0.8901338119655063
noise_x_queries,nq=50,8,2.0,50,1.174419076297628
noise_x_queries,nq=50,9,2.0,50,1.1356596102456684
noise_x_queries,nq=50,10,2.0,50,1.090935211086659
noise_x_queries,nq=50,11,2.0,50,1.088094370940052
noise_x_queries,nq=50,12,2.0,50,1.1348958834575378
noise_x_queries,nq=50,13,2.0,50,1.2518042846535624
noise_x_queries,nq=50,14,2.0,50,1.1524997424010504
noise_x_queries,nq=50,15,2.0,50,1.0563967521101787
noise_x_queries,nq=50,16,2.0,50,1.003980351000551
noise_x_queries,nq=50,17,2.0,50,1.0378121700305714
noise_x_queries,nq=50,18,2.0,50,1.3673077778225666
noise_x_queries,nq=50,19,2.0,50,1.1868056881755358
noise_x_queries,nq=50,20,2.0,50,1.1452544716427364
noise_x_queries,nq=50,21,2.0,50,1.2104016715369565
noise_x_queries,nq=50,22,2.0,50,1.257101113311015
noise_x_queries,nq=50,23,2.0,50,1.065508294413019
noise_x_queries,nq=50,24,2.0,50,1.130212888398468
noise_x_queries,nq=50,25,2.0,50,1.2080014979730505
noise_x_queries,nq=50,26,2.0,50,1.172691480811885
noise_x_queries,nq=50,27,2.0,50,1.0259408789610889
noise_x_queries,nq=50,28,2.0,50,1.0071095624865376
noise_x_queries,nq=50,29,2.0,50,1.0705729350054296
noise_x_queries,nq=50,30,2.0,50,1.146306466964782
noise_x_queries,nq=50,31,2.0,50,1.1997278877747493
noise_x_queries,nq=50,32,2.0,50,0.98712669554586
noise_x_queries,nq=50,33,2.0,50,1.145538572586154
noise_x_queries,nq=50,34,2.0,50,1.1970501535900546
noise_x_queries,nq=50,35,2.0,50,1.0875989036300857
noise_x_queries,nq=50,36,2.0,50,0.9236258592969421
noise_x_queries,nq=50,37,2.0,50,1.0668675896093862
noise_x_queries,nq=50,38,2.0,50,0.9701373819275688
noise_x_queries,nq=50,39,2.0,50,1.1537570867089193
noise_x_queries,nq=50,40,2.0,50,1.1714106100532837
noise_x_queries,nq=50,41,2.0,50,1.2666946352289403
noise_x_queries,nq=50,42,2.0,50,1.1602524021548632
noise_x_queries,nq=50,43,2.0,50,1.065090568701147
noise_x_queries,nq=50,44,2.0,50,1.1297186325137096
noise_x_queries,nq=50,45,2.0,50,1.3998039900441248
noise_x_queries,nq=50,46,2.0,50,1.1104955460286021
noise_x_queries,nq=50,47,2.0,50,0.9887542670823306
noise_x_queries,nq=50,48,2.0,50,1.1677189310916134
noise_x_queries,nq=50,49,2.0,50,1.065040861040393
noise_x_queries,nq=3,0,5.0,3,1.4939902047575084
noise_x_queries,nq=3,1,5.0,3,1.6052602583611217
noise_x_queries,nq=3,2,5.0,3,1.4549486876810018
noise_x_queries,nq=3,3,5.0,3,1.550793607881201
noise_x_queries,nq=3,4,5.0,3,1.5287680304305689
noise_x_queries,nq=3,5,5.0,3,1.6261365366808136
noise_x_queries,nq=3,6,5.0,3,1.446998533568987
noise_x_queries,nq=3,7,5.0,3,1.2393021589568596
noise_x_queries,nq=3,8,5.0,3,1.526540782648045
noise_x_queries,nq=3,9,5.0,3,1.602907954503096
noise_x_queries,nq=3,10,5.0,3,1.552486184250662
noise_x_queries,nq=3,11,5.0,3,1.5408048899006186
noise_x_queries,nq=3,12,5.0,3,1.624421748427241
noise_x_queries,nq=3,13,5.0,3,1.6595994387949924
noise_x_queries,nq=3,14,5.0,3,1.6599287292939588
noise_x_queries,nq=3,15,5.0,3,1.5372757148193499
noise_x_queries,nq=3,16,5.0,3,1.3869629442849063
noise_x_queries,nq=3,17,5.0,3,1.4850224185542675
noise_x_queries,nq=3,18,5.0,3,1.8485236949068553
noise_x_queries,nq=3,19,5.0,3,1.6785213975035738
noise_x_queries,nq=3,20,5.0,3,1.5993889622664255
noise_x_queries,nq=3,21,5.0,3,1.595747847988316
noise_x_queries,nq=3,22,5.0,3,1.6731960442654175
noise_x_queries,nq=3,23,5.0,3,1.5932300931079868
noise_x_queries,nq=3,24,5.0,3,1.6511771180867012
noise_x_queries,nq=3,25,5.0,3,1.6049891967057939
noise_x_queries,nq=3,26,5.0,3,1.553214272348572
noise_x_queries,nq=3,27,5.0,3,1.4746451938792586
noise_x_queries,nq=3,28,5.0,3,1.5280255267619696
noise_x_queries,nq=3,29,5.0,3,1.4706280246178665
noise_x_queries,nq=3,30,5.0,3,1.5748029917547566
noise_x_queries,nq=3,31,5.0,3,1.76178886365284
noise_x_queries,nq=3,32,5.0,3,1.4598443390789313
noise_x_queries,nq=3,33,5.0,3,1.62765784839988
noise_x_queries,nq=3,34,5.0,3,1.6471724528851321
noise_x_queries,nq=3,35,5.0,3,1.477908154728105
noise_x_queries,nq=3,36,5.0,3,1.4159583853842872
noise_x_queries,nq=3,37,5.0,3,1.4422847479968433
noise_x_queries,nq=3,38,5.0,3,1.3943211177172279
noise_x_queries,nq=3,39,5.0,3,1.599331866074866
noise_x_queries,nq=3,40,5.0,3,1.6872773722334653
noise_x_queries,nq=3,41,5.0,3,1.7864920069471788
noise_x_queries,nq=3,42,5.0,3,1.6507982287383887
noise_x_queries,nq=3,43,5.0,3,1.6088608717904362
noise_x_queries,nq=3,44,5.0,3,1.5481471545047347
noise_x_queries,nq=3,45,5.0,3,1.7851289796246628
noise_x_queries,nq=3,46,5.0,3,1.4830487862031234
noise_x_queries,nq=3,47,5.0,3,1.4074645957390963
noise_x_queries,nq=3,48,5.0,3,1.6153770152740146
noise_x_queries,nq=3,49,5.0,3,1.637130185643938
noise_x_queries,nq=10,0,5.0,10,1.2918830161441552
noise_x_queries,nq=10,1,5.0,10,1.4348954825719444
noise_x_queries,nq=10,2,5.0,10,1.2015215759641555
noise_x_queries,nq=10,3,5.0,10,1.329998320167222
noise_x_queries,nq=10,4,5.0,10,1.3406106704012626
noise_x_queries,nq=10,5,5.0,10,1.453379380494315
noise_x_queries,nq=10,6,5.0,10,1.2240960203669575
noise_x_queries,nq=10,7,5.0,10,1.061068184543131
noise_x_queries,nq=10,8,5.0,10,1.419973952570304
noise_x_queries,nq=10,9,5.0,10,1.432968369506571
noise_x_queries,nq=10,10,5.0,10,1.3981885526078481
noise_x_queries,nq=10,11,5.0,10,1.3158912124493727
noise_x_queries,nq=10,12,5.0,10,1.3466358600640171
noise_x_queries,nq=10,13,5.0,10,1.5364206566878085
noise_x_queries,nq=10,14,5.0,10,1.4135714966456951
noise_x_queries,nq=10,15,5.0,10,1.30748633088968
noise_x_queries,nq=10,16,5.0,10,1.2340094920486067
noise_x_queries,nq=10,17,5.0,10,1.3290855828528614
noise_x_queries,nq=10,18,5.0,10,1.577828909574557
noise_x_queries,nq=10,19,5.0,10,1.3955455008639936
noise_x_queries,nq=10,20,5.0,10,1.3944998065257224
noise_x_queries,nq=10,21,5.0,10,1.4277483133402553
noise_x_queries,nq=10,22,5.0,10,1.478557788823073
noise_x_queries,nq=10,23,5.0,10,1.319360342030858
noise_x_queries,nq=10,24,5.0,10,1.4385665762909259
noise_x_queries,nq=10,25,5.0,10,1.4452991424101218
noise_x_queries,nq=10,26,5.0,10,1.3792972706931141
noise_x_queries,nq=10,27,5.0,10,1.232531048962358
noise_x_queries,nq=10,28,5.0,10,1.2861917002019565
noise_x_queries,nq=10,29,5.0,10,1.2966274033748528
noise_x_queries,nq=10,30,5.0,10,1.3932496257726699
noise_x_queries,nq=10,31,5.0,10,1.5181952982718312
noise_x_queries,nq=10,32,5.0,10,1.2597077958236635
noise_x_queries,nq=10,33,5.0,10,1.4189266897309727
noise_x_queries,nq=10,34,5.0,10,1.4119591685169275
noise_x_queries,nq=10,35,5.0,10,1.3544272379163267
noise_x_queries,nq=10,36,5.0,10,1.169832290098806
noise_x_queries,nq=10,37,5.0,10,1.227011251827937
noise_x_queries,nq=10,38,5.0,10,1.2287139329369858
noise_x_queries,nq=10,39,5.0,10,1.3799540890456032
noise_x_queries,nq=10,40,5.0,10,1.4519044046293617
noise_x_queries,nq=10,41,5.0,10,1.5502980185786892
noise_x_queries,nq=10,42,5.0,10,1.473729840096201
noise_x_queries,nq=10,43,5.0,10,1.2931471414659332
noise_x_queries,nq=10,44,5.0,10,1.3669404675102121
noise_x_queries,nq=10,45,5.0,10,1.617192011367241
noise_x_queries,nq=10,46,5.0,10,1.34860593072768
noise_x_queries,nq=10,47,5.0,10,1.2347030075819567
noise_x_queries,nq=10,48,5.0,10,1.4354510609150297
noise_x_queries,nq=10,49,5.0,10,1.3797625101942657
noise_x_queries,nq=50,0,5.0,50,1.1428748304775498
noise_x_queries,nq=50,1,5.0,50,1.2884337225673075
noise_x_queries,nq=50,2,5.0,50,1.0539768811303927
noise_x_queries,nq=50,3,5.0,50,1.1342246828413693
noise_x_queries,nq=50,4,5.0,50,1.1495255956746466
noise_x_queries,nq=50,5,5.0,50,1.226718887388633
noise_x_queries,nq=50,6,5.0,50,1.076489382497416
noise_x_queries,nq=50,7,5.0,50,0.9398433757437972
noise_x_queries,nq=50,8,5.0,50,1.2359178712891858
noise_x_queries,nq=50,9,5.0,50,1.1944796880595596
noise_x_queries,nq=50,10,5.0,50,1.1614963004315277
noise_x_queries,nq=50,11,5.0,50,1.17177047128563
noise_x_queries,nq=50,12,5.0,50,1.1944325950205485
noise_x_queries,nq=50,13,5.0,50,1.3033562726365122
noise_x_queries,nq=50,14,5.0,50,1.2520145086278485
noise_x_queries,nq=50,15,5.0,50,1.1172034452664161
noise_x_queries,nq=50,16,5.0,50,1.0282354140116108
noise_x_queries,nq=50,17,5.0,50,1.0879967471410623
noise_x_queries,nq=50,18,5.0,50,1.4274270855660882
noise_x_queries,nq=50,19,5.0,50,1.2592330468078712
noise_x_queries,nq=50,20,5.0,50,1.2034726055904872
noise_x_queries,nq=50,21,5.0,50,1.2846885861958028
noise_x_queries,nq=50,22,5.0,50,1.3268094808705815
noise_x_queries,nq=50,23,5.0,50,1.145862690321172
noise_x_queries,nq=50,24,5.0,50,1.1985244797418277
noise_x_queries,nq=50,25,5.0,50,1.2643301316487008
noise_x_queries,nq=50,26,5.0,50,1.2265308499086012
noise_x_queries,nq=50,27,5.0,50,1.1056632753124538
noise_x_queries,nq=50,28,5.0,50,1.079898646724954
noise_x_queries,nq=50,29,5.0,50,1.1399822405611901
noise_x_queries,nq=50,30,5.0,50,1.2276834381696569
noise_x_queries,nq=50,31,5.0,50,1.2546266656209033
noise_x_queries,nq=50,32,5.0,50,1.048432220004629
noise_x_queries,nq=50,33,5.0,50,1.2025759987619002
noise_x_queries,nq=50,34,5.0,50,1.2414891799571173
noise_x_queries,nq=50,35,5.0,50,1.135342250837405
noise_x_queries,nq=50,36,5.0,50,0.9813437887795146
noise_x_queries,nq=50,37,5.0,50,1.1120347295124848
noise_x_queries,nq=50,38,5.0,50,1.045493171871313
noise_x_queries,nq=50,39,5.0,50,1.20983198700571
noise_x_queries,nq=50,40,5.0,50,1.2407855182729055
noise_x_queries,nq=50,41,5.0,50,1.3430744486489503
noise_x_queries,nq=50,42,5.0,50,1.2552823866345153
noise_x_queries,nq=50,43,5.0,50,1.1232023091317394
noise_x_queries,nq=50,44,5.0,50,1.1834570311417238
noise_x_queries,nq=50,45,5.0,50,1.4265667082338547
noise_x_queries,nq=50,46,5.0,50,1.1457161592758218
noise_x_queries,nq=50,47,5.0,50,1.0308712258820236
noise_x_queries,nq=50,48,5.0,50,1.2160119532612113
noise_x_queries,nq=50,49,5.0,50,1.1143818933741008
noise_x_queries,nq=3,0,10.0,3,1.688220057124776
noise_x_queries,nq=3,1,10.0,3,1.7329288742510298
noise_x_queries,nq=3,2,10.0,3,1.6089678308107052
noise_x_queries,nq=3,3,10.0,3,1.719518500593609
noise_x_queries,nq=3,4,10.0,3,1.7178715436094205
noise_x_queries,nq=3,5,10.0,3,1.7926664142746698
noise_x_queries,nq=3,6,10.0,3,1.6349152260876296
noise_x_queries,nq=3,7,10.0,3,1.3802495460168804
noise_x_queries,nq=3,8,10.0,3,1.7148308675571688
noise_x_queries,nq=3,9,10.0,3,1.8224077483348136
noise_x_queries,nq=3,10,10.0,3,1.7346029471678288
noise_x_queries,nq=3,11,10.0,3,1.7275609364916509
noise_x_queries,nq=3,12,10.0,3,1.7948465979323442
noise_x_queries,nq=3,13,10.0,3,1.8571256944960828
noise_x_queries,nq=3,14,10.0,3,1.853481624985749
noise_x_queries,nq=3,15,10.0,3,1.730565951274708
noise_x_queries,nq=3,16,10.0,3,1.53710189537705
noise_x_queries,nq=3,17,10.0,3,1.666102684662146
noise_x_queries,nq=3,18,10.0,3,2.0383754329286545
noise_x_queries,nq=3,19,10.0,3,1.8250650392684162
noise_x_queries,nq=3,20,10.0,3,1.7666944729717222
noise_x_queries,nq=3,21,10.0,3,1.7419313844321378
noise_x_queries,nq=3,22,10.0,3,1.8893399143903606
noise_x_queries,nq=3,23,10.0,3,1.7447075254038633
noise_x_queries,nq=3,24,10.0,3,1.792833728625927
noise_x_queries,nq=3,25,10.0,3,1.7934604684027668
noise_x_queries,nq=3,26,10.0,3,1.742168536769895
noise_x_queries,nq=3,27,10.0,3,1.6233330646397284
noise_x_queries,nq=3,28,10.0,3,1.6990446845148595
noise_x_queries,nq=3,29,10.0,3,1.6340116714612718
noise_x_queries,nq=3,30,10.0,3,1.773458762095484
noise_x_queries,nq=3,31,10.0,3,1.943987373921388
noise_x_queries,nq=3,32,10.0,3,1.6128943119922885
noise_x_queries,nq=3,33,10.0,3,1.7812440957911633
noise_x_queries,nq=3,34,10.0,3,1.8032991614513316
noise_x_queries,nq=3,35,10.0,3,1.6957140556879973
noise_x_queries,nq=3,36,10.0,3,1.575527149311273
noise_x_queries,nq=3,37,10.0,3,1.5857516371040952
noise_x_queries,nq=3,38,10.0,3,1.5395526002868452
noise_x_queries,nq=3,39,10.0,3,1.754730562737021
noise_x_queries,nq=3,40,10.0,3,1.888873989976396
noise_x_queries,nq=3,41,10.0,3,2.003518716037261
noise_x_queries,nq=3,42,10.0,3,1.8091067074791172
noise_x_queries,nq=3,43,10.0,3,1.786478479245503
noise_x_queries,nq=3,44,10.0,3,1.7469677619118464
noise_x_queries,nq=3,45,10.0,3,1.9571294182261525
noise_x_queries,nq=3,46,10.0,3,1.6429461199074682
noise_x_queries,nq=3,47,10.0,3,1.5708220617387798
noise_x_queries,nq=3,48,10.0,3,1.7927885594475526
noise_x_queries,nq=3,49,10.0,3,1.801271652117122
noise_x_queries,nq=10,0,10.0,10,1.534055292069002
noise_x_queries,nq=10,1,10.0,10,1.6639995427319616
noise_x_queries,nq=10,2,10.0,10,1.4243741421467666
noise_x_queries,nq=10,3,10.0,10,1.5893089365097928
noise_x_queries,nq=10,4,10.0,10,1.5857175341631762
noise_x_queries,nq=10,5,10.0,10,1.704632921966141
noise_x_queries,nq=10,6,10.0,10,1.4978321387308169
noise_x_queries,nq=10,7,10.0,10,1.2182124813236606
noise_x_queries,nq=10,8,10.0,10,1.6447578130855514
noise_x_queries,nq=10,9,10.0,10,1.6615060886463686
noise_x_queries,nq=10,10,10.0,10,1.6366476217433232
noise_x_queries,nq=10,11,10.0,10,1.546636111514551
noise_x_queries,nq=10,12,10.0,10,1.5720068395522453
noise_x_queries,nq=10,13,10.0,10,1.833489027234417
noise_x_queries,nq=10,14,10.0,10,1.6594809582112822
noise_x_queries,nq=10,15,10.0,10,1.5299701153563818
noise_x_queries,nq=10,16,10.0,10,1.464673066637836
noise_x_queries,nq=10,17,10.0,10,1.5324193043530367
noise_x_queries,nq=10,18,10.0,10,1.8506913414827884
noise_x_queries,nq=10,19,10.0,10,1.6851908720745903
noise_x_queries,nq=10,20,10.0,10,1.654210116692299
noise_x_queries,nq=10,21,10.0,10,1.6467456476394213
noise_x_queries,nq=10,22,10.0,10,1.775031333637311
noise_x_queries,nq=10,23,10.0,10,1.6339334188304449
noise_x_queries,nq=10,24,10.0,10,1.6579860246709242
noise_x_queries,nq=10,25,10.0,10,1.6230886074222561
noise_x_queries,nq=10,26,10.0,10,1.5677105441884387
noise_x_queries,nq=10,27,10.0,10,1.4620675362869924
noise_x_queries,nq=10,28,10.0,10,1.5164543416019478
noise_x_queries,nq=10,29,10.0,10,1.5498949441858005
noise_x_queries,nq=10,30,10.0,10,1.6271824484293993
noise_x_queries,nq=10,31,10.0,10,1.7835760769112374
noise_x_queries,nq=10,32,10.0,10,1.4531470547481968
noise_x_queries,nq=10,33,10.0,10,1.6580403012205174
noise_x_queries,nq=10,34,10.0,10,1.6615678644492728
noise_x_queries,nq=10,35,10.0,10,1.570488336086444
noise_x_queries,nq=10,36,10.0,10,1.359133224021961
noise_x_queries,nq=10,37,10.0,10,1.4780131431140502
noise_x_queries,nq=10,38,10.0,10,1.4308295021413333
noise_x_queries,nq=10,39,10.0,10,1.6798302794908888
noise_x_queries,nq=10,40,10.0,10,1.6992935286221096
noise_x_queries,nq=10,41,10.0,10,1.802999625041664
noise_x_queries,nq=10,42,10.0,10,1.727665577821151
noise_x_queries,nq=10,43,10.0,10,1.535783317509491
noise_x_queries,nq=10,44,10.0,10,1.622707867993652
noise_x_queries,nq=10,45,10.0,10,1.7901295941722355
noise_x_queries,nq=10,46,10.0,10,1.5661921250044764
noise_x_queries,nq=10,47,10.0,10,1.436441379903722
noise_x_queries,nq=10,48,10.0,10,1.685163480613168
noise_x_queries,nq=10,49,10.0,10,1.6145727521395055
noise_x_queries,nq=50,0,10.0,50,1.292350188337038
noise_x_queries,nq=50,1,10.0,50,1.4508868978869522
noise_x_queries,nq=50,2,10.0,50,1.2150795279708333
noise_x_queries,nq=50,3,10.0,50,1.3301877894705139
noise_x_queries,nq=50,4,10.0,50,1.2988449536338231
noise_x_queries,nq=50,5,10.0,50,1.4500062119932127
noise_x_queries,nq=50,6,10.0,50,1.2596877782126608
noise_x_queries,nq=50,7,10.0,50,1.0902535632485546
noise_x_queries,nq=50,8,10.0,50,1.3703271666213233
noise_x_queries,nq=50,9,10.0,50,1.3870806509617448
noise_x_queries,nq=50,10,10.0,50,1.345387644700992
noise_x_queries,nq=50,11,10.0,50,1.328622743342022
noise_x_queries,nq=50,12,10.0,50,1.3685361000313963
noise_x_queries,nq=50,13,10.0,50,1.5083437662118724
noise_x_queries,nq=50,14,10.0,50,1.5229805622299206
noise_x_queries,nq=50,15,10.0,50,1.2875970862215456
noise_x_queries,nq=50,16,10.0,50,1.2082164919796574
noise_x_queries,nq=50,17,10.0,50,1.2583069915556822
noise_x_queries,nq=50,18,10.0,50,1.6136593483603805
noise_x_queries,nq=50,19,10.0,50,1.3929208958125845
noise_x_queries,nq=50,20,10.0,50,1.3477830427455937
noise_x_queries,nq=50,21,10.0,50,1.470310356007758
noise_x_queries,nq=50,22,10.0,50,1.522197535546871
noise_x_queries,nq=50,23,10.0,50,1.3135688651694044
noise_x_queries,nq=50,24,10.0,50,1.3600775393412452
noise_x_queries,nq=50,25,10.0,50,1.4175986934806823
noise_x_queries,nq=50,26,10.0,50,1.3810894840431298
noise_x_queries,nq=50,27,10.0,50,1.246651558393443
noise_x_queries,nq=50,28,10.0,50,1.242425393620955
noise_x_queries,nq=50,29,10.0,50,1.2856336091986604
noise_x_queries,nq=50,30,10.0,50,1.3759848882231156
noise_x_queries,nq=50,31,10.0,50,1.432780510796443
noise_x_queries,nq=50,32,10.0,50,1.2039455576376792
noise_x_queries,nq=50,33,10.0,50,1.3989201677611585
noise_x_queries,nq=50,34,10.0,50,1.4009804924735718
noise_x_queries,nq=50,35,10.0,50,1.3169427595883554
noise_x_queries,nq=50,36,10.0,50,1.1920599337417404
noise_x_queries,nq=50,37,10.0,50,1.2364473291411429
noise_x_queries,nq=50,38,10.0,50,1.203784558446518
noise_x_queries,nq=50,39,10.0,50,1.4269131630395244
noise_x_queries,nq=50,40,10.0,50,1.3728005283190057
noise_x_queries,nq=50,41,10.0,50,1.5551051617039198
noise_x_queries,nq=50,42,10.0,50,1.4043710083129017
noise_x_queries,nq=50,43,10.0,50,1.2703177280391647
noise_x_queries,nq=50,44,10.0,50,1.3422457318111425
noise_x_queries,nq=50,45,10.0,50,1.5304915372735342
noise_x_queries,nq=50,46,10.0,50,1.3121702681973157
noise_x_queries,nq=50,47,10.0,50,1.1676344555489708
noise_x_queries,nq=50,48,10.0,50,1.3984713449614974
noise_x_queries,nq=50,49,10.0,50,1.2765433929114236
