experiment,estimator,rmse,seed,response_noise
response_noise,rbf_paired,2.099163260459843,0,0.1
response_noise,rbf_unpaired,1.5781017558398143,0,0.1
response_noise,rbf_combined,1.4439009101128673,0,0.1
response_noise,rbf_paired,2.377181176383433,1,0.1
response_noise,rbf_unpaired,1.890980560607931,1,0.1
response_noise,rbf_combined,1.6827559221554569,1,0.1
response_noise,rbf_paired,1.9940641229189655,2,0.1
response_noise,rbf_unpaired,1.720376762814436,2,0.1
response_noise,rbf_combined,1.3337192649948244,2,0.1
response_noise,rbf_paired,2.1080646249970347,3,0.1
response_noise,rbf_unpaired,1.7562703418610455,3,0.1
response_noise,rbf_combined,1.4920856225985948,3,0.1
response_noise,rbf_paired,2.2166678782985128,4,0.1
response_noise,rbf_unpaired,1.729123255229726,4,0.1
response_noise,rbf_combined,1.516293583568488,4,0.1
response_noise,rbf_paired,2.169275135497193,5,0.1
response_noise,rbf_unpaired,1.6442246613269484,5,0.1
response_noise,rbf_combined,1.562433887334006,5,0.1
response_noise,rbf_paired,2.2166504027583978,6,0.1
response_noise,rbf_unpaired,1.5794661177291875,6,0.1
response_noise,rbf_combined,1.4507547966617111,6,0.1
response_noise,rbf_paired,1.7747696972980027,7,0.1
response_noise,rbf_unpaired,1.3802297201952598,7,0.1
response_noise,rbf_combined,1.2190519251987744,7,0.1
response_noise,rbf_paired,2.347240125396824,8,0.1
response_noise,rbf_unpaired,1.9074547955574146,8,0.1
response_noise,rbf_combined,1.607189922012412,8,0.1
response_noise,rbf_paired,2.381039417461403,9,0.1
response_noise,rbf_unpaired,1.768910665988641,9,0.1
response_noise,rbf_combined,1.530287026089425,9,0.1
response_noise,rbf_paired,2.348088593818378,10,0.1
response_noise,rbf_unpaired,1.7507196528202458,10,0.1
response_noise,rbf_combined,1.493805432151102,10,0.1
response_noise,rbf_paired,2.0205350927428447,11,0.1
response_noise,rbf_unpaired,1.670851932822487,11,0.1
response_noise,rbf_combined,1.4626339155883208,11,0.1
response_noise,rbf_paired,2.362620392730212,12,0.1
response_noise,rbf_unpaired,2.258256652830534,12,0.1
response_noise,rbf_combined,1.5298900333079781,12,0.1
response_noise,rbf_paired,2.6445172441286346,13,0.1
response_noise,rbf_unpaired,2.2979181206943453,13,0.1
response_noise,rbf_combined,1.7619822897612039,13,0.1
response_noise,rbf_paired,2.248616152139359,14,0.1
response_noise,rbf_unpaired,1.7144146128926927,14,0.1
response_noise,rbf_combined,1.5602559647930834,14,0.1
response_noise,rbf_paired,2.170946817186743,15,0.1
response_noise,rbf_unpaired,1.5157773868104825,15,0.1
response_noise,rbf_combined,1.4441222873100619,15,0.1
response_noise,rbf_paired,1.9881647116237067,16,0.1
response_noise,rbf_unpaired,1.5770676105108927,16,0.1
response_noise,rbf_combined,1.393223504476497,16,0.1
response_noise,rbf_paired,2.1005394838302784,17,0.1
response_noise,rbf_unpaired,1.7930245408391376,17,0.1
response_noise,rbf_combined,1.4389190303584498,17,0.1
response_noise,rbf_paired,2.400061284639334,18,0.1
response_noise,rbf_unpaired,1.9633455789549616,18,0.1
response_noise,rbf_combined,1.8695569171948316,18,0.1
response_noise,rbf_paired,2.156979559548292,19,0.1
response_noise,rbf_unpaired,1.9297097636490925,19,0.1
response_noise,rbf_combined,1.6380213393193832,19,0.1
response_noise,rbf_paired,2.187532153262233,20,0.1
response_noise,rbf_unpaired,1.749601027498071,20,0.1
response_noise,rbf_combined,1.5672002067336979,20,0.1
response_noise,rbf_paired,2.3017305010319085,21,0.1
response_noise,rbf_unpaired,2.0193378364049033,21,0.1
response_noise,rbf_combined,1.62417697249593,21,0.1
response_noise,rbf_paired,2.256095186137445,22,0.1
response_noise,rbf_unpaired,1.9357361972936278,22,0.1
response_noise,rbf_combined,1.6406088851760934,22,0.1
response_noise,rbf_paired,2.281236510086176,23,0.1
response_noise,rbf_unpaired,1.5570267249318173,23,0.1
response_noise,rbf_combined,1.4701195684358241,23,0.1
response_noise,rbf_paired,2.291838240357018,24,0.1
response_noise,rbf_unpaired,1.8589458323172243,24,0.1
response_noise,rbf_combined,1.5663711867652923,24,0.1
response_noise,rbf_paired,2.309229618244104,25,0.1
response_noise,rbf_unpaired,1.7977064657349044,25,0.1
response_noise,rbf_combined,1.6605662083448403,25,0.1
response_noise,rbf_paired,2.261035734494408,26,0.1
response_noise,rbf_unpaired,1.8883124225955383,26,0.1
response_noise,rbf_combined,1.6026042222668682,26,0.1
response_noise,rbf_paired,2.0283162700709396,27,0.1
response_noise,rbf_unpaired,1.595035207029286,27,0.1
response_noise,rbf_combined,1.4400351437651164,27,0.1
response_noise,rbf_paired,2.2161289532757116,28,0.1
response_noise,rbf_unpaired,1.4940195277193684,28,0.1
response_noise,rbf_combined,1.3534748019442948,28,0.1
response_noise,rbf_paired,2.0614109648262047,29,0.1
response_noise,rbf_unpaired,1.6119825705295652,29,0.1
response_noise,rbf_combined,1.4602656134409018,29,0.1
response_noise,rbf_paired,2.2803161741977758,30,0.1
response_noise,rbf_unpaired,1.6952026798760953,30,0.1
response_noise,rbf_combined,1.5814950653578594,30,0.1
response_noise,rbf_paired,2.628522923910649,31,0.1
response_noise,rbf_unpaired,2.006744317886577,31,0.1
response_noise,rbf_combined,1.6660178888850397,31,0.1
response_noise,rbf_paired,2.088615325922787,32,0.1
response_noise,rbf_unpaired,1.6458328836191467,32,0.1
response_noise,rbf_combined,1.3577389393764572,32,0.1
response_noise,rbf_paired,2.1764848498064677,33,0.1
response_noise,rbf_unpaired,1.8770411397890472,33,0.1
response_noise,rbf_combined,1.5227698806294268,33,0.1
response_noise,rbf_paired,2.1701079052293886,34,0.1
response_noise,rbf_unpaired,1.7117420838901451,34,0.1
response_noise,rbf_combined,1.6165926210190946,34,0.1
response_noise,rbf_paired,2.150517414108164,35,0.1
response_noise,rbf_unpaired,1.6825191721169257,35,0.1
response_noise,rbf_combined,1.4651946842553034,35,0.1
response_noise,rbf_paired,1.8639442841095557,36,0.1
response_noise,rbf_unpaired,1.3601870485352046,36,0.1
response_noise,rbf_combined,1.2551192867325236,36,0.1
response_noise,rbf_paired,2.106100470594558,37,0.1
response_noise,rbf_unpaired,1.7136133332818546,37,0.1
response_noise,rbf_combined,1.4882181969868191,37,0.1
response_noise,rbf_paired,1.8963657823100526,38,0.1
response_noise,rbf_unpaired,1.5927375868610965,38,0.1
response_noise,rbf_combined,1.3860808997798444,38,0.1
response_noise,rbf_paired,2.2449444128279175,39,0.1
response_noise,rbf_unpaired,1.717106973491134,39,0.1
response_noise,rbf_combined,1.6050415697573548,39,0.1
response_noise,rbf_paired,2.279369592812054,40,0.1
response_noise,rbf_unpaired,2.024649073013419,40,0.1
response_noise,rbf_combined,1.619128288528809,40,0.1
response_noise,rbf_paired,2.406277242478211,41,0.1
response_noise,rbf_unpaired,1.8718282007534794,41,0.1
response_noise,rbf_combined,1.7089291557827204,41,0.1
response_noise,rbf_paired,2.262863310011541,42,0.1
response_noise,rbf_unpaired,1.8182124052905106,42,0.1
response_noise,rbf_combined,1.5865728167668158,42,0.1
response_noise,rbf_paired,1.9822253165639012,43,0.1
response_noise,rbf_unpaired,1.6971017631199874,43,0.1
response_noise,rbf_combined,1.4744671406584948,43,0.1
response_noise,rbf_paired,2.255804164183148,44,0.1
response_noise,rbf_unpaired,2.0105985520158725,44,0.1
response_noise,rbf_combined,1.5278724375844779,44,0.1
response_noise,rbf_paired,2.5887318503006504,45,0.1
response_noise,rbf_unpaired,2.157173502853708,45,0.1
response_noise,rbf_combined,1.9714043051290182,45,0.1
response_noise,rbf_paired,2.1548728119013267,46,0.1
response_noise,rbf_unpaired,1.5680950440545416,46,0.1
response_noise,rbf_combined,1.512447220496889,46,0.1
response_noise,rbf_paired,1.8396729647187486,47,0.1
response_noise,rbf_unpaired,1.8506357806989615,47,0.1
response_noise,rbf_combined,1.3449127052882255,47,0.1
response_noise,rbf_paired,2.2924421716420467,48,0.1
response_noise,rbf_unpaired,1.8103962121067338,48,0.1
response_noise,rbf_combined,1.578398138457621,48,0.1
response_noise,rbf_paired,2.2027276385964645,49,0.1
response_noise,rbf_unpaired,1.7859235291158635,49,0.1
response_noise,rbf_combined,1.4149875582489688,49,0.1
response_noise,rbf_paired,2.1195125355454874,0,0.5
response_noise,rbf_unpaired,1.5954117746969003,0,0.5
response_noise,rbf_combined,1.4499040639704839,0,0.5
response_noise,rbf_paired,2.3878144764371716,1,0.5
response_noise,rbf_unpaired,1.892647867654072,1,0.5
response_noise,rbf_combined,1.6849635330009762,1,0.5
response_noise,rbf_paired,2.028248844309251,2,0.5
response_noise,rbf_unpaired,1.7223042040923608,2,0.5
response_noise,rbf_combined,1.332907811629474,2,0.5
response_noise,rbf_paired,2.1220840273713777,3,0.5
response_noise,rbf_unpaired,1.7595357068575277,3,0.5
response_noise,rbf_combined,1.480394408746665,3,0.5
response_noise,rbf_paired,2.219512373992786,4,0.5
response_noise,rbf_unpaired,1.7157008066158543,4,0.5
response_noise,rbf_combined,1.5121814386818155,4,0.5
response_noise,rbf_paired,2.1696671408364976,5,0.5
response_noise,rbf_unpaired,1.6492594635073243,5,0.5
response_noise,rbf_combined,1.5719334481461473,5,0.5
response_noise,rbf_paired,2.2080271966724423,6,0.5
response_noise,rbf_unpaired,1.6348567750333198,6,0.5
response_noise,rbf_combined,1.4502050267107576,6,0.5
response_noise,rbf_paired,1.780656925014639,7,0.5
response_noise,rbf_unpaired,1.3852295169203506,7,0.5
response_noise,rbf_combined,1.2249693432662823,7,0.5
response_noise,rbf_paired,2.365114912824943,8,0.5
response_noise,rbf_unpaired,1.9087061454277112,8,0.5
response_noise,rbf_combined,1.6138923511909176,8,0.5
response_noise,rbf_paired,2.371636491831297,9,0.5
response_noise,rbf_unpaired,1.776798912859656,9,0.5
response_noise,rbf_combined,1.5453556379511701,9,0.5
response_noise,rbf_paired,2.3739366687015715,10,0.5
response_noise,rbf_unpaired,1.7605723354075902,10,0.5
response_noise,rbf_combined,1.4942836732558396,10,0.5
response_noise,rbf_paired,2.0318231177435098,11,0.5
response_noise,rbf_unpaired,1.653162916348755,11,0.5
response_noise,rbf_combined,1.4667344509570632,11,0.5
response_noise,rbf_paired,2.3749896191862527,12,0.5
response_noise,rbf_unpaired,2.269517381917258,12,0.5
response_noise,rbf_combined,1.5279153800874592,12,0.5
response_noise,rbf_paired,2.6573006776550407,13,0.5
response_noise,rbf_unpaired,2.3118605376927306,13,0.5
response_noise,rbf_combined,1.7702635144809677,13,0.5
response_noise,rbf_paired,2.2839984848921406,14,0.5
response_noise,rbf_unpaired,1.7099351808558325,14,0.5
response_noise,rbf_combined,1.55341785485287,14,0.5
response_noise,rbf_paired,2.1355756281083638,15,0.5
response_noise,rbf_unpaired,1.520380433579455,15,0.5
response_noise,rbf_combined,1.4528977121633548,15,0.5
response_noise,rbf_paired,2.0033441275433495,16,0.5
response_noise,rbf_unpaired,1.5816460429306656,16,0.5
response_noise,rbf_combined,1.3985582857873666,16,0.5
response_noise,rbf_paired,2.132783423357622,17,0.5
response_noise,rbf_unpaired,1.8041174106778677,17,0.5
response_noise,rbf_combined,1.4549765712282052,17,0.5
response_noise,rbf_paired,2.380842166346489,18,0.5
response_noise,rbf_unpaired,1.9663178341366923,18,0.5
response_noise,rbf_combined,1.8751015854180642,18,0.5
response_noise,rbf_paired,2.2265633159724367,19,0.5
response_noise,rbf_unpaired,1.9278908285604108,19,0.5
response_noise,rbf_combined,1.6460908380033212,19,0.5
response_noise,rbf_paired,2.193621286031735,20,0.5
response_noise,rbf_unpaired,1.755891621307073,20,0.5
response_noise,rbf_combined,1.5696476555992251,20,0.5
response_noise,rbf_paired,2.335321795154078,21,0.5
response_noise,rbf_unpaired,2.027498403390892,21,0.5
response_noise,rbf_combined,1.6445794397941313,21,0.5
response_noise,rbf_paired,2.3169344522932676,22,0.5
response_noise,rbf_unpaired,1.9305577880718772,22,0.5
response_noise,rbf_combined,1.6358226120154995,22,0.5
response_noise,rbf_paired,2.3011366108122946,23,0.5
response_noise,rbf_unpaired,1.6724376477376586,23,0.5
response_noise,rbf_combined,1.4605315746328162,23,0.5
response_noise,rbf_paired,2.322273964658703,24,0.5
response_noise,rbf_unpaired,1.8568264609554446,24,0.5
response_noise,rbf_combined,1.5755613605280536,24,0.5
response_noise,rbf_paired,2.325225771691279,25,0.5
response_noise,rbf_unpaired,1.8120036013458836,25,0.5
response_noise,rbf_combined,1.6585141198674633,25,0.5
response_noise,rbf_paired,2.2485282406345717,26,0.5
response_noise,rbf_unpaired,1.900530683683675,26,0.5
response_noise,rbf_combined,1.6035747197864265,26,0.5
response_noise,rbf_paired,2.060284340271682,27,0.5
response_noise,rbf_unpaired,1.5940123124759296,27,0.5
response_noise,rbf_combined,1.4516612754129194,27,0.5
response_noise,rbf_paired,2.2128101203490904,28,0.5
response_noise,rbf_unpaired,1.4917548805956966,28,0.5
response_noise,rbf_combined,1.357331394415993,28,0.5
response_noise,rbf_paired,2.131390600013981,29,0.5
response_noise,rbf_unpaired,1.6063009703348707,29,0.5
response_noise,rbf_combined,1.4599000587335558,29,0.5
response_noise,rbf_paired,2.2824475156117052,30,0.5
response_noise,rbf_unpaired,1.6965323679043427,30,0.5
response_noise,rbf_combined,1.5859266377000822,30,0.5
response_noise,rbf_paired,2.6312734630259635,31,0.5
response_noise,rbf_unpaired,2.0142866814530493,31,0.5
response_noise,rbf_combined,1.6767939972544323,31,0.5
response_noise,rbf_paired,2.0798882764673357,32,0.5
response_noise,rbf_unpaired,1.6602403438762294,32,0.5
response_noise,rbf_combined,1.356932300159536,32,0.5
response_noise,rbf_paired,2.201373263937603,33,0.5
response_noise,rbf_unpaired,1.9018921792946746,33,0.5
response_noise,rbf_combined,1.5278393364078282,33,0.5
response_noise,rbf_paired,2.1681115356054916,34,0.5
response_noise,rbf_unpaired,1.7018227167929632,34,0.5
response_noise,rbf_combined,1.6148187724611063,34,0.5
response_noise,rbf_paired,2.1607764279996475,35,0.5
response_noise,rbf_unpaired,1.6842631451143082,35,0.5
response_noise,rbf_combined,1.469429300847928,35,0.5
response_noise,rbf_paired,1.8786219429560356,36,0.5
response_noise,rbf_unpaired,1.3592734905721067,36,0.5
response_noise,rbf_combined,1.2500120957646659,36,0.5
response_noise,rbf_paired,2.0831084134651303,37,0.5
response_noise,rbf_unpaired,1.7112347410861173,37,0.5
response_noise,rbf_combined,1.4821756586879395,37,0.5
response_noise,rbf_paired,1.939626018697989,38,0.5
response_noise,rbf_unpaired,1.713782125421751,38,0.5
response_noise,rbf_combined,1.3928286790439233,38,0.5
response_noise,rbf_paired,2.2953525864860835,39,0.5
response_noise,rbf_unpaired,1.7185148857674657,39,0.5
response_noise,rbf_combined,1.6227773936099645,39,0.5
response_noise,rbf_paired,2.3028478511396635,40,0.5
response_noise,rbf_unpaired,2.0268537331932253,40,0.5
response_noise,rbf_combined,1.6318521149211966,40,0.5
response_noise,rbf_paired,2.409343914783282,41,0.5
response_noise,rbf_unpaired,1.871020921174211,41,0.5
response_noise,rbf_combined,1.6863293454133212,41,0.5
response_noise,rbf_paired,2.2892733673167953,42,0.5
response_noise,rbf_unpaired,1.8364873392291337,42,0.5
response_noise,rbf_combined,1.5894526723672031,42,0.5
response_noise,rbf_paired,1.999284139753276,43,0.5
response_noise,rbf_unpaired,1.6938315803306092,43,0.5
response_noise,rbf_combined,1.4719313356070376,43,0.5
response_noise,rbf_paired,2.2680406495898873,44,0.5
response_noise,rbf_unpaired,2.0005348987961367,44,0.5
response_noise,rbf_combined,1.5315651140225606,44,0.5
response_noise,rbf_paired,2.5855053861755026,45,0.5
response_noise,rbf_unpaired,2.15725497438299,45,0.5
response_noise,rbf_combined,1.9735014849739991,45,0.5
response_noise,rbf_paired,2.174545972999881,46,0.5
response_noise,rbf_unpaired,1.5725771663119101,46,0.5
response_noise,rbf_combined,1.5104456727414002,46,0.5
response_noise,rbf_paired,1.883619014539438,47,0.5
response_noise,rbf_unpaired,1.895264545917567,47,0.5
response_noise,rbf_combined,1.3610169883107495,47,0.5
response_noise,rbf_paired,2.2692669318676377,48,0.5
response_noise,rbf_unpaired,1.8243797890134397,48,0.5
response_noise,rbf_combined,1.5856901511321624,48,0.5
response_noise,rbf_paired,2.193497361394649,49,0.5
response_noise,rbf_unpaired,1.7838709159411454,49,0.5
response_noise,rbf_combined,1.4224979793207366,49,0.5
response_noise,rbf_paired,2.155873099092527,0,1.0
response_noise,rbf_unpaired,1.6200709774759627,0,1.0
response_noise,rbf_combined,1.4757096695085568,0,1.0
response_noise,rbf_paired,2.3932962943403515,1,1.0
response_noise,rbf_unpaired,1.9085778522316037,1,1.0
response_noise,rbf_combined,1.6892631308844688,1,1.0
response_noise,rbf_paired,2.078407467282529,2,1.0
response_noise,rbf_unpaired,1.7198338400583635,2,1.0
response_noise,rbf_combined,1.35388385054542,2,1.0
response_noise,rbf_paired,2.163381955444655,3,1.0
response_noise,rbf_unpaired,1.767163936000801,3,1.0
response_noise,rbf_combined,1.5019743029918307,3,1.0
response_noise,rbf_paired,2.1994197185998514,4,1.0
response_noise,rbf_unpaired,1.7086364713518511,4,1.0
response_noise,rbf_combined,1.5123217878638149,4,1.0
response_noise,rbf_paired,2.1860834086631677,5,1.0
response_noise,rbf_unpaired,1.6539750048303916,5,1.0
response_noise,rbf_combined,1.5794510167819082,5,1.0
response_noise,rbf_paired,2.2028449695153385,6,1.0
response_noise,rbf_unpaired,1.667047043089405,6,1.0
response_noise,rbf_combined,1.452257253249992,6,1.0
response_noise,rbf_paired,1.8118792473597085,7,1.0
response_noise,rbf_unpaired,1.405469768123632,7,1.0
response_noise,rbf_combined,1.230285921261579,7,1.0
response_noise,rbf_paired,2.3837730410080167,8,1.0
response_noise,rbf_unpaired,1.89831320337464,8,1.0
response_noise,rbf_combined,1.6336132493114763,8,1.0
response_noise,rbf_paired,2.3538480442754195,9,1.0
response_noise,rbf_unpaired,1.8001338759818373,9,1.0
response_noise,rbf_combined,1.558315428875192,9,1.0
response_noise,rbf_paired,2.3897622817290665,10,1.0
response_noise,rbf_unpaired,1.7873524154758873,10,1.0
response_noise,rbf_combined,1.5153196932535031,10,1.0
response_noise,rbf_paired,2.0891703294802197,11,1.0
response_noise,rbf_unpaired,1.6506358448761786,11,1.0
response_noise,rbf_combined,1.4742072408593472,11,1.0
response_noise,rbf_paired,2.35883650572451,12,1.0
response_noise,rbf_unpaired,2.2665733639312573,12,1.0
response_noise,rbf_combined,1.5456244554707064,12,1.0
response_noise,rbf_paired,2.646729647820868,13,1.0
response_noise,rbf_unpaired,2.312485362771398,13,1.0
response_noise,rbf_combined,1.793534296748485,13,1.0
response_noise,rbf_paired,2.3265227063854543,14,1.0
response_noise,rbf_unpaired,1.7122544705496872,14,1.0
response_noise,rbf_combined,1.552619243196593,14,1.0
response_noise,rbf_paired,2.1485187904019853,15,1.0
response_noise,rbf_unpaired,1.5425504930553307,15,1.0
response_noise,rbf_combined,1.472148536895059,15,1.0
response_noise,rbf_paired,2.047980251800682,16,1.0
response_noise,rbf_unpaired,1.5684641416539586,16,1.0
response_noise,rbf_combined,1.4074851805553577,16,1.0
response_noise,rbf_paired,2.1538622410362134,17,1.0
response_noise,rbf_unpaired,1.8082553858540134,17,1.0
response_noise,rbf_combined,1.4633839146960828,17,1.0
response_noise,rbf_paired,2.366692813158558,18,1.0
response_noise,rbf_unpaired,1.9789989788620792,18,1.0
response_noise,rbf_combined,1.8780278918084616,18,1.0
response_noise,rbf_paired,2.2970737821698886,19,1.0
response_noise,rbf_unpaired,1.9326404878170282,19,1.0
response_noise,rbf_combined,1.6410415755817158,19,1.0
response_noise,rbf_paired,2.22353036390286,20,1.0
response_noise,rbf_unpaired,1.7782858645565074,20,1.0
response_noise,rbf_combined,1.5809549608364966,20,1.0
response_noise,rbf_paired,2.33574945967877,21,1.0
response_noise,rbf_unpaired,2.0457121622279995,21,1.0
response_noise,rbf_combined,1.6539466735157242,21,1.0
response_noise,rbf_paired,2.396773035461266,22,1.0
response_noise,rbf_unpaired,1.9299675129241218,22,1.0
response_noise,rbf_combined,1.6445142136360347,22,1.0
response_noise,rbf_paired,2.312406348200829,23,1.0
response_noise,rbf_unpaired,1.6850698862568803,23,1.0
response_noise,rbf_combined,1.4681792003824594,23,1.0
response_noise,rbf_paired,2.3545522782915285,24,1.0
response_noise,rbf_unpaired,1.8562011526246394,24,1.0
response_noise,rbf_combined,1.6058531231944857,24,1.0
response_noise,rbf_paired,2.3367579407201595,25,1.0
response_noise,rbf_unpaired,1.824011720576165,25,1.0
response_noise,rbf_combined,1.688856907995756,25,1.0
response_noise,rbf_paired,2.2233607869676315,26,1.0
response_noise,rbf_unpaired,1.915249090367347,26,1.0
response_noise,rbf_combined,1.6019341192138028,26,1.0
response_noise,rbf_paired,2.1161987130061886,27,1.0
response_noise,rbf_unpaired,1.6485524024686478,27,1.0
response_noise,rbf_combined,1.4653560025405623,27,1.0
response_noise,rbf_paired,2.233883668612397,28,1.0
response_noise,rbf_unpaired,1.514902842741329,28,1.0
response_noise,rbf_combined,1.3810179152549829,28,1.0
response_noise,rbf_paired,2.176928198192257,29,1.0
response_noise,rbf_unpaired,1.6380636877353192,29,1.0
response_noise,rbf_combined,1.474120886370936,29,1.0
response_noise,rbf_paired,2.2975751704665535,30,1.0
response_noise,rbf_unpaired,1.7083735690002497,30,1.0
response_noise,rbf_combined,1.611554853164329,30,1.0
response_noise,rbf_paired,2.6256761476786767,31,1.0
response_noise,rbf_unpaired,2.0254756430141527,31,1.0
response_noise,rbf_combined,1.7048332972672806,31,1.0
response_noise,rbf_paired,2.069313954289812,32,1.0
response_noise,rbf_unpaired,1.68591378917523,32,1.0
response_noise,rbf_combined,1.366570078160025,32,1.0
response_noise,rbf_paired,2.2165245545965853,33,1.0
response_noise,rbf_unpaired,1.892841041868549,33,1.0
response_noise,rbf_combined,1.5544182272298452,33,1.0
response_noise,rbf_paired,2.1346811243603754,34,1.0
response_noise,rbf_unpaired,1.6924617545215066,34,1.0
response_noise,rbf_combined,1.6217723910712551,34,1.0
response_noise,rbf_paired,2.196252135127717,35,1.0
response_noise,rbf_unpaired,1.7009638485600946,35,1.0
response_noise,rbf_combined,1.4822318445648022,35,1.0
response_noise,rbf_paired,1.9101409582647522,36,1.0
response_noise,rbf_unpaired,1.3586216292074276,36,1.0
response_noise,rbf_combined,1.2595468932378235,36,1.0
response_noise,rbf_paired,2.060675894900682,37,1.0
response_noise,rbf_unpaired,1.714413305740087,37,1.0
response_noise,rbf_combined,1.4859202061667676,37,1.0
response_noise,rbf_paired,2.01312413974045,38,1.0
response_noise,rbf_unpaired,1.7443032388646273,38,1.0
response_noise,rbf_combined,1.4053212462526044,38,1.0
response_noise,rbf_paired,2.3391728805240377,39,1.0
response_noise,rbf_unpaired,1.734394137480771,39,1.0
response_noise,rbf_combined,1.6233878629249652,39,1.0
response_noise,rbf_paired,2.388438810457152,40,1.0
response_noise,rbf_unpaired,2.0426512971299786,40,1.0
response_noise,rbf_combined,1.6505289558853233,40,1.0
response_noise,rbf_paired,2.499279417034839,41,1.0
response_noise,rbf_unpaired,1.884473371851089,41,1.0
response_noise,rbf_combined,1.696603865565911,41,1.0
response_noise,rbf_paired,2.3670066403210783,42,1.0
response_noise,rbf_unpaired,1.8551365289553228,42,1.0
response_noise,rbf_combined,1.6037614749096927,42,1.0
response_noise,rbf_paired,2.1539274700339215,43,1.0
response_noise,rbf_unpaired,1.6950604956710515,43,1.0
response_noise,rbf_combined,1.4784531261288214,43,1.0
response_noise,rbf_paired,2.277927595078756,44,1.0
response_noise,rbf_unpaired,2.0156219823323243,44,1.0
response_noise,rbf_combined,1.558838649988851,44,1.0
response_noise,rbf_paired,2.591506314082038,45,1.0
response_noise,rbf_unpaired,2.1424054412631706,45,1.0
response_noise,rbf_combined,1.973779470943599,45,1.0
response_noise,rbf_paired,2.1976705247214112,46,1.0
response_noise,rbf_unpaired,1.6658676466381603,46,1.0
response_noise,rbf_combined,1.5249703522075244,46,1.0
response_noise,rbf_paired,1.984821231491794,47,1.0
response_noise,rbf_unpaired,1.9659103818794574,47,1.0
response_noise,rbf_combined,1.3740077065631418,47,1.0
response_noise,rbf_paired,2.3082291729234017,48,1.0
response_noise,rbf_unpaired,1.8581212578549224,48,1.0
response_noise,rbf_combined,1.6075935003909678,48,1.0
response_noise,rbf_paired,2.2156078422730987,49,1.0
response_noise,rbf_unpaired,1.6731856154932925,49,1.0
response_noise,rbf_combined,1.45414247193203,49,1.0
response_noise,rbf_paired,2.1874692684525128,0,2.0
response_noise,rbf_unpaired,1.6664697063376346,0,2.0
response_noise,rbf_combined,1.534544047090935,0,2.0
response_noise,rbf_paired,2.4406089714825994,1,2.0
response_noise,rbf_unpaired,1.9487088997302928,1,2.0
response_noise,rbf_combined,1.7346789796251234,1,2.0
response_noise,rbf_paired,2.148967044291842,2,2.0
response_noise,rbf_unpaired,1.728760940118389,2,2.0
response_noise,rbf_combined,1.39141299461521,2,2.0
response_noise,rbf_paired,2.213317233695736,3,2.0
response_noise,rbf_unpaired,1.8589523181006875,3,2.0
response_noise,rbf_combined,1.5324269773391115,3,2.0
response_noise,rbf_paired,2.2538953012636957,4,2.0
response_noise,rbf_unpaired,1.7319002258371097,4,2.0
response_noise,rbf_combined,1.560424373470939,4,2.0
response_noise,rbf_paired,2.320680335131984,5,2.0
response_noise,rbf_unpaired,1.7176617245165782,5,2.0
response_noise,rbf_combined,1.6597795442710015,5,2.0
response_noise,rbf_paired,2.229288700276886,6,2.0
response_noise,rbf_unpaired,1.6855667216291619,6,2.0
response_noise,rbf_combined,1.4888833956798384,6,2.0
response_noise,rbf_paired,1.8720175702789688,7,2.0
response_noise,rbf_unpaired,1.4670553556951569,7,2.0
response_noise,rbf_combined,1.2607791160077257,7,2.0
response_noise,rbf_paired,2.3942896116112924,8,2.0
response_noise,rbf_unpaired,1.8775453398867539,8,2.0
response_noise,rbf_combined,1.6855575349671124,8,2.0
response_noise,rbf_paired,2.3526187919495145,9,2.0
response_noise,rbf_unpaired,1.8837253035334431,9,2.0
response_noise,rbf_combined,1.617927996288473,9,2.0
response_noise,rbf_paired,2.4360176777436404,10,2.0
response_noise,rbf_unpaired,1.8313082101180127,10,2.0
response_noise,rbf_combined,1.573042423627449,10,2.0
response_noise,rbf_paired,2.193888761064217,11,2.0
response_noise,rbf_unpaired,1.699019105008596,11,2.0
response_noise,rbf_combined,1.5200358364989526,11,2.0
response_noise,rbf_paired,2.413428320620668,12,2.0
response_noise,rbf_unpaired,2.284168538974553,12,2.0
response_noise,rbf_combined,1.602930548835085,12,2.0
response_noise,rbf_paired,2.634474461389893,13,2.0
response_noise,rbf_unpaired,2.331720589842619,13,2.0
response_noise,rbf_combined,1.8591660144429796,13,2.0
response_noise,rbf_paired,2.3567005803000356,14,2.0
response_noise,rbf_unpaired,1.735950472406477,14,2.0
response_noise,rbf_combined,1.5900219836927156,14,2.0
response_noise,rbf_paired,2.20145529364304,15,2.0
response_noise,rbf_unpaired,1.7195840632747796,15,2.0
response_noise,rbf_combined,1.5294968254316763,15,2.0
response_noise,rbf_paired,2.0944503182417007,16,2.0
response_noise,rbf_unpaired,1.6221097370844062,16,2.0
response_noise,rbf_combined,1.4504917747588022,16,2.0
response_noise,rbf_paired,2.179169500612777,17,2.0
response_noise,rbf_unpaired,1.8355976840435215,17,2.0
response_noise,rbf_combined,1.538276006995248,17,2.0
response_noise,rbf_paired,2.4664565454685987,18,2.0
response_noise,rbf_unpaired,2.0164699898760627,18,2.0
response_noise,rbf_combined,1.9074761191430305,18,2.0
response_noise,rbf_paired,2.4141760644174854,19,2.0
response_noise,rbf_unpaired,1.9711414005587913,19,2.0
response_noise,rbf_combined,1.6825418242586758,19,2.0
response_noise,rbf_paired,2.316902583077422,20,2.0
response_noise,rbf_unpaired,1.9001756287503957,20,2.0
response_noise,rbf_combined,1.6317669667113441,20,2.0
response_noise,rbf_paired,2.3601026211791556,21,2.0
response_noise,rbf_unpaired,2.0652597665821872,21,2.0
response_noise,rbf_combined,1.7077305084431629,21,2.0
response_noise,rbf_paired,2.4710025928317676,22,2.0
response_noise,rbf_unpaired,1.9631969875696638,22,2.0
response_noise,rbf_combined,1.7146737624631934,22,2.0
response_noise,rbf_paired,2.3268191384961048,23,2.0
response_noise,rbf_unpaired,1.751914664379462,23,2.0
response_noise,rbf_combined,1.5009131398761313,23,2.0
response_noise,rbf_paired,2.368113740937529,24,2.0
response_noise,rbf_unpaired,1.9093893284028076,24,2.0
response_noise,rbf_combined,1.6532213304737042,24,2.0
response_noise,rbf_paired,2.3938319487130553,25,2.0
response_noise,rbf_unpaired,1.8566108603846396,25,2.0
response_noise,rbf_combined,1.73751504250924,25,2.0
response_noise,rbf_paired,2.253933670829963,26,2.0
response_noise,rbf_unpaired,2.0016065195055135,26,2.0
response_noise,rbf_combined,1.6401351142473506,26,2.0
response_noise,rbf_paired,2.1444356095820756,27,2.0
response_noise,rbf_unpaired,1.6629358445647717,27,2.0
response_noise,rbf_combined,1.5043328920812957,27,2.0
response_noise,rbf_paired,2.3020746598953647,28,2.0
response_noise,rbf_unpaired,1.5587480189691103,28,2.0
response_noise,rbf_combined,1.4379211236677203,28,2.0
response_noise,rbf_paired,2.2091759814312324,29,2.0
response_noise,rbf_unpaired,1.8366527126209033,29,2.0
response_noise,rbf_combined,1.5217179494855064,29,2.0
response_noise,rbf_paired,2.3217371539702927,30,2.0
response_noise,rbf_unpaired,1.7663643237341178,30,2.0
response_noise,rbf_combined,1.6578723378789497,30,2.0
response_noise,rbf_paired,2.6399744932014904,31,2.0
response_noise,rbf_unpaired,2.0546463866580473,31,2.0
response_noise,rbf_combined,1.7603027535856455,31,2.0
response_noise,rbf_paired,2.1185955260025353,32,2.0
response_noise,rbf_unpaired,1.741262884054512,32,2.0
response_noise,rbf_combined,1.419200899571177,32,2.0
response_noise,rbf_paired,2.2518503843413566,33,2.0
response_noise,rbf_unpaired,1.94036801159455,33,2.0
response_noise,rbf_combined,1.598508972536711,33,2.0
response_noise,rbf_paired,2.3507218935285814,34,2.0
response_noise,rbf_unpaired,1.7562363494139848,34,2.0
response_noise,rbf_combined,1.6736291446338944,34,2.0
response_noise,rbf_paired,2.248576450819456,35,2.0
response_noise,rbf_unpaired,1.7375035977739668,35,2.0
response_noise,rbf_combined,1.5281252629138673,35,2.0
response_noise,rbf_paired,1.9478452771264538,36,2.0
response_noise,rbf_unpaired,1.4074033419061533,36,2.0
response_noise,rbf_combined,1.2912460679785014,36,2.0
response_noise,rbf_paired,2.1219461298589186,37,2.0
response_noise,rbf_unpaired,1.7327124419935467,37,2.0
response_noise,rbf_combined,1.4900477802396408,37,2.0
response_noise,rbf_paired,2.111214093911963,38,2.0
response_noise,rbf_unpaired,1.8120288549975463,38,2.0
response_noise,rbf_combined,1.4501086157676468,38,2.0
response_noise,rbf_paired,2.370096537346768,39,2.0
response_noise,rbf_unpaired,1.771637688613898,39,2.0
response_noise,rbf_combined,1.6579458592839498,39,2.0
response_noise,rbf_paired,2.4889938127420406,40,2.0
response_noise,rbf_unpaired,2.071491945807927,40,2.0
response_noise,rbf_combined,1.6980574433163529,40,2.0
response_noise,rbf_paired,2.6214133382717124,41,2.0
response_noise,rbf_unpaired,1.9280810005459563,41,2.0
response_noise,rbf_combined,1.7505079218535289,41,2.0
response_noise,rbf_paired,2.4972041502194773,42,2.0
response_noise,rbf_unpaired,1.938915088582302,42,2.0
response_noise,rbf_combined,1.6671633805056634,42,2.0
response_noise,rbf_paired,2.305002725045815,43,2.0
response_noise,rbf_unpaired,1.7254732553368797,43,2.0
response_noise,rbf_combined,1.5122801334717104,43,2.0
response_noise,rbf_paired,2.292094776966354,44,2.0
response_noise,rbf_unpaired,2.092385268658282,44,2.0
response_noise,rbf_combined,1.6130600870318081,44,2.0
response_noise,rbf_paired,2.583075515397998,45,2.0
response_noise,rbf_unpaired,2.154975505831267,45,2.0
response_noise,rbf_combined,2.0127356256839986,45,2.0
response_noise,rbf_paired,2.237000754827963,46,2.0
response_noise,rbf_unpaired,1.750552795457687,46,2.0
response_noise,rbf_combined,1.5887678550370805,46,2.0
response_noise,rbf_paired,2.021674166312917,47,2.0
response_noise,rbf_unpaired,2.0327393179904605,47,2.0
response_noise,rbf_combined,1.4276865045156688,47,2.0
response_noise,rbf_paired,2.4095502499163652,48,2.0
response_noise,rbf_unpaired,1.936262667191661,48,2.0
response_noise,rbf_combined,1.6690557968662711,48,2.0
response_noise,rbf_paired,2.27067691061069,49,2.0
response_noise,rbf_unpaired,1.670240192052044,49,2.0
response_noise,rbf_combined,1.4931374704293001,49,2.0
response_noise,rbf_paired,2.245678584954906,0,5.0
response_noise,rbf_unpaired,1.9098022884056962,0,5.0
response_noise,rbf_combined,1.72266506683029,0,5.0
response_noise,rbf_paired,2.4748224263651943,1,5.0
response_noise,rbf_unpaired,2.1349096276234314,1,5.0
response_noise,rbf_combined,1.9508592996823744,1,5.0
response_noise,rbf_paired,2.206450357089803,2,5.0
response_noise,rbf_unpaired,1.909281067724882,2,5.0
response_noise,rbf_combined,1.5742321240170665,2,5.0
response_noise,rbf_paired,2.3493263944699647,3,5.0
response_noise,rbf_unpaired,2.093573238295767,3,5.0
response_noise,rbf_combined,1.766874555581371,3,5.0
response_noise,rbf_paired,2.382438373681177,4,5.0
response_noise,rbf_unpaired,1.9942916704169553,4,5.0
response_noise,rbf_combined,1.772997965360838,4,5.0
response_noise,rbf_paired,2.3994582946778285,5,5.0
response_noise,rbf_unpaired,2.133410166213656,5,5.0
response_noise,rbf_combined,1.912035481134137,5,5.0
response_noise,rbf_paired,2.2698926814630784,6,5.0
response_noise,rbf_unpaired,1.9284139968778278,6,5.0
response_noise,rbf_combined,1.6856559357464052,6,5.0
response_noise,rbf_paired,1.9409423482822876,7,5.0
response_noise,rbf_unpaired,1.736904471529883,7,5.0
response_noise,rbf_combined,1.4389155058514274,7,5.0
response_noise,rbf_paired,2.4348318416372225,8,5.0
response_noise,rbf_unpaired,1.9837898993121508,8,5.0
response_noise,rbf_combined,1.9128375768843928,8,5.0
response_noise,rbf_paired,2.4301621972614376,9,5.0
response_noise,rbf_unpaired,2.1983989177493473,9,5.0
response_noise,rbf_combined,1.8323411740156876,9,5.0
response_noise,rbf_paired,2.5073073883588775,10,5.0
response_noise,rbf_unpaired,2.0611544705118097,10,5.0
response_noise,rbf_combined,1.8601437546913935,10,5.0
response_noise,rbf_paired,2.3430262360630536,11,5.0
response_noise,rbf_unpaired,2.2059092278042556,11,5.0
response_noise,rbf_combined,1.7560304515499268,11,5.0
response_noise,rbf_paired,2.4711170950824894,12,5.0
response_noise,rbf_unpaired,2.3754962233879215,12,5.0
response_noise,rbf_combined,1.8132003332624946,12,5.0
response_noise,rbf_paired,2.7180375811944497,13,5.0
response_noise,rbf_unpaired,2.3841892205372583,13,5.0
response_noise,rbf_combined,2.1167954742042614,13,5.0
response_noise,rbf_paired,2.4196397341265814,14,5.0
response_noise,rbf_unpaired,2.0115313567230513,14,5.0
response_noise,rbf_combined,1.861117058585803,14,5.0
response_noise,rbf_paired,2.2889053116172207,15,5.0
response_noise,rbf_unpaired,1.899151635909921,15,5.0
response_noise,rbf_combined,1.739608905101864,15,5.0
response_noise,rbf_paired,2.1305877739974464,16,5.0
response_noise,rbf_unpaired,1.9261703803809072,16,5.0
response_noise,rbf_combined,1.656395481715128,16,5.0
response_noise,rbf_paired,2.210841231749173,17,5.0
response_noise,rbf_unpaired,2.0296413678187823,17,5.0
response_noise,rbf_combined,1.8019924309317026,17,5.0
response_noise,rbf_paired,2.701137989392513,18,5.0
response_noise,rbf_unpaired,2.275617289067347,18,5.0
response_noise,rbf_combined,2.118596089954755,18,5.0
response_noise,rbf_paired,2.5361654692680213,19,5.0
response_noise,rbf_unpaired,2.2308502270568487,19,5.0
response_noise,rbf_combined,1.921083429253126,19,5.0
response_noise,rbf_paired,2.408256382484789,20,5.0
response_noise,rbf_unpaired,2.062235550502482,20,5.0
response_noise,rbf_combined,1.8490290222734742,20,5.0
response_noise,rbf_paired,2.382829922265021,21,5.0
response_noise,rbf_unpaired,2.2419659631535556,21,5.0
response_noise,rbf_combined,1.9410253734592522,21,5.0
response_noise,rbf_paired,2.5723157425174645,22,5.0
response_noise,rbf_unpaired,2.243404542208142,22,5.0
response_noise,rbf_combined,1.938060257023511,22,5.0
response_noise,rbf_paired,2.445220070882938,23,5.0
response_noise,rbf_unpaired,2.3135733610712172,23,5.0
response_noise,rbf_combined,1.737993020526543,23,5.0
response_noise,rbf_paired,2.4251893473634074,24,5.0
response_noise,rbf_unpaired,2.2347324983501404,24,5.0
response_noise,rbf_combined,1.8955272055578165,24,5.0
response_noise,rbf_paired,2.506668701084012,25,5.0
response_noise,rbf_unpaired,2.0214497435494128,25,5.0
response_noise,rbf_combined,1.9261509943191213,25,5.0
response_noise,rbf_paired,2.2822242382944404,26,5.0
response_noise,rbf_unpaired,2.185408642168132,26,5.0
response_noise,rbf_combined,1.841647495972842,26,5.0
response_noise,rbf_paired,2.214333473669194,27,5.0
response_noise,rbf_unpaired,1.8481234605668335,27,5.0
response_noise,rbf_combined,1.6859630534068524,27,5.0
response_noise,rbf_paired,2.342488098461672,28,5.0
response_noise,rbf_unpaired,2.056110090813138,28,5.0
response_noise,rbf_combined,1.681436632722882,28,5.0
response_noise,rbf_paired,2.2986947021655397,29,5.0
response_noise,rbf_unpaired,1.9509278481451537,29,5.0
response_noise,rbf_combined,1.7346222625293481,29,5.0
response_noise,rbf_paired,2.4293901486664193,30,5.0
response_noise,rbf_unpaired,2.163876699633402,30,5.0
response_noise,rbf_combined,1.877342520717727,30,5.0
response_noise,rbf_paired,2.716434103066456,31,5.0
response_noise,rbf_unpaired,2.4357237194754213,31,5.0
response_noise,rbf_combined,2.0475159288264266,31,5.0
response_noise,rbf_paired,2.165164810793277,32,5.0
response_noise,rbf_unpaired,1.926416957659617,32,5.0
response_noise,rbf_combined,1.6679820999397237,32,5.0
response_noise,rbf_paired,2.361200897861292,33,5.0
response_noise,rbf_unpaired,2.2971852594286712,33,5.0
response_noise,rbf_combined,1.8671000369177666,33,5.0
response_noise,rbf_paired,2.445830006301348,34,5.0
response_noise,rbf_unpaired,2.097558117325273,34,5.0
response_noise,rbf_combined,1.8583628731411974,34,5.0
response_noise,rbf_paired,2.3735517078454076,35,5.0
response_noise,rbf_unpaired,1.970293592070092,35,5.0
response_noise,rbf_combined,1.7559847639346962,35,5.0
response_noise,rbf_paired,2.031960371789717,36,5.0
response_noise,rbf_unpaired,1.7912546569306993,36,5.0
response_noise,rbf_combined,1.5185205319855584,36,5.0
response_noise,rbf_paired,2.203083432065548,37,5.0
response_noise,rbf_unpaired,1.9433280080192574,37,5.0
response_noise,rbf_combined,1.668197323661206,37,5.0
response_noise,rbf_paired,2.163912235665955,38,5.0
response_noise,rbf_unpaired,2.0553957355169907,38,5.0
response_noise,rbf_combined,1.6956221475452917,38,5.0
response_noise,rbf_paired,2.404823764095692,39,5.0
response_noise,rbf_unpaired,2.120273464307155,39,5.0
response_noise,rbf_combined,1.8503449300692516,39,5.0
response_noise,rbf_paired,2.542461146297174,40,5.0
response_noise,rbf_unpaired,2.2169864540985156,40,5.0
response_noise,rbf_combined,1.9228113606922448,40,5.0
response_noise,rbf_paired,2.7038838638790175,41,5.0
response_noise,rbf_unpaired,2.1232729446011764,41,5.0
response_noise,rbf_combined,1.9975565385019893,41,5.0
response_noise,rbf_paired,2.5379280657380785,42,5.0
response_noise,rbf_unpaired,2.2312759425936566,42,5.0
response_noise,rbf_combined,1.9327511136618554,42,5.0
response_noise,rbf_paired,2.5208052948416917,43,5.0
response_noise,rbf_unpaired,2.071659633047031,43,5.0
response_noise,rbf_combined,1.7247365414521114,43,5.0
response_noise,rbf_paired,2.3555555965225037,44,5.0
response_noise,rbf_unpaired,2.268196570049097,44,5.0
response_noise,rbf_combined,1.80707939103913,44,5.0
response_noise,rbf_paired,2.6576094891635464,45,5.0
response_noise,rbf_unpaired,2.316585692283082,45,5.0
response_noise,rbf_combined,2.108390115548521,45,5.0
response_noise,rbf_paired,2.3318237982161754,46,5.0
response_noise,rbf_unpaired,2.1350322676796463,46,5.0
response_noise,rbf_combined,1.8006524849175896,46,5.0
response_noise,rbf_paired,2.093696050513139,47,5.0
response_noise,rbf_unpaired,2.110033821684034,47,5.0
response_noise,rbf_combined,1.5959322780623035,47,5.0
response_noise,rbf_paired,2.4510000390464155,48,5.0
response_noise,rbf_unpaired,2.307274785579537,48,5.0
response_noise,rbf_combined,1.8889576510323356,48,5.0
response_noise,rbf_paired,2.2876627833856165,49,5.0
response_noise,rbf_unpaired,2.0443604131948785,49,5.0
response_noise,rbf_combined,1.750208380393064,49,5.0
response_noise,rbf_paired,2.2661865846333584,0,10.0
response_noise,rbf_unpaired,2.2047092742682532,0,10.0
response_noise,rbf_combined,2.017860176029662,0,10.0
response_noise,rbf_paired,2.4734423721485226,1,10.0
response_noise,rbf_unpaired,2.352059840730219,1,10.0
response_noise,rbf_combined,2.2162545863286485,1,10.0
response_noise,rbf_paired,2.2277574089724497,2,10.0
response_noise,rbf_unpaired,2.0850014457351884,2,10.0
response_noise,rbf_combined,1.8329645650434234,2,10.0
response_noise,rbf_paired,2.3605082403420785,3,10.0
response_noise,rbf_unpaired,2.3458142074323853,3,10.0
response_noise,rbf_combined,2.038480316241246,3,10.0
response_noise,rbf_paired,2.4018398884795458,4,10.0
response_noise,rbf_unpaired,2.311337316004771,4,10.0
response_noise,rbf_combined,2.060106011276867,4,10.0
response_noise,rbf_paired,2.4414575425396103,5,10.0
response_noise,rbf_unpaired,2.4279186054534736,5,10.0
response_noise,rbf_combined,2.241721502688615,5,10.0
response_noise,rbf_paired,2.307980704799012,6,10.0
response_noise,rbf_unpaired,2.1906877673813803,6,10.0
response_noise,rbf_combined,2.008830480542084,6,10.0
response_noise,rbf_paired,1.9359256116772845,7,10.0
response_noise,rbf_unpaired,1.91009887035735,7,10.0
response_noise,rbf_combined,1.70026123143463,7,10.0
response_noise,rbf_paired,2.4345931015278546,8,10.0
response_noise,rbf_unpaired,2.22506177505699,8,10.0
response_noise,rbf_combined,2.1720954668882917,8,10.0
response_noise,rbf_paired,2.4593395497632424,9,10.0
response_noise,rbf_unpaired,2.379237769433367,9,10.0
response_noise,rbf_combined,2.138680371349052,9,10.0
response_noise,rbf_paired,2.4891085133549717,10,10.0
response_noise,rbf_unpaired,2.369104041259996,10,10.0
response_noise,rbf_combined,2.1432991596943185,10,10.0
response_noise,rbf_paired,2.396220571024384,11,10.0
response_noise,rbf_unpaired,2.35915215861509,11,10.0
response_noise,rbf_combined,2.0305490227291902,11,10.0
response_noise,rbf_paired,2.4778164093607327,12,10.0
response_noise,rbf_unpaired,2.4079719068402827,12,10.0
response_noise,rbf_combined,2.0966600624079135,12,10.0
response_noise,rbf_paired,2.759257391449743,13,10.0
response_noise,rbf_unpaired,2.6630544299195757,13,10.0
response_noise,rbf_combined,2.37416134719189,13,10.0
response_noise,rbf_paired,2.440704544398562,14,10.0
response_noise,rbf_unpaired,2.2809528152701826,14,10.0
response_noise,rbf_combined,2.171793596740754,14,10.0
response_noise,rbf_paired,2.3430032071498457,15,10.0
response_noise,rbf_unpaired,2.25026307538551,15,10.0
response_noise,rbf_combined,2.032249175678377,15,10.0
response_noise,rbf_paired,2.1453522233627687,16,10.0
response_noise,rbf_unpaired,2.0889608069440717,16,10.0
response_noise,rbf_combined,1.9250716022093914,16,10.0
response_noise,rbf_paired,2.2381014011732034,17,10.0
response_noise,rbf_unpaired,2.21443010505809,17,10.0
response_noise,rbf_combined,2.0382200876604544,17,10.0
response_noise,rbf_paired,2.7450157031602838,18,10.0
response_noise,rbf_unpaired,2.583114092562647,18,10.0
response_noise,rbf_combined,2.411783414338068,18,10.0
response_noise,rbf_paired,2.5299990800128134,19,10.0
response_noise,rbf_unpaired,2.5318300229688036,19,10.0
response_noise,rbf_combined,2.2375529205843967,19,10.0
response_noise,rbf_paired,2.463206060647833,20,10.0
response_noise,rbf_unpaired,2.3100315995325906,20,10.0
response_noise,rbf_combined,2.1664844648543524,20,10.0
response_noise,rbf_paired,2.4035304869872234,21,10.0
response_noise,rbf_unpaired,2.321441660712603,21,10.0
response_noise,rbf_combined,2.1839891939836695,21,10.0
response_noise,rbf_paired,2.5892729358074176,22,10.0
response_noise,rbf_unpaired,2.5183510520931445,22,10.0
response_noise,rbf_combined,2.3127843001627015,22,10.0
response_noise,rbf_paired,2.447866935183587,23,10.0
response_noise,rbf_unpaired,2.5191176960424846,23,10.0
response_noise,rbf_combined,2.075236437208572,23,10.0
response_noise,rbf_paired,2.458358202755132,24,10.0
response_noise,rbf_unpaired,2.383988740834468,24,10.0
response_noise,rbf_combined,2.1880410660358844,24,10.0
response_noise,rbf_paired,2.5246684133013066,25,10.0
response_noise,rbf_unpaired,2.2976865992096065,25,10.0
response_noise,rbf_combined,2.122060469949776,25,10.0
response_noise,rbf_paired,2.292217347638923,26,10.0
response_noise,rbf_unpaired,2.275823276170144,26,10.0
response_noise,rbf_combined,2.068351411075877,26,10.0
response_noise,rbf_paired,2.2211304165241743,27,10.0
response_noise,rbf_unpaired,2.1430179523715047,27,10.0
response_noise,rbf_combined,1.9203042140094946,27,10.0
response_noise,rbf_paired,2.34515361907955,28,10.0
response_noise,rbf_unpaired,2.1575033939488977,28,10.0
response_noise,rbf_combined,1.9427573707369277,28,10.0
response_noise,rbf_paired,2.288589376913657,29,10.0
response_noise,rbf_unpaired,2.2056056893883635,29,10.0
response_noise,rbf_combined,2.0330243910924715,29,10.0
response_noise,rbf_paired,2.4325232351228046,30,10.0
response_noise,rbf_unpaired,2.4535460027902714,30,10.0
response_noise,rbf_combined,2.1847541030992925,30,10.0
response_noise,rbf_paired,2.7791618593478438,31,10.0
response_noise,rbf_unpaired,2.5985588257822956,31,10.0
response_noise,rbf_combined,2.372896369640227,31,10.0
response_noise,rbf_paired,2.186889889040846,32,10.0
response_noise,rbf_unpaired,2.1559232926951863,32,10.0
response_noise,rbf_combined,1.920616671648874,32,10.0
response_noise,rbf_paired,2.3275364106367262,33,10.0
response_noise,rbf_unpaired,2.3632979268254024,33,10.0
response_noise,rbf_combined,2.175609346837577,33,10.0
response_noise,rbf_paired,2.4483449569144575,34,10.0
response_noise,rbf_unpaired,2.3363689938825516,34,10.0
response_noise,rbf_combined,2.129053292382379,34,10.0
response_noise,rbf_paired,2.391922061153561,35,10.0
response_noise,rbf_unpaired,2.174719602955094,35,10.0
response_noise,rbf_combined,2.0108404765052894,35,10.0
response_noise,rbf_paired,2.042944162352299,36,10.0
response_noise,rbf_unpaired,2.0241050131844602,36,10.0
response_noise,rbf_combined,1.7768292845495137,36,10.0
response_noise,rbf_paired,2.2073887773823895,37,10.0
response_noise,rbf_unpaired,2.0831837179013797,37,10.0
response_noise,rbf_combined,1.946869995110868,37,10.0
response_noise,rbf_paired,2.141115375794198,38,10.0
response_noise,rbf_unpaired,2.15435406914245,38,10.0
response_noise,rbf_combined,1.9592224851112088,38,10.0
response_noise,rbf_paired,2.415162308963593,39,10.0
response_noise,rbf_unpaired,2.4164614089222876,39,10.0
response_noise,rbf_combined,2.1921596920976945,39,10.0
response_noise,rbf_paired,2.574306827394732,40,10.0
response_noise,rbf_unpaired,2.578663975561917,40,10.0
response_noise,rbf_combined,2.275674747881802,40,10.0
response_noise,rbf_paired,2.714396457069539,41,10.0
response_noise,rbf_unpaired,2.4591757922675392,41,10.0
response_noise,rbf_combined,2.281743874567857,41,10.0
response_noise,rbf_paired,2.5616667154175183,42,10.0
response_noise,rbf_unpaired,2.427297731166672,42,10.0
response_noise,rbf_combined,2.298672922194355,42,10.0
response_noise,rbf_paired,2.5509768338317587,43,10.0
response_noise,rbf_unpaired,2.39765072495839,43,10.0
response_noise,rbf_combined,2.0864411473427174,43,10.0
response_noise,rbf_paired,2.3784571497921467,44,10.0
response_noise,rbf_unpaired,2.3894184928233564,44,10.0
response_noise,rbf_combined,2.1202512021078057,44,10.0
response_noise,rbf_paired,2.6592277227892294,45,10.0
response_noise,rbf_unpaired,2.608599959305163,45,10.0
response_noise,rbf_combined,2.330539404962273,45,10.0
response_noise,rbf_paired,2.339211476926504,46,10.0
response_noise,rbf_unpaired,2.379552165706934,46,10.0
response_noise,rbf_combined,2.05174331054872,46,10.0
response_noise,rbf_paired,2.1324871706457076,47,10.0
response_noise,rbf_unpaired,2.1512207010918427,47,10.0
response_noise,rbf_combined,1.8703660605925516,47,10.0
response_noise,rbf_paired,2.4569872132213106,48,10.0
response_noise,rbf_unpaired,2.4410646139959384,48,10.0
response_noise,rbf_combined,2.1655773624778103,48,10.0
response_noise,rbf_paired,2.3115192375284055,49,10.0
response_noise,rbf_unpaired,2.236488693808499,49,10.0
response_noise,rbf_combined,2.058700321170457,49,10.0
