experiment,estimator,mae,seed,obs_prob
task_parity,rbf_paired,1.7003672943576875,0,0.1
task_parity,rbf_unpaired,1.5059188087021813,0,0.1
task_parity,rbf_combined,1.5301859160247537,0,0.1
task_parity,rbf_paired,1.885615754335366,1,0.1
task_parity,rbf_unpaired,1.8437179060834334,1,0.1
task_parity,rbf_combined,1.774092157479665,1,0.1
task_parity,rbf_paired,1.771036457773371,2,0.1
task_parity,rbf_unpaired,1.6227870700986204,2,0.1
task_parity,rbf_combined,1.4757582702956853,2,0.1
task_parity,rbf_paired,1.7190253484848559,3,0.1
task_parity,rbf_unpaired,1.5473812700857725,3,0.1
task_parity,rbf_combined,1.478283296371552,3,0.1
task_parity,rbf_paired,1.836604281867079,4,0.1
task_parity,rbf_unpaired,1.7310762387282586,4,0.1
task_parity,rbf_combined,1.5639631732049462,4,0.1
task_parity,rbf_paired,1.9228440531337123,5,0.1
task_parity,rbf_unpaired,1.747947236687961,5,0.1
task_parity,rbf_combined,1.580854685737409,5,0.1
task_parity,rbf_paired,1.7599863396805877,6,0.1
task_parity,rbf_unpaired,1.4131685513975687,6,0.1
task_parity,rbf_combined,1.355670967714185,6,0.1
task_parity,rbf_paired,1.4826087233635334,7,0.1
task_parity,rbf_unpaired,1.3336939362341815,7,0.1
task_parity,rbf_combined,1.2621098210576813,7,0.1
task_parity,rbf_paired,1.8772509313249968,8,0.1
task_parity,rbf_unpaired,1.764030223718831,8,0.1
task_parity,rbf_combined,1.6135967329136105,8,0.1
task_parity,rbf_paired,1.9732341839645224,9,0.1
task_parity,rbf_unpaired,1.675236297886554,9,0.1
task_parity,rbf_combined,1.6030549189156407,9,0.1
task_parity,rbf_paired,1.8647769522682158,10,0.1
task_parity,rbf_unpaired,1.7533559264153087,10,0.1
task_parity,rbf_combined,1.652567620340344,10,0.1
task_parity,rbf_paired,1.7251117679135928,11,0.1
task_parity,rbf_unpaired,1.514270512599311,11,0.1
task_parity,rbf_combined,1.4941398053191517,11,0.1
task_parity,rbf_paired,1.9025190647526775,12,0.1
task_parity,rbf_unpaired,1.8217551085507662,12,0.1
task_parity,rbf_combined,1.6765112952311745,12,0.1
task_parity,rbf_paired,1.9806797659855953,13,0.1
task_parity,rbf_unpaired,1.8598664728706709,13,0.1
task_parity,rbf_combined,1.7469569715432454,13,0.1
task_parity,rbf_paired,1.8288137559880784,14,0.1
task_parity,rbf_unpaired,1.5901294731168931,14,0.1
task_parity,rbf_combined,1.5628706048490544,14,0.1
task_parity,rbf_paired,1.757703210594961,15,0.1
task_parity,rbf_unpaired,1.5843411678392278,15,0.1
task_parity,rbf_combined,1.5307420759259072,15,0.1
task_parity,rbf_paired,1.6209369714845732,16,0.1
task_parity,rbf_unpaired,1.4905121182323826,16,0.1
task_parity,rbf_combined,1.4135680739027299,16,0.1
task_parity,rbf_paired,1.7991647170675862,17,0.1
task_parity,rbf_unpaired,1.66524866938833,17,0.1
task_parity,rbf_combined,1.425369796310348,17,0.1
task_parity,rbf_paired,2.052972206844884,18,0.1
task_parity,rbf_unpaired,1.8207394346824104,18,0.1
task_parity,rbf_combined,1.7963564075916427,18,0.1
task_parity,rbf_paired,1.948636172154095,19,0.1
task_parity,rbf_unpaired,1.6731720277153568,19,0.1
task_parity,rbf_combined,1.6006659855210241,19,0.1
task_parity,rbf_paired,1.829618982790429,20,0.1
task_parity,rbf_unpaired,1.7501158588191728,20,0.1
task_parity,rbf_combined,1.5343097726422597,20,0.1
task_parity,rbf_paired,1.9316138400356218,21,0.1
task_parity,rbf_unpaired,1.792790664129894,21,0.1
task_parity,rbf_combined,1.5553253946626633,21,0.1
task_parity,rbf_paired,2.0077483146606308,22,0.1
task_parity,rbf_unpaired,1.9227318315843585,22,0.1
task_parity,rbf_combined,1.6750549420497152,22,0.1
task_parity,rbf_paired,1.881105926255077,23,0.1
task_parity,rbf_unpaired,1.6460144824538252,23,0.1
task_parity,rbf_combined,1.5454156480558259,23,0.1
task_parity,rbf_paired,1.810411693133173,24,0.1
task_parity,rbf_unpaired,1.7537163175544808,24,0.1
task_parity,rbf_combined,1.6220810913263648,24,0.1
task_parity,rbf_paired,2.013153229202641,25,0.1
task_parity,rbf_unpaired,1.7948755569424515,25,0.1
task_parity,rbf_combined,1.6623101129410525,25,0.1
task_parity,rbf_paired,1.8053425786071096,26,0.1
task_parity,rbf_unpaired,1.5768366452108096,26,0.1
task_parity,rbf_combined,1.5220647807200633,26,0.1
task_parity,rbf_paired,1.673839509925372,27,0.1
task_parity,rbf_unpaired,1.6477139014859534,27,0.1
task_parity,rbf_combined,1.4839765185018494,27,0.1
task_parity,rbf_paired,1.7718911262707122,28,0.1
task_parity,rbf_unpaired,1.6465977687047915,28,0.1
task_parity,rbf_combined,1.5144531265515415,28,0.1
task_parity,rbf_paired,1.7162055136007734,29,0.1
task_parity,rbf_unpaired,1.5012156642527692,29,0.1
task_parity,rbf_combined,1.484708162109251,29,0.1
task_parity,rbf_paired,2.0081832877390022,30,0.1
task_parity,rbf_unpaired,1.8654858830597119,30,0.1
task_parity,rbf_combined,1.6461138912498596,30,0.1
task_parity,rbf_paired,2.067435284129493,31,0.1
task_parity,rbf_unpaired,1.8157996405454797,31,0.1
task_parity,rbf_combined,1.8218066949582146,31,0.1
task_parity,rbf_paired,1.7286889349139862,32,0.1
task_parity,rbf_unpaired,1.5454049251442687,32,0.1
task_parity,rbf_combined,1.3939137947684759,32,0.1
task_parity,rbf_paired,2.000853785643641,33,0.1
task_parity,rbf_unpaired,1.8792673114091358,33,0.1
task_parity,rbf_combined,1.6427706669470694,33,0.1
task_parity,rbf_paired,1.9383410035740318,34,0.1
task_parity,rbf_unpaired,1.7761103900385065,34,0.1
task_parity,rbf_combined,1.674565714674959,34,0.1
task_parity,rbf_paired,1.7848330945044315,35,0.1
task_parity,rbf_unpaired,1.6213487044339585,35,0.1
task_parity,rbf_combined,1.4582776238536888,35,0.1
task_parity,rbf_paired,1.627696644676034,36,0.1
task_parity,rbf_unpaired,1.405777745803339,36,0.1
task_parity,rbf_combined,1.3382840582805327,36,0.1
task_parity,rbf_paired,1.7519616403704923,37,0.1
task_parity,rbf_unpaired,1.6793209206868702,37,0.1
task_parity,rbf_combined,1.4586662356738487,37,0.1
task_parity,rbf_paired,1.6237903694333955,38,0.1
task_parity,rbf_unpaired,1.4304157587764192,38,0.1
task_parity,rbf_combined,1.4024872161485786,38,0.1
task_parity,rbf_paired,1.8125042986635647,39,0.1
task_parity,rbf_unpaired,1.6818052817842937,39,0.1
task_parity,rbf_combined,1.6507606896969076,39,0.1
task_parity,rbf_paired,1.9673044490805394,40,0.1
task_parity,rbf_unpaired,1.9044776945287065,40,0.1
task_parity,rbf_combined,1.63799766600857,40,0.1
task_parity,rbf_paired,2.010973417338904,41,0.1
task_parity,rbf_unpaired,2.0537372184785223,41,0.1
task_parity,rbf_combined,1.785045610561814,41,0.1
task_parity,rbf_paired,1.9299838740133455,42,0.1
task_parity,rbf_unpaired,1.8243459897101628,42,0.1
task_parity,rbf_combined,1.669818560933901,42,0.1
task_parity,rbf_paired,1.8655248466868284,43,0.1
task_parity,rbf_unpaired,1.773853949911242,43,0.1
task_parity,rbf_combined,1.5113057800693492,43,0.1
task_parity,rbf_paired,1.7950719259123151,44,0.1
task_parity,rbf_unpaired,1.6579154867464667,44,0.1
task_parity,rbf_combined,1.565010302500302,44,0.1
task_parity,rbf_paired,2.1355711258458574,45,0.1
task_parity,rbf_unpaired,1.9859428417734133,45,0.1
task_parity,rbf_combined,1.6894096482671563,45,0.1
task_parity,rbf_paired,1.78553544353652,46,0.1
task_parity,rbf_unpaired,1.7270162426347802,46,0.1
task_parity,rbf_combined,1.5590252280179184,46,0.1
task_parity,rbf_paired,1.5843766224402243,47,0.1
task_parity,rbf_unpaired,1.5074864458956898,47,0.1
task_parity,rbf_combined,1.4171685306814026,47,0.1
task_parity,rbf_paired,1.8206544893187535,48,0.1
task_parity,rbf_unpaired,1.6619242055678414,48,0.1
task_parity,rbf_combined,1.5518266538194885,48,0.1
task_parity,rbf_paired,1.9086186114250592,49,0.1
task_parity,rbf_unpaired,1.7440396610389162,49,0.1
task_parity,rbf_combined,1.6211407229767787,49,0.1
task_parity,rbf_paired,1.726898527113473,0,0.2
task_parity,rbf_unpaired,1.3831532858070297,0,0.2
task_parity,rbf_combined,1.1583828534237155,0,0.2
task_parity,rbf_paired,1.8130556741403352,1,0.2
task_parity,rbf_unpaired,1.5644371340391627,1,0.2
task_parity,rbf_combined,1.4100119577575316,1,0.2
task_parity,rbf_paired,1.691562789689498,2,0.2
task_parity,rbf_unpaired,1.456006832912944,2,0.2
task_parity,rbf_combined,1.1899366181177342,2,0.2
task_parity,rbf_paired,1.7733185606252815,3,0.2
task_parity,rbf_unpaired,1.3361406115527337,3,0.2
task_parity,rbf_combined,1.1781589836329052,3,0.2
task_parity,rbf_paired,1.7915479569767292,4,0.2
task_parity,rbf_unpaired,1.4511007361061201,4,0.2
task_parity,rbf_combined,1.2868873429436933,4,0.2
task_parity,rbf_paired,1.8686858741332246,5,0.2
task_parity,rbf_unpaired,1.4553613540688974,5,0.2
task_parity,rbf_combined,1.3223380268591491,5,0.2
task_parity,rbf_paired,1.6607371298356157,6,0.2
task_parity,rbf_unpaired,1.3247981643566664,6,0.2
task_parity,rbf_combined,1.170070889686185,6,0.2
task_parity,rbf_paired,1.449411801346251,7,0.2
task_parity,rbf_unpaired,1.0429509562156103,7,0.2
task_parity,rbf_combined,1.0347344110578909,7,0.2
task_parity,rbf_paired,1.744946649897646,8,0.2
task_parity,rbf_unpaired,1.4441085517703691,8,0.2
task_parity,rbf_combined,1.3084823368727987,8,0.2
task_parity,rbf_paired,1.8850468031971945,9,0.2
task_parity,rbf_unpaired,1.4221517967204502,9,0.2
task_parity,rbf_combined,1.2700136531981587,9,0.2
task_parity,rbf_paired,1.882139782653045,10,0.2
task_parity,rbf_unpaired,1.5350810075904022,10,0.2
task_parity,rbf_combined,1.3198481912042417,10,0.2
task_parity,rbf_paired,1.7135055174530354,11,0.2
task_parity,rbf_unpaired,1.4002775397637948,11,0.2
task_parity,rbf_combined,1.2510184842784866,11,0.2
task_parity,rbf_paired,1.8713295450050027,12,0.2
task_parity,rbf_unpaired,1.6952140495544874,12,0.2
task_parity,rbf_combined,1.3101718827418622,12,0.2
task_parity,rbf_paired,1.9867336693952224,13,0.2
task_parity,rbf_unpaired,1.6983047168794667,13,0.2
task_parity,rbf_combined,1.4399117546023525,13,0.2
task_parity,rbf_paired,1.8005805760495945,14,0.2
task_parity,rbf_unpaired,1.370814022245702,14,0.2
task_parity,rbf_combined,1.3386721692533579,14,0.2
task_parity,rbf_paired,1.750081073330337,15,0.2
task_parity,rbf_unpaired,1.3954529482748759,15,0.2
task_parity,rbf_combined,1.2258948032391956,15,0.2
task_parity,rbf_paired,1.6140096647786766,16,0.2
task_parity,rbf_unpaired,1.310951714015141,16,0.2
task_parity,rbf_combined,1.1675198670705493,16,0.2
task_parity,rbf_paired,1.79582700943134,17,0.2
task_parity,rbf_unpaired,1.451082652494216,17,0.2
task_parity,rbf_combined,1.1887452093449622,17,0.2
task_parity,rbf_paired,2.002649177977092,18,0.2
task_parity,rbf_unpaired,1.7386681615956523,18,0.2
task_parity,rbf_combined,1.461606350822361,18,0.2
task_parity,rbf_paired,1.921523429432566,19,0.2
task_parity,rbf_unpaired,1.5077715999393095,19,0.2
task_parity,rbf_combined,1.357998343867791,19,0.2
task_parity,rbf_paired,1.7989840325411626,20,0.2
task_parity,rbf_unpaired,1.4459446498109882,20,0.2
task_parity,rbf_combined,1.3313591022839775,20,0.2
task_parity,rbf_paired,1.8140924164941337,21,0.2
task_parity,rbf_unpaired,1.5391188308428587,21,0.2
task_parity,rbf_combined,1.3240319221783914,21,0.2
task_parity,rbf_paired,1.9194076200284258,22,0.2
task_parity,rbf_unpaired,1.7318135095212452,22,0.2
task_parity,rbf_combined,1.4352844997841419,22,0.2
task_parity,rbf_paired,1.8018028597262656,23,0.2
task_parity,rbf_unpaired,1.328291556795151,23,0.2
task_parity,rbf_combined,1.2472697876155554,23,0.2
task_parity,rbf_paired,1.8601127080774233,24,0.2
task_parity,rbf_unpaired,1.551413262762429,24,0.2
task_parity,rbf_combined,1.2622267890115824,24,0.2
task_parity,rbf_paired,1.9024818204186518,25,0.2
task_parity,rbf_unpaired,1.5164496024835759,25,0.2
task_parity,rbf_combined,1.4141621065237282,25,0.2
task_parity,rbf_paired,1.79016197289205,26,0.2
task_parity,rbf_unpaired,1.44710056362991,26,0.2
task_parity,rbf_combined,1.2945473743973601,26,0.2
task_parity,rbf_paired,1.6979604562087198,27,0.2
task_parity,rbf_unpaired,1.3045661092699712,27,0.2
task_parity,rbf_combined,1.228661055649366,27,0.2
task_parity,rbf_paired,1.7928910402741711,28,0.2
task_parity,rbf_unpaired,1.36019160523859,28,0.2
task_parity,rbf_combined,1.2200902651697265,28,0.2
task_parity,rbf_paired,1.705974032581991,29,0.2
task_parity,rbf_unpaired,1.3984533238788976,29,0.2
task_parity,rbf_combined,1.1647845973123983,29,0.2
task_parity,rbf_paired,1.8676146517597265,30,0.2
task_parity,rbf_unpaired,1.391743542673564,30,0.2
task_parity,rbf_combined,1.2760410189638622,30,0.2
task_parity,rbf_paired,1.9995877450541992,31,0.2
task_parity,rbf_unpaired,1.5889488771682607,31,0.2
task_parity,rbf_combined,1.3829667880213106,31,0.2
task_parity,rbf_paired,1.6778820939324668,32,0.2
task_parity,rbf_unpaired,1.2780323100728792,32,0.2
task_parity,rbf_combined,1.1312274075436022,32,0.2
task_parity,rbf_paired,1.8228141425884972,33,0.2
task_parity,rbf_unpaired,1.5917678425855553,33,0.2
task_parity,rbf_combined,1.3376960027433442,33,0.2
task_parity,rbf_paired,1.8653345542567965,34,0.2
task_parity,rbf_unpaired,1.4662689549645667,34,0.2
task_parity,rbf_combined,1.348787076480323,34,0.2
task_parity,rbf_paired,1.757971596229302,35,0.2
task_parity,rbf_unpaired,1.3299566453958398,35,0.2
task_parity,rbf_combined,1.2212818218731922,35,0.2
task_parity,rbf_paired,1.5317899590089166,36,0.2
task_parity,rbf_unpaired,1.211481930037375,36,0.2
task_parity,rbf_combined,1.0410536770794485,36,0.2
task_parity,rbf_paired,1.6997711274146918,37,0.2
task_parity,rbf_unpaired,1.2135287888734194,37,0.2
task_parity,rbf_combined,1.1337126486931055,37,0.2
task_parity,rbf_paired,1.5996955716320485,38,0.2
task_parity,rbf_unpaired,1.1638485656138526,38,0.2
task_parity,rbf_combined,1.0914655958279207,38,0.2
task_parity,rbf_paired,1.8466270718700053,39,0.2
task_parity,rbf_unpaired,1.473419964690255,39,0.2
task_parity,rbf_combined,1.3104837562674638,39,0.2
task_parity,rbf_paired,1.966896364040041,40,0.2
task_parity,rbf_unpaired,1.7285551822740484,40,0.2
task_parity,rbf_combined,1.367944285807898,40,0.2
task_parity,rbf_paired,2.051583816106023,41,0.2
task_parity,rbf_unpaired,1.538871991063916,41,0.2
task_parity,rbf_combined,1.4545520269726093,41,0.2
task_parity,rbf_paired,1.8529465986740628,42,0.2
task_parity,rbf_unpaired,1.7114228481823064,42,0.2
task_parity,rbf_combined,1.3675365523032417,42,0.2
task_parity,rbf_paired,1.77143170697197,43,0.2
task_parity,rbf_unpaired,1.3132251244619368,43,0.2
task_parity,rbf_combined,1.1583371736433532,43,0.2
task_parity,rbf_paired,1.8774121150021141,44,0.2
task_parity,rbf_unpaired,1.5520672248987346,44,0.2
task_parity,rbf_combined,1.293669887173139,44,0.2
task_parity,rbf_paired,2.0717324792254397,45,0.2
task_parity,rbf_unpaired,1.5816612906284533,45,0.2
task_parity,rbf_combined,1.5665798389317322,45,0.2
task_parity,rbf_paired,1.7666817649303932,46,0.2
task_parity,rbf_unpaired,1.284775162581061,46,0.2
task_parity,rbf_combined,1.256677592203475,46,0.2
task_parity,rbf_paired,1.576077182822866,47,0.2
task_parity,rbf_unpaired,1.2278685274455066,47,0.2
task_parity,rbf_combined,1.1262399200283781,47,0.2
task_parity,rbf_paired,1.8174125358239035,48,0.2
task_parity,rbf_unpaired,1.5382552298115133,48,0.2
task_parity,rbf_combined,1.3360513785148542,48,0.2
task_parity,rbf_paired,1.7751832170592343,49,0.2
task_parity,rbf_unpaired,1.3913490130950121,49,0.2
task_parity,rbf_combined,1.2522049905960113,49,0.2
task_parity,rbf_paired,1.563761867838416,0,0.3
task_parity,rbf_unpaired,1.130465624394971,0,0.3
task_parity,rbf_combined,1.056734149226513,0,0.3
task_parity,rbf_paired,1.7014472024595453,1,0.3
task_parity,rbf_unpaired,1.3996443440761683,1,0.3
task_parity,rbf_combined,1.2156605664215037,1,0.3
task_parity,rbf_paired,1.4787889387377597,2,0.3
task_parity,rbf_unpaired,1.2375438611526821,2,0.3
task_parity,rbf_combined,0.9867724691002476,2,0.3
task_parity,rbf_paired,1.4963678078628062,3,0.3
task_parity,rbf_unpaired,1.2877258137245993,3,0.3
task_parity,rbf_combined,1.036537160426268,3,0.3
task_parity,rbf_paired,1.5951832205458343,4,0.3
task_parity,rbf_unpaired,1.2721301377110115,4,0.3
task_parity,rbf_combined,1.0835408270982045,4,0.3
task_parity,rbf_paired,1.5633842338755706,5,0.3
task_parity,rbf_unpaired,1.202443970470612,5,0.3
task_parity,rbf_combined,1.1392141059356269,5,0.3
task_parity,rbf_paired,1.5408947156021013,6,0.3
task_parity,rbf_unpaired,1.0322620606403783,6,0.3
task_parity,rbf_combined,1.006659745381226,6,0.3
task_parity,rbf_paired,1.1974499914939138,7,0.3
task_parity,rbf_unpaired,0.9651106170472163,7,0.3
task_parity,rbf_combined,0.8724050311037786,7,0.3
task_parity,rbf_paired,1.6545901187526508,8,0.3
task_parity,rbf_unpaired,1.3145200442033538,8,0.3
task_parity,rbf_combined,1.1517870656707236,8,0.3
task_parity,rbf_paired,1.6437717138793593,9,0.3
task_parity,rbf_unpaired,1.189566982297059,9,0.3
task_parity,rbf_combined,1.1394810738973584,9,0.3
task_parity,rbf_paired,1.6721472325897817,10,0.3
task_parity,rbf_unpaired,1.1597969593338249,10,0.3
task_parity,rbf_combined,1.0803997529562728,10,0.3
task_parity,rbf_paired,1.4793420351880606,11,0.3
task_parity,rbf_unpaired,1.1587081465225828,11,0.3
task_parity,rbf_combined,1.0587876062082797,11,0.3
task_parity,rbf_paired,1.8039584242576756,12,0.3
task_parity,rbf_unpaired,1.4323358219176874,12,0.3
task_parity,rbf_combined,1.104505725578943,12,0.3
task_parity,rbf_paired,1.900727332936023,13,0.3
task_parity,rbf_unpaired,1.5788973174768635,13,0.3
task_parity,rbf_combined,1.2553146874149663,13,0.3
task_parity,rbf_paired,1.6768648729115514,14,0.3
task_parity,rbf_unpaired,1.2387622024502123,14,0.3
task_parity,rbf_combined,1.1210090763343985,14,0.3
task_parity,rbf_paired,1.4502501471555216,15,0.3
task_parity,rbf_unpaired,1.1129255683999577,15,0.3
task_parity,rbf_combined,1.0613542507195772,15,0.3
task_parity,rbf_paired,1.4516192086893032,16,0.3
task_parity,rbf_unpaired,1.0633994191431655,16,0.3
task_parity,rbf_combined,1.0146550590151866,16,0.3
task_parity,rbf_paired,1.5852223299710115,17,0.3
task_parity,rbf_unpaired,1.2613034266621204,17,0.3
task_parity,rbf_combined,1.0364928200521188,17,0.3
task_parity,rbf_paired,1.7330691274759291,18,0.3
task_parity,rbf_unpaired,1.420535614523675,18,0.3
task_parity,rbf_combined,1.3527617006192205,18,0.3
task_parity,rbf_paired,1.6592033796147507,19,0.3
task_parity,rbf_unpaired,1.2558298634849552,19,0.3
task_parity,rbf_combined,1.1747169188906499,19,0.3
task_parity,rbf_paired,1.5768197876981005,20,0.3
task_parity,rbf_unpaired,1.2204408750457132,20,0.3
task_parity,rbf_combined,1.1326896992965219,20,0.3
task_parity,rbf_paired,1.634295599408244,21,0.3
task_parity,rbf_unpaired,1.3164165378950798,21,0.3
task_parity,rbf_combined,1.191143755371443,21,0.3
task_parity,rbf_paired,1.6593304592191596,22,0.3
task_parity,rbf_unpaired,1.4380666539728666,22,0.3
task_parity,rbf_combined,1.1878973225287848,22,0.3
task_parity,rbf_paired,1.763159093229603,23,0.3
task_parity,rbf_unpaired,1.2064269588645145,23,0.3
task_parity,rbf_combined,1.0809889782496709,23,0.3
task_parity,rbf_paired,1.7054522307826334,24,0.3
task_parity,rbf_unpaired,1.2751450027659201,24,0.3
task_parity,rbf_combined,1.133430234500857,24,0.3
task_parity,rbf_paired,1.7317621059525603,25,0.3
task_parity,rbf_unpaired,1.3336425527998632,25,0.3
task_parity,rbf_combined,1.2044847148783768,25,0.3
task_parity,rbf_paired,1.6579819654040147,26,0.3
task_parity,rbf_unpaired,1.3089655361424366,26,0.3
task_parity,rbf_combined,1.1713280390310117,26,0.3
task_parity,rbf_paired,1.5648801761479918,27,0.3
task_parity,rbf_unpaired,1.1667821943521701,27,0.3
task_parity,rbf_combined,1.0174219362977328,27,0.3
task_parity,rbf_paired,1.6432895073957798,28,0.3
task_parity,rbf_unpaired,1.1131560421146762,28,0.3
task_parity,rbf_combined,0.9988957150373486,28,0.3
task_parity,rbf_paired,1.3354621709098982,29,0.3
task_parity,rbf_unpaired,1.1857438328496928,29,0.3
task_parity,rbf_combined,1.05147423427513,29,0.3
task_parity,rbf_paired,1.6877730447247616,30,0.3
task_parity,rbf_unpaired,1.2316796491707094,30,0.3
task_parity,rbf_combined,1.1364641304207799,30,0.3
task_parity,rbf_paired,1.8498048736509998,31,0.3
task_parity,rbf_unpaired,1.433635095993733,31,0.3
task_parity,rbf_combined,1.1772455212646642,31,0.3
task_parity,rbf_paired,1.4074379082370498,32,0.3
task_parity,rbf_unpaired,1.1272213165748193,32,0.3
task_parity,rbf_combined,0.9890292550506682,32,0.3
task_parity,rbf_paired,1.7397018518185876,33,0.3
task_parity,rbf_unpaired,1.4197877972539934,33,0.3
task_parity,rbf_combined,1.133267194988232,33,0.3
task_parity,rbf_paired,1.501350167769541,34,0.3
task_parity,rbf_unpaired,1.239168942546282,34,0.3
task_parity,rbf_combined,1.1882729354789079,34,0.3
task_parity,rbf_paired,1.6061198030954087,35,0.3
task_parity,rbf_unpaired,1.202969414810819,35,0.3
task_parity,rbf_combined,1.0978416368884727,35,0.3
task_parity,rbf_paired,1.4235868041802864,36,0.3
task_parity,rbf_unpaired,0.9800269321972707,36,0.3
task_parity,rbf_combined,0.90864302406449,36,0.3
task_parity,rbf_paired,1.5401615820275207,37,0.3
task_parity,rbf_unpaired,1.2157844161061635,37,0.3
task_parity,rbf_combined,1.040122457452237,37,0.3
task_parity,rbf_paired,1.3937930579226963,38,0.3
task_parity,rbf_unpaired,1.1065079888226699,38,0.3
task_parity,rbf_combined,0.955988777760511,38,0.3
task_parity,rbf_paired,1.6833101912954778,39,0.3
task_parity,rbf_unpaired,1.2356909493346901,39,0.3
task_parity,rbf_combined,1.1293895708931205,39,0.3
task_parity,rbf_paired,1.7609077912382594,40,0.3
task_parity,rbf_unpaired,1.2642036906204128,40,0.3
task_parity,rbf_combined,1.1628352225594836,40,0.3
task_parity,rbf_paired,1.7974833084685964,41,0.3
task_parity,rbf_unpaired,1.368406454581613,41,0.3
task_parity,rbf_combined,1.2531674716560113,41,0.3
task_parity,rbf_paired,1.599618254705571,42,0.3
task_parity,rbf_unpaired,1.2404436962876342,42,0.3
task_parity,rbf_combined,1.1390448114397287,42,0.3
task_parity,rbf_paired,1.525492980979506,43,0.3
task_parity,rbf_unpaired,1.2508986480291553,43,0.3
task_parity,rbf_combined,1.0546741994353543,43,0.3
task_parity,rbf_paired,1.7219542552075997,44,0.3
task_parity,rbf_unpaired,1.246781685672327,44,0.3
task_parity,rbf_combined,1.1089433913094464,44,0.3
task_parity,rbf_paired,1.9201980160750152,45,0.3
task_parity,rbf_unpaired,1.5746910843395274,45,0.3
task_parity,rbf_combined,1.4240299659738433,45,0.3
task_parity,rbf_paired,1.5379408301457627,46,0.3
task_parity,rbf_unpaired,1.1525350168769082,46,0.3
task_parity,rbf_combined,1.107478982932987,46,0.3
task_parity,rbf_paired,1.3606241682696574,47,0.3
task_parity,rbf_unpaired,1.1707178286978792,47,0.3
task_parity,rbf_combined,1.0002924234171402,47,0.3
task_parity,rbf_paired,1.6763860225948561,48,0.3
task_parity,rbf_unpaired,1.3869999710580665,48,0.3
task_parity,rbf_combined,1.1682807407330194,48,0.3
task_parity,rbf_paired,1.5638722054872503,49,0.3
task_parity,rbf_unpaired,1.1822749982037646,49,0.3
task_parity,rbf_combined,1.0498100137093627,49,0.3
task_parity,rbf_paired,0.8076494195875461,0,0.5
task_parity,rbf_unpaired,1.0003122735317778,0,0.5
task_parity,rbf_combined,0.8864760758262514,0,0.5
task_parity,rbf_paired,0.8995472798041965,1,0.5
task_parity,rbf_unpaired,1.2395223891211566,1,0.5
task_parity,rbf_combined,1.0295143445241761,1,0.5
task_parity,rbf_paired,0.7533775340690622,2,0.5
task_parity,rbf_unpaired,0.8939304597621751,2,0.5
task_parity,rbf_combined,0.7792548073765183,2,0.5
task_parity,rbf_paired,0.7542566650620716,3,0.5
task_parity,rbf_unpaired,0.9744669741690963,3,0.5
task_parity,rbf_combined,0.804299734915227,3,0.5
task_parity,rbf_paired,0.8717790409000018,4,0.5
task_parity,rbf_unpaired,1.0916119916812712,4,0.5
task_parity,rbf_combined,0.9667019664178208,4,0.5
task_parity,rbf_paired,0.9058171365054908,5,0.5
task_parity,rbf_unpaired,1.1049430217054386,5,0.5
task_parity,rbf_combined,0.9439120404744437,5,0.5
task_parity,rbf_paired,0.8128586789655077,6,0.5
task_parity,rbf_unpaired,0.9161482159719142,6,0.5
task_parity,rbf_combined,0.8148460501328177,6,0.5
task_parity,rbf_paired,0.6144150677112202,7,0.5
task_parity,rbf_unpaired,0.8200937360090877,7,0.5
task_parity,rbf_combined,0.677370881113556,7,0.5
task_parity,rbf_paired,0.8606654390488769,8,0.5
task_parity,rbf_unpaired,1.0501688283244195,8,0.5
task_parity,rbf_combined,0.9112917714848735,8,0.5
task_parity,rbf_paired,0.8638549514164892,9,0.5
task_parity,rbf_unpaired,1.1214618905876057,9,0.5
task_parity,rbf_combined,0.9292227740684103,9,0.5
task_parity,rbf_paired,0.8018222939607028,10,0.5
task_parity,rbf_unpaired,1.0423416325073733,10,0.5
task_parity,rbf_combined,0.8971780190356954,10,0.5
task_parity,rbf_paired,0.7698654026554312,11,0.5
task_parity,rbf_unpaired,1.0012814281972873,11,0.5
task_parity,rbf_combined,0.8514658475866361,11,0.5
task_parity,rbf_paired,0.7870064177895852,12,0.5
task_parity,rbf_unpaired,1.009661075709452,12,0.5
task_parity,rbf_combined,0.8824720798571395,12,0.5
task_parity,rbf_paired,0.9767260157998948,13,0.5
task_parity,rbf_unpaired,1.2860766099853065,13,0.5
task_parity,rbf_combined,1.0117523710868401,13,0.5
task_parity,rbf_paired,0.828355599539559,14,0.5
task_parity,rbf_unpaired,1.0891452765507073,14,0.5
task_parity,rbf_combined,0.8926685481066763,14,0.5
task_parity,rbf_paired,0.8093584897143293,15,0.5
task_parity,rbf_unpaired,1.0155434180513532,15,0.5
task_parity,rbf_combined,0.8713520086488772,15,0.5
task_parity,rbf_paired,0.8070763532618704,16,0.5
task_parity,rbf_unpaired,0.9679927990449134,16,0.5
task_parity,rbf_combined,0.831176490687248,16,0.5
task_parity,rbf_paired,0.8677223853017412,17,0.5
task_parity,rbf_unpaired,1.0443382031846358,17,0.5
task_parity,rbf_combined,0.8997685779390782,17,0.5
task_parity,rbf_paired,0.9472805240824672,18,0.5
task_parity,rbf_unpaired,1.2112273015051265,18,0.5
task_parity,rbf_combined,1.0301855307616548,18,0.5
task_parity,rbf_paired,0.8672172126583175,19,0.5
task_parity,rbf_unpaired,1.2316148036832608,19,0.5
task_parity,rbf_combined,0.9415328981233604,19,0.5
task_parity,rbf_paired,0.9262225611298921,20,0.5
task_parity,rbf_unpaired,1.1399114002454287,20,0.5
task_parity,rbf_combined,0.9864643638544159,20,0.5
task_parity,rbf_paired,0.9474879740232213,21,0.5
task_parity,rbf_unpaired,1.1473872675568264,21,0.5
task_parity,rbf_combined,1.007749865209543,21,0.5
task_parity,rbf_paired,0.8899244147812271,22,0.5
task_parity,rbf_unpaired,1.2500059063337832,22,0.5
task_parity,rbf_combined,0.9686735083584563,22,0.5
task_parity,rbf_paired,0.8343208937984918,23,0.5
task_parity,rbf_unpaired,1.0923931785175895,23,0.5
task_parity,rbf_combined,0.9069058666917942,23,0.5
task_parity,rbf_paired,0.8931487208507195,24,0.5
task_parity,rbf_unpaired,1.0838783245148527,24,0.5
task_parity,rbf_combined,0.9389056056829905,24,0.5
task_parity,rbf_paired,0.937436890121105,25,0.5
task_parity,rbf_unpaired,1.1656411752434443,25,0.5
task_parity,rbf_combined,1.0331382514739977,25,0.5
task_parity,rbf_paired,0.9165532385661707,26,0.5
task_parity,rbf_unpaired,1.1071544116565961,26,0.5
task_parity,rbf_combined,0.9586563834889316,26,0.5
task_parity,rbf_paired,0.7981537493281766,27,0.5
task_parity,rbf_unpaired,0.9850462068365433,27,0.5
task_parity,rbf_combined,0.8577001463262589,27,0.5
task_parity,rbf_paired,0.8279402332778144,28,0.5
task_parity,rbf_unpaired,1.0289261946664696,28,0.5
task_parity,rbf_combined,0.876521442310072,28,0.5
task_parity,rbf_paired,0.8066512492718718,29,0.5
task_parity,rbf_unpaired,0.9496624081584397,29,0.5
task_parity,rbf_combined,0.8514485024908871,29,0.5
task_parity,rbf_paired,0.8563807903029528,30,0.5
task_parity,rbf_unpaired,1.0957707725744803,30,0.5
task_parity,rbf_combined,0.8987691362724711,30,0.5
task_parity,rbf_paired,0.9337831444840518,31,0.5
task_parity,rbf_unpaired,1.2916550800162918,31,0.5
task_parity,rbf_combined,1.0211650028655952,31,0.5
task_parity,rbf_paired,0.7564191430540164,32,0.5
task_parity,rbf_unpaired,0.943455254592278,32,0.5
task_parity,rbf_combined,0.8140703418170554,32,0.5
task_parity,rbf_paired,0.8484668275230771,33,0.5
task_parity,rbf_unpaired,1.1610918561453,33,0.5
task_parity,rbf_combined,0.9399222310212109,33,0.5
task_parity,rbf_paired,0.8974536107543379,34,0.5
task_parity,rbf_unpaired,1.2382266426479949,34,0.5
task_parity,rbf_combined,0.9803219456296594,34,0.5
task_parity,rbf_paired,0.7452486800527348,35,0.5
task_parity,rbf_unpaired,0.9901319083737841,35,0.5
task_parity,rbf_combined,0.8231302977774934,35,0.5
task_parity,rbf_paired,0.6732755109627658,36,0.5
task_parity,rbf_unpaired,0.8243395285641578,36,0.5
task_parity,rbf_combined,0.7125817238756653,36,0.5
task_parity,rbf_paired,0.8057102851281348,37,0.5
task_parity,rbf_unpaired,0.9795674892242485,37,0.5
task_parity,rbf_combined,0.8201656790333595,37,0.5
task_parity,rbf_paired,0.7293518533469376,38,0.5
task_parity,rbf_unpaired,0.9197195220432014,38,0.5
task_parity,rbf_combined,0.7769216809732045,38,0.5
task_parity,rbf_paired,0.8587929467423645,39,0.5
task_parity,rbf_unpaired,1.13774231115736,39,0.5
task_parity,rbf_combined,0.949784827797793,39,0.5
task_parity,rbf_paired,0.8678868748853018,40,0.5
task_parity,rbf_unpaired,1.1794472371240046,40,0.5
task_parity,rbf_combined,0.9559435788531969,40,0.5
task_parity,rbf_paired,0.990091385175551,41,0.5
task_parity,rbf_unpaired,1.2853594153097256,41,0.5
task_parity,rbf_combined,1.0294372521425514,41,0.5
task_parity,rbf_paired,0.8490458279692118,42,0.5
task_parity,rbf_unpaired,1.2182762267301397,42,0.5
task_parity,rbf_combined,0.9074550239459943,42,0.5
task_parity,rbf_paired,0.8326146217226307,43,0.5
task_parity,rbf_unpaired,1.0107485274115149,43,0.5
task_parity,rbf_combined,0.8857752136021398,43,0.5
task_parity,rbf_paired,0.832367301315225,44,0.5
task_parity,rbf_unpaired,1.0177279037842513,44,0.5
task_parity,rbf_combined,0.8658717866501586,44,0.5
task_parity,rbf_paired,0.984732255971371,45,0.5
task_parity,rbf_unpaired,1.297128533075986,45,0.5
task_parity,rbf_combined,1.0945669641248905,45,0.5
task_parity,rbf_paired,0.774642858374858,46,0.5
task_parity,rbf_unpaired,1.0976862668131961,46,0.5
task_parity,rbf_combined,0.8740611248251461,46,0.5
task_parity,rbf_paired,0.7045551774195887,47,0.5
task_parity,rbf_unpaired,0.9265525537182249,47,0.5
task_parity,rbf_combined,0.7762074593592122,47,0.5
task_parity,rbf_paired,0.8615895019543107,48,0.5
task_parity,rbf_unpaired,1.1345067455296003,48,0.5
task_parity,rbf_combined,0.9663080144026628,48,0.5
task_parity,rbf_paired,0.844487392491672,49,0.5
task_parity,rbf_unpaired,1.0756014833368235,49,0.5
task_parity,rbf_combined,0.8972999765490125,49,0.5
task_parity,rbf_paired,0.7270557112054672,0,0.7
task_parity,rbf_unpaired,0.9830322440012803,0,0.7
task_parity,rbf_combined,0.7509176490403879,0,0.7
task_parity,rbf_paired,0.817319484530092,1,0.7
task_parity,rbf_unpaired,1.3244320887750591,1,0.7
task_parity,rbf_combined,0.8762926051749393,1,0.7
task_parity,rbf_paired,0.5912845599559331,2,0.7
task_parity,rbf_unpaired,0.8079824337884774,2,0.7
task_parity,rbf_combined,0.6163137275724053,2,0.7
task_parity,rbf_paired,0.673285813918512,3,0.7
task_parity,rbf_unpaired,1.1290079147718823,3,0.7
task_parity,rbf_combined,0.6986638506484945,3,0.7
task_parity,rbf_paired,0.797822230484798,4,0.7
task_parity,rbf_unpaired,1.17079643658126,4,0.7
task_parity,rbf_combined,0.8738420251869563,4,0.7
task_parity,rbf_paired,0.8278271895705759,5,0.7
task_parity,rbf_unpaired,1.327611758761647,5,0.7
task_parity,rbf_combined,0.8707230392536289,5,0.7
task_parity,rbf_paired,0.6645950289023104,6,0.7
task_parity,rbf_unpaired,1.004346117142055,6,0.7
task_parity,rbf_combined,0.6858518480735128,6,0.7
task_parity,rbf_paired,0.5741681397862786,7,0.7
task_parity,rbf_unpaired,0.787808346406458,7,0.7
task_parity,rbf_combined,0.606190900490534,7,0.7
task_parity,rbf_paired,0.7968557997913183,8,0.7
task_parity,rbf_unpaired,1.2435483675917118,8,0.7
task_parity,rbf_combined,0.7888525006419514,8,0.7
task_parity,rbf_paired,0.7568760792801873,9,0.7
task_parity,rbf_unpaired,1.2091768406918424,9,0.7
task_parity,rbf_combined,0.7891256089097394,9,0.7
task_parity,rbf_paired,0.7897141400237213,10,0.7
task_parity,rbf_unpaired,1.0952469652643768,10,0.7
task_parity,rbf_combined,0.827470746758325,10,0.7
task_parity,rbf_paired,0.6763344247655259,11,0.7
task_parity,rbf_unpaired,1.0287109453543342,11,0.7
task_parity,rbf_combined,0.7429830754030639,11,0.7
task_parity,rbf_paired,0.6561611144313134,12,0.7
task_parity,rbf_unpaired,1.0634126665986527,12,0.7
task_parity,rbf_combined,0.7037113710819148,12,0.7
task_parity,rbf_paired,0.8250470850064305,13,0.7
task_parity,rbf_unpaired,1.2497899267107586,13,0.7
task_parity,rbf_combined,0.8845266265232208,13,0.7
task_parity,rbf_paired,0.7285869068402908,14,0.7
task_parity,rbf_unpaired,1.0940390146915275,14,0.7
task_parity,rbf_combined,0.7855296602499133,14,0.7
task_parity,rbf_paired,0.7141281323337468,15,0.7
task_parity,rbf_unpaired,1.017935477076412,15,0.7
task_parity,rbf_combined,0.7665530251684007,15,0.7
task_parity,rbf_paired,0.7216456426577863,16,0.7
task_parity,rbf_unpaired,1.0673533686073249,16,0.7
task_parity,rbf_combined,0.7748835686824433,16,0.7
task_parity,rbf_paired,0.8094517799095438,17,0.7
task_parity,rbf_unpaired,1.359680392410086,17,0.7
task_parity,rbf_combined,0.851261668593838,17,0.7
task_parity,rbf_paired,0.8638078184590162,18,0.7
task_parity,rbf_unpaired,1.2875330448522235,18,0.7
task_parity,rbf_combined,0.9082957270813057,18,0.7
task_parity,rbf_paired,0.735781906578778,19,0.7
task_parity,rbf_unpaired,1.0336803421016296,19,0.7
task_parity,rbf_combined,0.8078767452921546,19,0.7
task_parity,rbf_paired,0.8044104138651841,20,0.7
task_parity,rbf_unpaired,1.1432670574462667,20,0.7
task_parity,rbf_combined,0.8575380530199911,20,0.7
task_parity,rbf_paired,0.8238426992293593,21,0.7
task_parity,rbf_unpaired,1.2531785009921153,21,0.7
task_parity,rbf_combined,0.8923506054278562,21,0.7
task_parity,rbf_paired,0.8108107425941654,22,0.7
task_parity,rbf_unpaired,1.1258707404834551,22,0.7
task_parity,rbf_combined,0.844532821648854,22,0.7
task_parity,rbf_paired,0.7761114354543681,23,0.7
task_parity,rbf_unpaired,1.1127446826667753,23,0.7
task_parity,rbf_combined,0.8199580604476748,23,0.7
task_parity,rbf_paired,0.8385949128033999,24,0.7
task_parity,rbf_unpaired,1.0839732231733714,24,0.7
task_parity,rbf_combined,0.8647705166010347,24,0.7
task_parity,rbf_paired,0.8376585968168794,25,0.7
task_parity,rbf_unpaired,1.3775021711994442,25,0.7
task_parity,rbf_combined,0.8963689473467599,25,0.7
task_parity,rbf_paired,0.820083231863292,26,0.7
task_parity,rbf_unpaired,1.1259679205511657,26,0.7
task_parity,rbf_combined,0.861014567278621,26,0.7
task_parity,rbf_paired,0.7185311834093352,27,0.7
task_parity,rbf_unpaired,1.0806497139364428,27,0.7
task_parity,rbf_combined,0.7452033070604963,27,0.7
task_parity,rbf_paired,0.7550354249087216,28,0.7
task_parity,rbf_unpaired,1.2203094358004467,28,0.7
task_parity,rbf_combined,0.792784427138338,28,0.7
task_parity,rbf_paired,0.7113834560896025,29,0.7
task_parity,rbf_unpaired,1.1027005935231233,29,0.7
task_parity,rbf_combined,0.7544184926762803,29,0.7
task_parity,rbf_paired,0.7435803287435929,30,0.7
task_parity,rbf_unpaired,1.2005899469625052,30,0.7
task_parity,rbf_combined,0.8139990086814727,30,0.7
task_parity,rbf_paired,0.8592938179615598,31,0.7
task_parity,rbf_unpaired,1.5874988309475497,31,0.7
task_parity,rbf_combined,0.9077482416573808,31,0.7
task_parity,rbf_paired,0.6660658578506063,32,0.7
task_parity,rbf_unpaired,0.9081846557763432,32,0.7
task_parity,rbf_combined,0.6996131974303725,32,0.7
task_parity,rbf_paired,0.7891154889087464,33,0.7
task_parity,rbf_unpaired,1.297495786953903,33,0.7
task_parity,rbf_combined,0.8373022958064936,33,0.7
task_parity,rbf_paired,0.8205082939278548,34,0.7
task_parity,rbf_unpaired,1.383780795911486,34,0.7
task_parity,rbf_combined,0.8921418459530437,34,0.7
task_parity,rbf_paired,0.7323400979333505,35,0.7
task_parity,rbf_unpaired,1.147666707569203,35,0.7
task_parity,rbf_combined,0.8002746810804365,35,0.7
task_parity,rbf_paired,0.6392494337423597,36,0.7
task_parity,rbf_unpaired,1.0782561979201846,36,0.7
task_parity,rbf_combined,0.6569204845682177,36,0.7
task_parity,rbf_paired,0.7120904920005425,37,0.7
task_parity,rbf_unpaired,1.0523807523605095,37,0.7
task_parity,rbf_combined,0.7675519336749146,37,0.7
task_parity,rbf_paired,0.7155441005434179,38,0.7
task_parity,rbf_unpaired,0.9581662186503505,38,0.7
task_parity,rbf_combined,0.7565140148596194,38,0.7
task_parity,rbf_paired,0.7899797241755335,39,0.7
task_parity,rbf_unpaired,1.2263004801850172,39,0.7
task_parity,rbf_combined,0.8333918532493212,39,0.7
task_parity,rbf_paired,0.7116696005076805,40,0.7
task_parity,rbf_unpaired,1.094112632612873,40,0.7
task_parity,rbf_combined,0.7755114612444516,40,0.7
task_parity,rbf_paired,0.7951270948704041,41,0.7
task_parity,rbf_unpaired,1.2853230155749114,41,0.7
task_parity,rbf_combined,0.8458641590085065,41,0.7
task_parity,rbf_paired,0.8349259797778789,42,0.7
task_parity,rbf_unpaired,1.4787641873906148,42,0.7
task_parity,rbf_combined,0.8578074342276879,42,0.7
task_parity,rbf_paired,0.7576456301137414,43,0.7
task_parity,rbf_unpaired,1.1596562243420383,43,0.7
task_parity,rbf_combined,0.8257757794977661,43,0.7
task_parity,rbf_paired,0.7713586872727405,44,0.7
task_parity,rbf_unpaired,1.0002691243464223,44,0.7
task_parity,rbf_combined,0.7941220361908073,44,0.7
task_parity,rbf_paired,0.9103104910325311,45,0.7
task_parity,rbf_unpaired,1.27518235358084,45,0.7
task_parity,rbf_combined,0.9659243682638178,45,0.7
task_parity,rbf_paired,0.7057608218179754,46,0.7
task_parity,rbf_unpaired,1.0699456301212522,46,0.7
task_parity,rbf_combined,0.7527163121880411,46,0.7
task_parity,rbf_paired,0.6490999982364466,47,0.7
task_parity,rbf_unpaired,1.0333312777500148,47,0.7
task_parity,rbf_combined,0.7002896237363313,47,0.7
task_parity,rbf_paired,0.7612359686212918,48,0.7
task_parity,rbf_unpaired,1.0891921256572847,48,0.7
task_parity,rbf_combined,0.8297599053612611,48,0.7
task_parity,rbf_paired,0.7306640758294198,49,0.7
task_parity,rbf_unpaired,1.1020650992076724,49,0.7
task_parity,rbf_combined,0.8052890274922773,49,0.7
task_parity,rbf_paired,0.6375167406602362,0,0.9
task_parity,rbf_unpaired,1.4552920073499092,0,0.9
task_parity,rbf_combined,0.6208586284866316,0,0.9
task_parity,rbf_paired,0.6301916146766637,1,0.9
task_parity,rbf_unpaired,1.746050657511953,1,0.9
task_parity,rbf_combined,0.6959275864681406,1,0.9
task_parity,rbf_paired,0.5726600854750191,2,0.9
task_parity,rbf_unpaired,1.3831842706189923,2,0.9
task_parity,rbf_combined,0.6028305479618775,2,0.9
task_parity,rbf_paired,0.6429495382037925,3,0.9
task_parity,rbf_unpaired,1.7401601924077972,3,0.9
task_parity,rbf_combined,0.6549320352362898,3,0.9
task_parity,rbf_paired,0.6927586261893667,4,0.9
task_parity,rbf_unpaired,1.532582460206328,4,0.9
task_parity,rbf_combined,0.7394793786050178,4,0.9
task_parity,rbf_paired,0.6890229236378715,5,0.9
task_parity,rbf_unpaired,1.8248779118411875,5,0.9
task_parity,rbf_combined,0.6923313186068385,5,0.9
task_parity,rbf_paired,0.6013361566484535,6,0.9
task_parity,rbf_unpaired,1.672671776914308,6,0.9
task_parity,rbf_combined,0.6389985903498213,6,0.9
task_parity,rbf_paired,0.519624236939431,7,0.9
task_parity,rbf_unpaired,1.4405339025489567,7,0.9
task_parity,rbf_combined,0.5262488845718232,7,0.9
task_parity,rbf_paired,0.7472260338025083,8,0.9
task_parity,rbf_unpaired,1.4268861301929725,8,0.9
task_parity,rbf_combined,0.7500736325564886,8,0.9
task_parity,rbf_paired,0.6815775480578717,9,0.9
task_parity,rbf_unpaired,1.8225920861564262,9,0.9
task_parity,rbf_combined,0.74083907403567,9,0.9
task_parity,rbf_paired,0.7995438881442497,10,0.9
task_parity,rbf_unpaired,1.622628858689535,10,0.9
task_parity,rbf_combined,0.8263069882000883,10,0.9
task_parity,rbf_paired,0.6890381845743391,11,0.9
task_parity,rbf_unpaired,1.5505466423945726,11,0.9
task_parity,rbf_combined,0.697658176223732,11,0.9
task_parity,rbf_paired,0.6830000222692137,12,0.9
task_parity,rbf_unpaired,1.7529859184493886,12,0.9
task_parity,rbf_combined,0.6979954184052153,12,0.9
task_parity,rbf_paired,0.756080917550285,13,0.9
task_parity,rbf_unpaired,1.7861545732119026,13,0.9
task_parity,rbf_combined,0.7431052582808626,13,0.9
task_parity,rbf_paired,0.6574066748866156,14,0.9
task_parity,rbf_unpaired,1.710010294432385,14,0.9
task_parity,rbf_combined,0.6885830916563898,14,0.9
task_parity,rbf_paired,0.6839921077213302,15,0.9
task_parity,rbf_unpaired,1.6327048570850329,15,0.9
task_parity,rbf_combined,0.7459160630228798,15,0.9
task_parity,rbf_paired,0.7975913915242124,16,0.9
task_parity,rbf_unpaired,1.4493841522606135,16,0.9
task_parity,rbf_combined,0.785085862325455,16,0.9
task_parity,rbf_paired,0.7524563041096968,17,0.9
task_parity,rbf_unpaired,1.6450517179883346,17,0.9
task_parity,rbf_combined,0.7759335911337397,17,0.9
task_parity,rbf_paired,0.8015480467389295,18,0.9
task_parity,rbf_unpaired,1.9037483137758633,18,0.9
task_parity,rbf_combined,0.835856361100458,18,0.9
task_parity,rbf_paired,0.6803681122675369,19,0.9
task_parity,rbf_unpaired,1.731194387132084,19,0.9
task_parity,rbf_combined,0.6708226919362541,19,0.9
task_parity,rbf_paired,0.7792496134039615,20,0.9
task_parity,rbf_unpaired,1.9398544137414029,20,0.9
task_parity,rbf_combined,0.7878414702664187,20,0.9
task_parity,rbf_paired,0.7923913186648059,21,0.9
task_parity,rbf_unpaired,1.7967309992378995,21,0.9
task_parity,rbf_combined,0.8435285479748619,21,0.9
task_parity,rbf_paired,0.7741743433655421,22,0.9
task_parity,rbf_unpaired,1.8388459767707188,22,0.9
task_parity,rbf_combined,0.7770420730008454,22,0.9
task_parity,rbf_paired,0.7323751331639929,23,0.9
task_parity,rbf_unpaired,1.5244832135017983,23,0.9
task_parity,rbf_combined,0.7636975832441987,23,0.9
task_parity,rbf_paired,0.6986244401712535,24,0.9
task_parity,rbf_unpaired,1.5523442061551629,24,0.9
task_parity,rbf_combined,0.7292090069260911,24,0.9
task_parity,rbf_paired,0.8117028466987041,25,0.9
task_parity,rbf_unpaired,1.5093279768299834,25,0.9
task_parity,rbf_combined,0.8376765121838904,25,0.9
task_parity,rbf_paired,0.8387424257599349,26,0.9
task_parity,rbf_unpaired,1.6805972979053936,26,0.9
task_parity,rbf_combined,0.8655012243395849,26,0.9
task_parity,rbf_paired,0.6353097523142424,27,0.9
task_parity,rbf_unpaired,1.3066229140553922,27,0.9
task_parity,rbf_combined,0.698371864588049,27,0.9
task_parity,rbf_paired,0.6738435408059773,28,0.9
task_parity,rbf_unpaired,1.5680089757299516,28,0.9
task_parity,rbf_combined,0.7021630359946467,28,0.9
task_parity,rbf_paired,0.6540556497330058,29,0.9
task_parity,rbf_unpaired,1.60821499006048,29,0.9
task_parity,rbf_combined,0.6560454292507968,29,0.9
task_parity,rbf_paired,0.8251049031626723,30,0.9
task_parity,rbf_unpaired,1.9107504128187416,30,0.9
task_parity,rbf_combined,0.842532772065261,30,0.9
task_parity,rbf_paired,0.7175340119874507,31,0.9
task_parity,rbf_unpaired,1.7222450262265243,31,0.9
task_parity,rbf_combined,0.7444092487552196,31,0.9
task_parity,rbf_paired,0.5921959477659384,32,0.9
task_parity,rbf_unpaired,1.3331699032964905,32,0.9
task_parity,rbf_combined,0.5791719290414346,32,0.9
task_parity,rbf_paired,0.6957045084928892,33,0.9
task_parity,rbf_unpaired,1.7640980490612816,33,0.9
task_parity,rbf_combined,0.7188945506703498,33,0.9
task_parity,rbf_paired,0.7718809686037328,34,0.9
task_parity,rbf_unpaired,1.711424544181363,34,0.9
task_parity,rbf_combined,0.8085648357421763,34,0.9
task_parity,rbf_paired,0.6399901639837234,35,0.9
task_parity,rbf_unpaired,1.8204099589336324,35,0.9
task_parity,rbf_combined,0.6845511328997996,35,0.9
task_parity,rbf_paired,0.6221000263548142,36,0.9
task_parity,rbf_unpaired,1.4421018364573712,36,0.9
task_parity,rbf_combined,0.6730614246758148,36,0.9
task_parity,rbf_paired,0.6064447871326337,37,0.9
task_parity,rbf_unpaired,1.276599323494829,37,0.9
task_parity,rbf_combined,0.586709508874355,37,0.9
task_parity,rbf_paired,0.7142771429603804,38,0.9
task_parity,rbf_unpaired,1.5094880485850144,38,0.9
task_parity,rbf_combined,0.7283753820624904,38,0.9
task_parity,rbf_paired,0.7133841690328558,39,0.9
task_parity,rbf_unpaired,1.732042779394476,39,0.9
task_parity,rbf_combined,0.7254389076851784,39,0.9
task_parity,rbf_paired,0.6502082717131301,40,0.9
task_parity,rbf_unpaired,1.6200246642606269,40,0.9
task_parity,rbf_combined,0.666410793866254,40,0.9
task_parity,rbf_paired,0.6968384317914501,41,0.9
task_parity,rbf_unpaired,1.96562981682756,41,0.9
task_parity,rbf_combined,0.7154485640055449,41,0.9
task_parity,rbf_paired,0.7983824347447516,42,0.9
task_parity,rbf_unpaired,1.8467500754942423,42,0.9
task_parity,rbf_combined,0.8272652987880318,42,0.9
task_parity,rbf_paired,0.6494174641718089,43,0.9
task_parity,rbf_unpaired,1.6600953576002169,43,0.9
task_parity,rbf_combined,0.7010193479515892,43,0.9
task_parity,rbf_paired,0.7892624354955169,44,0.9
task_parity,rbf_unpaired,1.8702809350280507,44,0.9
task_parity,rbf_combined,0.7995293954199068,44,0.9
task_parity,rbf_paired,0.8046287557075974,45,0.9
task_parity,rbf_unpaired,1.7721944540737122,45,0.9
task_parity,rbf_combined,0.8313488757380842,45,0.9
task_parity,rbf_paired,0.663147367142171,46,0.9
task_parity,rbf_unpaired,1.692871629610664,46,0.9
task_parity,rbf_combined,0.6955521780642926,46,0.9
task_parity,rbf_paired,0.6362424019815726,47,0.9
task_parity,rbf_unpaired,1.4747852284176957,47,0.9
task_parity,rbf_combined,0.6398675927544629,47,0.9
task_parity,rbf_paired,0.7291460131683702,48,0.9
task_parity,rbf_unpaired,1.5683399401663372,48,0.9
task_parity,rbf_combined,0.7449511469923996,48,0.9
task_parity,rbf_paired,0.6983899499725666,49,0.9
task_parity,rbf_unpaired,1.5672020061099048,49,0.9
task_parity,rbf_combined,0.7556457881584291,49,0.9
