experiment,estimator,mae,seed,task_spread
task_spread,rbf_paired,0.17449982853307577,0,0.1
task_spread,rbf_unpaired,0.13022101175117634,0,0.1
task_spread,rbf_combined,0.12733043283635334,0,0.1
task_spread,rbf_paired,0.18769143354179374,1,0.1
task_spread,rbf_unpaired,0.1483168065234223,1,0.1
task_spread,rbf_combined,0.13492291837463363,1,0.1
task_spread,rbf_paired,0.16809128320160957,2,0.1
task_spread,rbf_unpaired,0.1304954032356907,2,0.1
task_spread,rbf_combined,0.12662878048743767,2,0.1
task_spread,rbf_paired,0.17434916173002865,3,0.1
task_spread,rbf_unpaired,0.14510672720274553,3,0.1
task_spread,rbf_combined,0.12724319760385305,3,0.1
task_spread,rbf_paired,0.1798485798932152,4,0.1
task_spread,rbf_unpaired,0.1348220421890458,4,0.1
task_spread,rbf_combined,0.13258486201941316,4,0.1
task_spread,rbf_paired,0.17401821858519848,5,0.1
task_spread,rbf_unpaired,0.13651769803544378,5,0.1
task_spread,rbf_combined,0.13420945461561862,5,0.1
task_spread,rbf_paired,0.1805944042859315,6,0.1
task_spread,rbf_unpaired,0.12899471973268686,6,0.1
task_spread,rbf_combined,0.1285790438099389,6,0.1
task_spread,rbf_paired,0.14919358389407264,7,0.1
task_spread,rbf_unpaired,0.12703222661584412,7,0.1
task_spread,rbf_combined,0.11952716950119952,7,0.1
task_spread,rbf_paired,0.18956960775113857,8,0.1
task_spread,rbf_unpaired,0.15314957988944522,8,0.1
task_spread,rbf_combined,0.14074471782826187,8,0.1
task_spread,rbf_paired,0.17360203889686218,9,0.1
task_spread,rbf_unpaired,0.13459190788853878,9,0.1
task_spread,rbf_combined,0.13382317078343361,9,0.1
task_spread,rbf_paired,0.1902812378470919,10,0.1
task_spread,rbf_unpaired,0.1347000231540653,10,0.1
task_spread,rbf_combined,0.13263610628059067,10,0.1
task_spread,rbf_paired,0.16870162585764079,11,0.1
task_spread,rbf_unpaired,0.13406168935814075,11,0.1
task_spread,rbf_combined,0.1303123686208727,11,0.1
task_spread,rbf_paired,0.19710275772964722,12,0.1
task_spread,rbf_unpaired,0.14885513213878895,12,0.1
task_spread,rbf_combined,0.13709510695272778,12,0.1
task_spread,rbf_paired,0.20249747487905792,13,0.1
task_spread,rbf_unpaired,0.15476581611394816,13,0.1
task_spread,rbf_combined,0.14439611549561673,13,0.1
task_spread,rbf_paired,0.1803530882826035,14,0.1
task_spread,rbf_unpaired,0.13246985477202816,14,0.1
task_spread,rbf_combined,0.13120018760728958,14,0.1
task_spread,rbf_paired,0.16699821189329597,15,0.1
task_spread,rbf_unpaired,0.1292246113911447,15,0.1
task_spread,rbf_combined,0.12851985651144593,15,0.1
task_spread,rbf_paired,0.16149085988680986,16,0.1
task_spread,rbf_unpaired,0.13112941826115806,16,0.1
task_spread,rbf_combined,0.12546356705172518,16,0.1
task_spread,rbf_paired,0.17514253632851084,17,0.1
task_spread,rbf_unpaired,0.14023983531189202,17,0.1
task_spread,rbf_combined,0.13207039428484013,17,0.1
task_spread,rbf_paired,0.2028955957561022,18,0.1
task_spread,rbf_unpaired,0.1571836368455471,18,0.1
task_spread,rbf_combined,0.15511228123188495,18,0.1
task_spread,rbf_paired,0.1821271070128605,19,0.1
task_spread,rbf_unpaired,0.14138898430679614,19,0.1
task_spread,rbf_combined,0.1370172835381285,19,0.1
task_spread,rbf_paired,0.16771346790513206,20,0.1
task_spread,rbf_unpaired,0.13969966375336274,20,0.1
task_spread,rbf_combined,0.13723308421640998,20,0.1
task_spread,rbf_paired,0.19362615310574552,21,0.1
task_spread,rbf_unpaired,0.15494857444136337,21,0.1
task_spread,rbf_combined,0.137416820014851,21,0.1
task_spread,rbf_paired,0.17851682526959015,22,0.1
task_spread,rbf_unpaired,0.14397512852156927,22,0.1
task_spread,rbf_combined,0.13843876883391504,22,0.1
task_spread,rbf_paired,0.1917444728761989,23,0.1
task_spread,rbf_unpaired,0.14440301287995475,23,0.1
task_spread,rbf_combined,0.12916182636921944,23,0.1
task_spread,rbf_paired,0.1823976997743577,24,0.1
task_spread,rbf_unpaired,0.14333329668919823,24,0.1
task_spread,rbf_combined,0.13808071611783032,24,0.1
task_spread,rbf_paired,0.1858955182868449,25,0.1
task_spread,rbf_unpaired,0.13885583819787228,25,0.1
task_spread,rbf_combined,0.1402111048415985,25,0.1
task_spread,rbf_paired,0.1853420637651099,26,0.1
task_spread,rbf_unpaired,0.14258394007949834,26,0.1
task_spread,rbf_combined,0.1390368678748306,26,0.1
task_spread,rbf_paired,0.16779674078783863,27,0.1
task_spread,rbf_unpaired,0.12955322777400563,27,0.1
task_spread,rbf_combined,0.1282692375927319,27,0.1
task_spread,rbf_paired,0.18079313917073753,28,0.1
task_spread,rbf_unpaired,0.13292671233016928,28,0.1
task_spread,rbf_combined,0.12492426662373,28,0.1
task_spread,rbf_paired,0.15788136734694969,29,0.1
task_spread,rbf_unpaired,0.13424642620831273,29,0.1
task_spread,rbf_combined,0.1317993287239716,29,0.1
task_spread,rbf_paired,0.18423361038490307,30,0.1
task_spread,rbf_unpaired,0.13304287922195596,30,0.1
task_spread,rbf_combined,0.13211797127554645,30,0.1
task_spread,rbf_paired,0.20166871791087992,31,0.1
task_spread,rbf_unpaired,0.1521364159954845,31,0.1
task_spread,rbf_combined,0.13829272863825093,31,0.1
task_spread,rbf_paired,0.16741827871192802,32,0.1
task_spread,rbf_unpaired,0.13579627901772295,32,0.1
task_spread,rbf_combined,0.12666310446482992,32,0.1
task_spread,rbf_paired,0.19567733145330052,33,0.1
task_spread,rbf_unpaired,0.14147145040302517,33,0.1
task_spread,rbf_combined,0.13252594050335106,33,0.1
task_spread,rbf_paired,0.17424938577520507,34,0.1
task_spread,rbf_unpaired,0.13992871726085357,34,0.1
task_spread,rbf_combined,0.13831286214989189,34,0.1
task_spread,rbf_paired,0.18554026828087455,35,0.1
task_spread,rbf_unpaired,0.13046710509302856,35,0.1
task_spread,rbf_combined,0.12747873493543707,35,0.1
task_spread,rbf_paired,0.15755370366106541,36,0.1
task_spread,rbf_unpaired,0.13051717224946577,36,0.1
task_spread,rbf_combined,0.12113304633911882,36,0.1
task_spread,rbf_paired,0.1698500744579712,37,0.1
task_spread,rbf_unpaired,0.13142723949047033,37,0.1
task_spread,rbf_combined,0.12447598506181191,37,0.1
task_spread,rbf_paired,0.16708319716904022,38,0.1
task_spread,rbf_unpaired,0.1388182327232824,38,0.1
task_spread,rbf_combined,0.13026708732439884,38,0.1
task_spread,rbf_paired,0.18950301951084986,39,0.1
task_spread,rbf_unpaired,0.13738369676671985,39,0.1
task_spread,rbf_combined,0.13378072740159241,39,0.1
task_spread,rbf_paired,0.19212303662414928,40,0.1
task_spread,rbf_unpaired,0.13518113297664955,40,0.1
task_spread,rbf_combined,0.13590241967975158,40,0.1
task_spread,rbf_paired,0.20122747128249002,41,0.1
task_spread,rbf_unpaired,0.146169689027597,41,0.1
task_spread,rbf_combined,0.1392329505453362,41,0.1
task_spread,rbf_paired,0.18545131464931788,42,0.1
task_spread,rbf_unpaired,0.14566560399525927,42,0.1
task_spread,rbf_combined,0.13682403689328787,42,0.1
task_spread,rbf_paired,0.17172134554169502,43,0.1
task_spread,rbf_unpaired,0.1269780900623217,43,0.1
task_spread,rbf_combined,0.12465498093725208,43,0.1
task_spread,rbf_paired,0.1934149356857401,44,0.1
task_spread,rbf_unpaired,0.14504477019823594,44,0.1
task_spread,rbf_combined,0.13265504027110184,44,0.1
task_spread,rbf_paired,0.20982045405854263,45,0.1
task_spread,rbf_unpaired,0.14474495078037633,45,0.1
task_spread,rbf_combined,0.14306465213069025,45,0.1
task_spread,rbf_paired,0.1842988930871325,46,0.1
task_spread,rbf_unpaired,0.138130657305036,46,0.1
task_spread,rbf_combined,0.13129201989215833,46,0.1
task_spread,rbf_paired,0.17302449149789406,47,0.1
task_spread,rbf_unpaired,0.13061534265616856,47,0.1
task_spread,rbf_combined,0.12529863874907995,47,0.1
task_spread,rbf_paired,0.17897632705684033,48,0.1
task_spread,rbf_unpaired,0.14064042641367439,48,0.1
task_spread,rbf_combined,0.13365173401884367,48,0.1
task_spread,rbf_paired,0.1802849727933623,49,0.1
task_spread,rbf_unpaired,0.13345082669655764,49,0.1
task_spread,rbf_combined,0.1284820902624403,49,0.1
task_spread,rbf_paired,0.3866345274019955,0,0.25
task_spread,rbf_unpaired,0.2558867318935098,0,0.25
task_spread,rbf_combined,0.24798661389150203,0,0.25
task_spread,rbf_paired,0.4118294085410765,1,0.25
task_spread,rbf_unpaired,0.31023376563896327,1,0.25
task_spread,rbf_combined,0.2681524269445021,1,0.25
task_spread,rbf_paired,0.3328150084500324,2,0.25
task_spread,rbf_unpaired,0.2483784381419394,2,0.25
task_spread,rbf_combined,0.2383946327044227,2,0.25
task_spread,rbf_paired,0.38380899049961625,3,0.25
task_spread,rbf_unpaired,0.2951888309878574,3,0.25
task_spread,rbf_combined,0.24127786487758301,3,0.25
task_spread,rbf_paired,0.3986233969833511,4,0.25
task_spread,rbf_unpaired,0.2678743688305494,4,0.25
task_spread,rbf_combined,0.26165110621907656,4,0.25
task_spread,rbf_paired,0.3711789667027546,5,0.25
task_spread,rbf_unpaired,0.26995478473772505,5,0.25
task_spread,rbf_combined,0.2577148206946632,5,0.25
task_spread,rbf_paired,0.4035167512859451,6,0.25
task_spread,rbf_unpaired,0.2505701605878463,6,0.25
task_spread,rbf_combined,0.24643584914697933,6,0.25
task_spread,rbf_paired,0.305389554047901,7,0.25
task_spread,rbf_unpaired,0.2339406105756007,7,0.25
task_spread,rbf_combined,0.21377104520706694,7,0.25
task_spread,rbf_paired,0.41974795159987965,8,0.25
task_spread,rbf_unpaired,0.3135121947746399,8,0.25
task_spread,rbf_combined,0.2772940474262934,8,0.25
task_spread,rbf_paired,0.4225515854052571,9,0.25
task_spread,rbf_unpaired,0.280371341601757,9,0.25
task_spread,rbf_combined,0.27025540087351546,9,0.25
task_spread,rbf_paired,0.42799846247234385,10,0.25
task_spread,rbf_unpaired,0.26080808914777254,10,0.25
task_spread,rbf_combined,0.25485889826169833,10,0.25
task_spread,rbf_paired,0.36646068207491456,11,0.25
task_spread,rbf_unpaired,0.26403970904931656,11,0.25
task_spread,rbf_combined,0.250093066097133,11,0.25
task_spread,rbf_paired,0.442817094090662,12,0.25
task_spread,rbf_unpaired,0.30817543926189295,12,0.25
task_spread,rbf_combined,0.26652229868883404,12,0.25
task_spread,rbf_paired,0.4614542854962746,13,0.25
task_spread,rbf_unpaired,0.32838110302748186,13,0.25
task_spread,rbf_combined,0.29293807629397384,13,0.25
task_spread,rbf_paired,0.42114169174611477,14,0.25
task_spread,rbf_unpaired,0.2707059253898284,14,0.25
task_spread,rbf_combined,0.25960755318277695,14,0.25
task_spread,rbf_paired,0.37325136509317297,15,0.25
task_spread,rbf_unpaired,0.2585516085093186,15,0.25
task_spread,rbf_combined,0.2493252456025208,15,0.25
task_spread,rbf_paired,0.3673764466980871,16,0.25
task_spread,rbf_unpaired,0.25450470445388335,16,0.25
task_spread,rbf_combined,0.2365602785692396,16,0.25
task_spread,rbf_paired,0.4049591547337108,17,0.25
task_spread,rbf_unpaired,0.28237521165594087,17,0.25
task_spread,rbf_combined,0.2536620678758938,17,0.25
task_spread,rbf_paired,0.4034572938728564,18,0.25
task_spread,rbf_unpaired,0.3187134572801996,18,0.25
task_spread,rbf_combined,0.3124602678207303,18,0.25
task_spread,rbf_paired,0.41226832555168064,19,0.25
task_spread,rbf_unpaired,0.2797586337468955,19,0.25
task_spread,rbf_combined,0.2738326217557169,19,0.25
task_spread,rbf_paired,0.3585722438628167,20,0.25
task_spread,rbf_unpaired,0.2809803934329038,20,0.25
task_spread,rbf_combined,0.27169094071479954,20,0.25
task_spread,rbf_paired,0.4381774999147261,21,0.25
task_spread,rbf_unpaired,0.31224826347372353,21,0.25
task_spread,rbf_combined,0.27648577638552685,21,0.25
task_spread,rbf_paired,0.40046856834511996,22,0.25
task_spread,rbf_unpaired,0.3004214578027272,22,0.25
task_spread,rbf_combined,0.27825880805155134,22,0.25
task_spread,rbf_paired,0.3987259885627557,23,0.25
task_spread,rbf_unpaired,0.2653833367951607,23,0.25
task_spread,rbf_combined,0.24877608494993791,23,0.25
task_spread,rbf_paired,0.43264506582378,24,0.25
task_spread,rbf_unpaired,0.3076550605470596,24,0.25
task_spread,rbf_combined,0.27148541457657527,24,0.25
task_spread,rbf_paired,0.4121939439962026,25,0.25
task_spread,rbf_unpaired,0.2798667352081737,25,0.25
task_spread,rbf_combined,0.2779472930543283,25,0.25
task_spread,rbf_paired,0.4129568051941472,26,0.25
task_spread,rbf_unpaired,0.28926762157123576,26,0.25
task_spread,rbf_combined,0.2776648735871607,26,0.25
task_spread,rbf_paired,0.36308506658334944,27,0.25
task_spread,rbf_unpaired,0.24850391301085045,27,0.25
task_spread,rbf_combined,0.24528111812651904,27,0.25
task_spread,rbf_paired,0.408633082630268,28,0.25
task_spread,rbf_unpaired,0.263101408983676,28,0.25
task_spread,rbf_combined,0.24011922279779555,28,0.25
task_spread,rbf_paired,0.34794692085834844,29,0.25
task_spread,rbf_unpaired,0.2727876062042972,29,0.25
task_spread,rbf_combined,0.25696420508287326,29,0.25
task_spread,rbf_paired,0.4198187860025863,30,0.25
task_spread,rbf_unpaired,0.27056583315730726,30,0.25
task_spread,rbf_combined,0.2633448409064623,30,0.25
task_spread,rbf_paired,0.4616553568714115,31,0.25
task_spread,rbf_unpaired,0.32477838848235285,31,0.25
task_spread,rbf_combined,0.2746817141944351,31,0.25
task_spread,rbf_paired,0.3557521481769217,32,0.25
task_spread,rbf_unpaired,0.2559689775213213,32,0.25
task_spread,rbf_combined,0.2337068438445288,32,0.25
task_spread,rbf_paired,0.4343903101308054,33,0.25
task_spread,rbf_unpaired,0.29115016054206966,33,0.25
task_spread,rbf_combined,0.2602312177541024,33,0.25
task_spread,rbf_paired,0.35104820986931373,34,0.25
task_spread,rbf_unpaired,0.27647187133793605,34,0.25
task_spread,rbf_combined,0.27552286693314604,34,0.25
task_spread,rbf_paired,0.4078455132352124,35,0.25
task_spread,rbf_unpaired,0.2555829843636808,35,0.25
task_spread,rbf_combined,0.24556293053511952,35,0.25
task_spread,rbf_paired,0.3388481967980198,36,0.25
task_spread,rbf_unpaired,0.2529137635295741,36,0.25
task_spread,rbf_combined,0.221159654353159,36,0.25
task_spread,rbf_paired,0.3734613534353545,37,0.25
task_spread,rbf_unpaired,0.25935578077692567,37,0.25
task_spread,rbf_combined,0.2436682085325455,37,0.25
task_spread,rbf_paired,0.3442639930044473,38,0.25
task_spread,rbf_unpaired,0.2688180995910518,38,0.25
task_spread,rbf_combined,0.24011799602355338,38,0.25
task_spread,rbf_paired,0.4224968005203944,39,0.25
task_spread,rbf_unpaired,0.2742398333019704,39,0.25
task_spread,rbf_combined,0.2584923507078784,39,0.25
task_spread,rbf_paired,0.43262381568155445,40,0.25
task_spread,rbf_unpaired,0.2831220505562152,40,0.25
task_spread,rbf_combined,0.26951467150865177,40,0.25
task_spread,rbf_paired,0.45084310604598105,41,0.25
task_spread,rbf_unpaired,0.2925944424444452,41,0.25
task_spread,rbf_combined,0.28250696903699374,41,0.25
task_spread,rbf_paired,0.41323316263499044,42,0.25
task_spread,rbf_unpaired,0.27442478105122303,42,0.25
task_spread,rbf_combined,0.2611291767196109,42,0.25
task_spread,rbf_paired,0.3761469445244792,43,0.25
task_spread,rbf_unpaired,0.24898075331797762,43,0.25
task_spread,rbf_combined,0.24257231584855732,43,0.25
task_spread,rbf_paired,0.43580689211793544,44,0.25
task_spread,rbf_unpaired,0.29677719240524303,44,0.25
task_spread,rbf_combined,0.2609338780809285,44,0.25
task_spread,rbf_paired,0.4824022745065605,45,0.25
task_spread,rbf_unpaired,0.34961436490864767,45,0.25
task_spread,rbf_combined,0.3033904458008077,45,0.25
task_spread,rbf_paired,0.4077801786989335,46,0.25
task_spread,rbf_unpaired,0.27351512841329617,46,0.25
task_spread,rbf_combined,0.26109304542730766,46,0.25
task_spread,rbf_paired,0.38155598387257267,47,0.25
task_spread,rbf_unpaired,0.2738529935134413,47,0.25
task_spread,rbf_combined,0.2357712336282656,47,0.25
task_spread,rbf_paired,0.38887158738422684,48,0.25
task_spread,rbf_unpaired,0.2880211511632212,48,0.25
task_spread,rbf_combined,0.2721153072815436,48,0.25
task_spread,rbf_paired,0.39864540007015903,49,0.25
task_spread,rbf_unpaired,0.2625276720356555,49,0.25
task_spread,rbf_combined,0.24704943931736698,49,0.25
task_spread,rbf_paired,0.7533461968485781,0,0.5
task_spread,rbf_unpaired,0.5079353148518359,0,0.5
task_spread,rbf_combined,0.48454385236386877,0,0.5
task_spread,rbf_paired,0.7923746674632657,1,0.5
task_spread,rbf_unpaired,0.5895544745560417,1,0.5
task_spread,rbf_combined,0.5351254595914878,1,0.5
task_spread,rbf_paired,0.7288727730949182,2,0.5
task_spread,rbf_unpaired,0.5624491266562535,2,0.5
task_spread,rbf_combined,0.45664057005571884,2,0.5
task_spread,rbf_paired,0.7534628615508302,3,0.5
task_spread,rbf_unpaired,0.5809268466650763,3,0.5
task_spread,rbf_combined,0.48135923919239526,3,0.5
task_spread,rbf_paired,0.7943920047841961,4,0.5
task_spread,rbf_unpaired,0.530877249968891,4,0.5
task_spread,rbf_combined,0.503922187789006,4,0.5
task_spread,rbf_paired,0.723472210009892,5,0.5
task_spread,rbf_unpaired,0.5257236296203435,5,0.5
task_spread,rbf_combined,0.5059683191434672,5,0.5
task_spread,rbf_paired,0.7900667555027139,6,0.5
task_spread,rbf_unpaired,0.4860635851648209,6,0.5
task_spread,rbf_combined,0.4768154283347876,6,0.5
task_spread,rbf_paired,0.5885570463802101,7,0.5
task_spread,rbf_unpaired,0.44930559615022236,7,0.5
task_spread,rbf_combined,0.4010387550452952,7,0.5
task_spread,rbf_paired,0.8271399829121544,8,0.5
task_spread,rbf_unpaired,0.6331221819730226,8,0.5
task_spread,rbf_combined,0.5446429473435153,8,0.5
task_spread,rbf_paired,0.7591394782273809,9,0.5
task_spread,rbf_unpaired,0.5410754807045861,9,0.5
task_spread,rbf_combined,0.5242922011034157,9,0.5
task_spread,rbf_paired,0.8084696322402509,10,0.5
task_spread,rbf_unpaired,0.5114457258542693,10,0.5
task_spread,rbf_combined,0.4902556541806587,10,0.5
task_spread,rbf_paired,0.7070783761502013,11,0.5
task_spread,rbf_unpaired,0.5184823479884721,11,0.5
task_spread,rbf_combined,0.47932852749880267,11,0.5
task_spread,rbf_paired,0.8872638655132092,12,0.5
task_spread,rbf_unpaired,0.6285012618931133,12,0.5
task_spread,rbf_combined,0.5206136083094386,12,0.5
task_spread,rbf_paired,0.9451250934402013,13,0.5
task_spread,rbf_unpaired,0.6945073863916275,13,0.5
task_spread,rbf_combined,0.582377384700909,13,0.5
task_spread,rbf_paired,0.8238053723415165,14,0.5
task_spread,rbf_unpaired,0.5366985752404485,14,0.5
task_spread,rbf_combined,0.5154358981125773,14,0.5
task_spread,rbf_paired,0.7170777731165757,15,0.5
task_spread,rbf_unpaired,0.5058858674416846,15,0.5
task_spread,rbf_combined,0.485587500744357,15,0.5
task_spread,rbf_paired,0.6741695524832189,16,0.5
task_spread,rbf_unpaired,0.4769617509576318,16,0.5
task_spread,rbf_combined,0.46033261857853425,16,0.5
task_spread,rbf_paired,0.7605598761748074,17,0.5
task_spread,rbf_unpaired,0.5149668147454342,17,0.5
task_spread,rbf_combined,0.48513000747905244,17,0.5
task_spread,rbf_paired,0.8440941415920311,18,0.5
task_spread,rbf_unpaired,0.636674796902209,18,0.5
task_spread,rbf_combined,0.6131404103280509,18,0.5
task_spread,rbf_paired,0.8199809619578275,19,0.5
task_spread,rbf_unpaired,0.5591743782180446,19,0.5
task_spread,rbf_combined,0.5431995789866904,19,0.5
task_spread,rbf_paired,0.7949780051422557,20,0.5
task_spread,rbf_unpaired,0.5705342663756692,20,0.5
task_spread,rbf_combined,0.5349598705528442,20,0.5
task_spread,rbf_paired,0.8327222058855721,21,0.5
task_spread,rbf_unpaired,0.6231934413220978,21,0.5
task_spread,rbf_combined,0.542306351322573,21,0.5
task_spread,rbf_paired,0.7305000655040144,22,0.5
task_spread,rbf_unpaired,0.583791897747076,22,0.5
task_spread,rbf_combined,0.5457775956343248,22,0.5
task_spread,rbf_paired,0.8052394436726297,23,0.5
task_spread,rbf_unpaired,0.5117156119316462,23,0.5
task_spread,rbf_combined,0.48278413256992664,23,0.5
task_spread,rbf_paired,0.8511059187171128,24,0.5
task_spread,rbf_unpaired,0.5942218579205788,24,0.5
task_spread,rbf_combined,0.532042404923163,24,0.5
task_spread,rbf_paired,0.815415036388831,25,0.5
task_spread,rbf_unpaired,0.5662050057462744,25,0.5
task_spread,rbf_combined,0.552209860217325,25,0.5
task_spread,rbf_paired,0.795434138077859,26,0.5
task_spread,rbf_unpaired,0.564704580018629,26,0.5
task_spread,rbf_combined,0.5429129777542356,26,0.5
task_spread,rbf_paired,0.7826974669427343,27,0.5
task_spread,rbf_unpaired,0.5121498934560246,27,0.5
task_spread,rbf_combined,0.47519791001935746,27,0.5
task_spread,rbf_paired,0.7807900318883981,28,0.5
task_spread,rbf_unpaired,0.5162411704363272,28,0.5
task_spread,rbf_combined,0.45967347749060694,28,0.5
task_spread,rbf_paired,0.6819368837242235,29,0.5
task_spread,rbf_unpaired,0.5287914959052687,29,0.5
task_spread,rbf_combined,0.49921917979978353,29,0.5
task_spread,rbf_paired,0.8318685172067066,30,0.5
task_spread,rbf_unpaired,0.5487608396567943,30,0.5
task_spread,rbf_combined,0.5189579450160784,30,0.5
task_spread,rbf_paired,0.8716605470227612,31,0.5
task_spread,rbf_unpaired,0.608036910686918,31,0.5
task_spread,rbf_combined,0.5391396877602946,31,0.5
task_spread,rbf_paired,0.6995498683669743,32,0.5
task_spread,rbf_unpaired,0.5030920543341306,32,0.5
task_spread,rbf_combined,0.4533736102375638,32,0.5
task_spread,rbf_paired,0.8550389379607674,33,0.5
task_spread,rbf_unpaired,0.5902367326744856,33,0.5
task_spread,rbf_combined,0.5091950802755368,33,0.5
task_spread,rbf_paired,0.7650788005801873,34,0.5
task_spread,rbf_unpaired,0.5653480827446866,34,0.5
task_spread,rbf_combined,0.5408787759240175,34,0.5
task_spread,rbf_paired,0.7709391147978978,35,0.5
task_spread,rbf_unpaired,0.513163111542635,35,0.5
task_spread,rbf_combined,0.48897248626606915,35,0.5
task_spread,rbf_paired,0.6269272910843955,36,0.5
task_spread,rbf_unpaired,0.4397800481198968,36,0.5
task_spread,rbf_combined,0.4193710004371216,36,0.5
task_spread,rbf_paired,0.6954273228801143,37,0.5
task_spread,rbf_unpaired,0.4984929570585929,37,0.5
task_spread,rbf_combined,0.47287843431784743,37,0.5
task_spread,rbf_paired,0.6064968355463742,38,0.5
task_spread,rbf_unpaired,0.47192493063893576,38,0.5
task_spread,rbf_combined,0.4461146748210488,38,0.5
task_spread,rbf_paired,0.8309130317193296,39,0.5
task_spread,rbf_unpaired,0.5568801284681025,39,0.5
task_spread,rbf_combined,0.5066860977471209,39,0.5
task_spread,rbf_paired,0.8529101213081993,40,0.5
task_spread,rbf_unpaired,0.5843599675716548,40,0.5
task_spread,rbf_combined,0.5363241626715946,40,0.5
task_spread,rbf_paired,0.8294057605997517,41,0.5
task_spread,rbf_unpaired,0.5785710613976324,41,0.5
task_spread,rbf_combined,0.5533714954382676,41,0.5
task_spread,rbf_paired,0.8039106180929058,42,0.5
task_spread,rbf_unpaired,0.5411407344358579,42,0.5
task_spread,rbf_combined,0.5177577241696041,42,0.5
task_spread,rbf_paired,0.753846098594454,43,0.5
task_spread,rbf_unpaired,0.49587468033290866,43,0.5
task_spread,rbf_combined,0.47666325949543636,43,0.5
task_spread,rbf_paired,0.8270112562452273,44,0.5
task_spread,rbf_unpaired,0.533782355742522,44,0.5
task_spread,rbf_combined,0.5081168770280038,44,0.5
task_spread,rbf_paired,0.9015666228815261,45,0.5
task_spread,rbf_unpaired,0.6411147465773565,45,0.5
task_spread,rbf_combined,0.6084819580780513,45,0.5
task_spread,rbf_paired,0.8020568530499063,46,0.5
task_spread,rbf_unpaired,0.537876455856799,46,0.5
task_spread,rbf_combined,0.5091709835680782,46,0.5
task_spread,rbf_paired,0.6767224237813205,47,0.5
task_spread,rbf_unpaired,0.547320979058375,47,0.5
task_spread,rbf_combined,0.4570979530263034,47,0.5
task_spread,rbf_paired,0.7621772150302215,48,0.5
task_spread,rbf_unpaired,0.5762055328011986,48,0.5
task_spread,rbf_combined,0.543850563477583,48,0.5
task_spread,rbf_paired,0.7411636021287356,49,0.5
task_spread,rbf_unpaired,0.49723148199741535,49,0.5
task_spread,rbf_combined,0.472821408011966,49,0.5
task_spread,rbf_paired,1.563761867838416,0,1.0
task_spread,rbf_unpaired,1.130465624394971,0,1.0
task_spread,rbf_combined,1.056734149226513,0,1.0
task_spread,rbf_paired,1.7014472024595453,1,1.0
task_spread,rbf_unpaired,1.3996443440761683,1,1.0
task_spread,rbf_combined,1.2156605664215037,1,1.0
task_spread,rbf_paired,1.4787889387377597,2,1.0
task_spread,rbf_unpaired,1.2375438611526821,2,1.0
task_spread,rbf_combined,0.9867724691002476,2,1.0
task_spread,rbf_paired,1.4963678078628062,3,1.0
task_spread,rbf_unpaired,1.2877258137245993,3,1.0
task_spread,rbf_combined,1.036537160426268,3,1.0
task_spread,rbf_paired,1.5951832205458343,4,1.0
task_spread,rbf_unpaired,1.2721301377110115,4,1.0
task_spread,rbf_combined,1.0835408270982045,4,1.0
task_spread,rbf_paired,1.5633842338755706,5,1.0
task_spread,rbf_unpaired,1.202443970470612,5,1.0
task_spread,rbf_combined,1.1392141059356269,5,1.0
task_spread,rbf_paired,1.5408947156021013,6,1.0
task_spread,rbf_unpaired,1.0322620606403783,6,1.0
task_spread,rbf_combined,1.006659745381226,6,1.0
task_spread,rbf_paired,1.1974499914939138,7,1.0
task_spread,rbf_unpaired,0.9651106170472163,7,1.0
task_spread,rbf_combined,0.8724050311037786,7,1.0
task_spread,rbf_paired,1.6545901187526508,8,1.0
task_spread,rbf_unpaired,1.3145200442033538,8,1.0
task_spread,rbf_combined,1.1517870656707236,8,1.0
task_spread,rbf_paired,1.6437717138793593,9,1.0
task_spread,rbf_unpaired,1.189566982297059,9,1.0
task_spread,rbf_combined,1.1394810738973584,9,1.0
task_spread,rbf_paired,1.6721472325897817,10,1.0
task_spread,rbf_unpaired,1.1597969593338249,10,1.0
task_spread,rbf_combined,1.0803997529562728,10,1.0
task_spread,rbf_paired,1.4793420351880606,11,1.0
task_spread,rbf_unpaired,1.1587081465225828,11,1.0
task_spread,rbf_combined,1.0587876062082797,11,1.0
task_spread,rbf_paired,1.8039584242576756,12,1.0
task_spread,rbf_unpaired,1.4323358219176874,12,1.0
task_spread,rbf_combined,1.104505725578943,12,1.0
task_spread,rbf_paired,1.900727332936023,13,1.0
task_spread,rbf_unpaired,1.5788973174768635,13,1.0
task_spread,rbf_combined,1.2553146874149663,13,1.0
task_spread,rbf_paired,1.6768648729115514,14,1.0
task_spread,rbf_unpaired,1.2387622024502123,14,1.0
task_spread,rbf_combined,1.1210090763343985,14,1.0
task_spread,rbf_paired,1.4502501471555216,15,1.0
task_spread,rbf_unpaired,1.1129255683999577,15,1.0
task_spread,rbf_combined,1.0613542507195772,15,1.0
task_spread,rbf_paired,1.4516192086893032,16,1.0
task_spread,rbf_unpaired,1.0633994191431655,16,1.0
task_spread,rbf_combined,1.0146550590151866,16,1.0
task_spread,rbf_paired,1.5852223299710115,17,1.0
task_spread,rbf_unpaired,1.2613034266621204,17,1.0
task_spread,rbf_combined,1.0364928200521188,17,1.0
task_spread,rbf_paired,1.7330691274759291,18,1.0
task_spread,rbf_unpaired,1.420535614523675,18,1.0
task_spread,rbf_combined,1.3527617006192205,18,1.0
task_spread,rbf_paired,1.6592033796147507,19,1.0
task_spread,rbf_unpaired,1.2558298634849552,19,1.0
task_spread,rbf_combined,1.1747169188906499,19,1.0
task_spread,rbf_paired,1.5768197876981005,20,1.0
task_spread,rbf_unpaired,1.2204408750457132,20,1.0
task_spread,rbf_combined,1.1326896992965219,20,1.0
task_spread,rbf_paired,1.634295599408244,21,1.0
task_spread,rbf_unpaired,1.3164165378950798,21,1.0
task_spread,rbf_combined,1.191143755371443,21,1.0
task_spread,rbf_paired,1.6593304592191596,22,1.0
task_spread,rbf_unpaired,1.4380666539728666,22,1.0
task_spread,rbf_combined,1.1878973225287848,22,1.0
task_spread,rbf_paired,1.763159093229603,23,1.0
task_spread,rbf_unpaired,1.2064269588645145,23,1.0
task_spread,rbf_combined,1.0809889782496709,23,1.0
task_spread,rbf_paired,1.7054522307826334,24,1.0
task_spread,rbf_unpaired,1.2751450027659201,24,1.0
task_spread,rbf_combined,1.133430234500857,24,1.0
task_spread,rbf_paired,1.7317621059525603,25,1.0
task_spread,rbf_unpaired,1.3336425527998632,25,1.0
task_spread,rbf_combined,1.2044847148783768,25,1.0
task_spread,rbf_paired,1.6579819654040147,26,1.0
task_spread,rbf_unpaired,1.3089655361424366,26,1.0
task_spread,rbf_combined,1.1713280390310117,26,1.0
task_spread,rbf_paired,1.5648801761479918,27,1.0
task_spread,rbf_unpaired,1.1667821943521701,27,1.0
task_spread,rbf_combined,1.0174219362977328,27,1.0
task_spread,rbf_paired,1.6432895073957798,28,1.0
task_spread,rbf_unpaired,1.1131560421146762,28,1.0
task_spread,rbf_combined,0.9988957150373486,28,1.0
task_spread,rbf_paired,1.3354621709098982,29,1.0
task_spread,rbf_unpaired,1.1857438328496928,29,1.0
task_spread,rbf_combined,1.05147423427513,29,1.0
task_spread,rbf_paired,1.6877730447247616,30,1.0
task_spread,rbf_unpaired,1.2316796491707094,30,1.0
task_spread,rbf_combined,1.1364641304207799,30,1.0
task_spread,rbf_paired,1.8498048736509998,31,1.0
task_spread,rbf_unpaired,1.433635095993733,31,1.0
task_spread,rbf_combined,1.1772455212646642,31,1.0
task_spread,rbf_paired,1.4074379082370498,32,1.0
task_spread,rbf_unpaired,1.1272213165748193,32,1.0
task_spread,rbf_combined,0.9890292550506682,32,1.0
task_spread,rbf_paired,1.7397018518185876,33,1.0
task_spread,rbf_unpaired,1.4197877972539934,33,1.0
task_spread,rbf_combined,1.133267194988232,33,1.0
task_spread,rbf_paired,1.501350167769541,34,1.0
task_spread,rbf_unpaired,1.239168942546282,34,1.0
task_spread,rbf_combined,1.1882729354789079,34,1.0
task_spread,rbf_paired,1.6061198030954087,35,1.0
task_spread,rbf_unpaired,1.202969414810819,35,1.0
task_spread,rbf_combined,1.0978416368884727,35,1.0
task_spread,rbf_paired,1.4235868041802864,36,1.0
task_spread,rbf_unpaired,0.9800269321972707,36,1.0
task_spread,rbf_combined,0.90864302406449,36,1.0
task_spread,rbf_paired,1.5401615820275207,37,1.0
task_spread,rbf_unpaired,1.2157844161061635,37,1.0
task_spread,rbf_combined,1.040122457452237,37,1.0
task_spread,rbf_paired,1.3937930579226963,38,1.0
task_spread,rbf_unpaired,1.1065079888226699,38,1.0
task_spread,rbf_combined,0.955988777760511,38,1.0
task_spread,rbf_paired,1.6833101912954778,39,1.0
task_spread,rbf_unpaired,1.2356909493346901,39,1.0
task_spread,rbf_combined,1.1293895708931205,39,1.0
task_spread,rbf_paired,1.7609077912382594,40,1.0
task_spread,rbf_unpaired,1.2642036906204128,40,1.0
task_spread,rbf_combined,1.1628352225594836,40,1.0
task_spread,rbf_paired,1.7974833084685964,41,1.0
task_spread,rbf_unpaired,1.368406454581613,41,1.0
task_spread,rbf_combined,1.2531674716560113,41,1.0
task_spread,rbf_paired,1.599618254705571,42,1.0
task_spread,rbf_unpaired,1.2404436962876342,42,1.0
task_spread,rbf_combined,1.1390448114397287,42,1.0
task_spread,rbf_paired,1.525492980979506,43,1.0
task_spread,rbf_unpaired,1.2508986480291553,43,1.0
task_spread,rbf_combined,1.0546741994353543,43,1.0
task_spread,rbf_paired,1.7219542552075997,44,1.0
task_spread,rbf_unpaired,1.246781685672327,44,1.0
task_spread,rbf_combined,1.1089433913094464,44,1.0
task_spread,rbf_paired,1.9201980160750152,45,1.0
task_spread,rbf_unpaired,1.5746910843395274,45,1.0
task_spread,rbf_combined,1.4240299659738433,45,1.0
task_spread,rbf_paired,1.5379408301457627,46,1.0
task_spread,rbf_unpaired,1.1525350168769082,46,1.0
task_spread,rbf_combined,1.107478982932987,46,1.0
task_spread,rbf_paired,1.3606241682696574,47,1.0
task_spread,rbf_unpaired,1.1707178286978792,47,1.0
task_spread,rbf_combined,1.0002924234171402,47,1.0
task_spread,rbf_paired,1.6763860225948561,48,1.0
task_spread,rbf_unpaired,1.3869999710580665,48,1.0
task_spread,rbf_combined,1.1682807407330194,48,1.0
task_spread,rbf_paired,1.5638722054872503,49,1.0
task_spread,rbf_unpaired,1.1822749982037646,49,1.0
task_spread,rbf_combined,1.0498100137093627,49,1.0
task_spread,rbf_paired,3.243635118868979,0,2.0
task_spread,rbf_unpaired,2.8386617731853097,0,2.0
task_spread,rbf_combined,2.560072963126607,0,2.0
task_spread,rbf_paired,3.4937362949069253,1,2.0
task_spread,rbf_unpaired,3.375834030007911,1,2.0
task_spread,rbf_combined,3.009389824736141,1,2.0
task_spread,rbf_paired,3.085940298794796,2,2.0
task_spread,rbf_unpaired,2.848562279995193,2,2.0
task_spread,rbf_combined,2.4544025853811835,2,2.0
task_spread,rbf_paired,2.937394976611971,3,2.0
task_spread,rbf_unpaired,3.0054464125902163,3,2.0
task_spread,rbf_combined,2.501755893787408,3,2.0
task_spread,rbf_paired,3.269383862353882,4,2.0
task_spread,rbf_unpaired,3.193101575582547,4,2.0
task_spread,rbf_combined,2.6156568215150733,4,2.0
task_spread,rbf_paired,3.1516123235241174,5,2.0
task_spread,rbf_unpaired,3.014677104768622,5,2.0
task_spread,rbf_combined,2.879913052065516,5,2.0
task_spread,rbf_paired,3.199168660956271,6,2.0
task_spread,rbf_unpaired,2.705644176501253,6,2.0
task_spread,rbf_combined,2.409449459605039,6,2.0
task_spread,rbf_paired,2.6359213743390026,7,2.0
task_spread,rbf_unpaired,2.1851072038861923,7,2.0
task_spread,rbf_combined,2.139879967834655,7,2.0
task_spread,rbf_paired,3.318499652873074,8,2.0
task_spread,rbf_unpaired,2.9020052045219256,8,2.0
task_spread,rbf_combined,2.6525233311443586,8,2.0
task_spread,rbf_paired,3.5879403407773363,9,2.0
task_spread,rbf_unpaired,3.1529812514606905,9,2.0
task_spread,rbf_combined,2.7842631112196874,9,2.0
task_spread,rbf_paired,3.575368423286256,10,2.0
task_spread,rbf_unpaired,3.1777552663435373,10,2.0
task_spread,rbf_combined,2.7345990563628364,10,2.0
task_spread,rbf_paired,3.282208462782323,11,2.0
task_spread,rbf_unpaired,3.0100839354620645,11,2.0
task_spread,rbf_combined,2.635141588237585,11,2.0
task_spread,rbf_paired,3.6304513656721453,12,2.0
task_spread,rbf_unpaired,3.4871243590480883,12,2.0
task_spread,rbf_combined,2.7015701281984668,12,2.0
task_spread,rbf_paired,3.8399818877963514,13,2.0
task_spread,rbf_unpaired,3.435001869339979,13,2.0
task_spread,rbf_combined,3.0228260958172304,13,2.0
task_spread,rbf_paired,3.5210170793598525,14,2.0
task_spread,rbf_unpaired,3.1337241276455683,14,2.0
task_spread,rbf_combined,2.803349636087379,14,2.0
task_spread,rbf_paired,3.251627759444328,15,2.0
task_spread,rbf_unpaired,2.902868477849231,15,2.0
task_spread,rbf_combined,2.625651849774863,15,2.0
task_spread,rbf_paired,2.9956649439057763,16,2.0
task_spread,rbf_unpaired,2.694017838979246,16,2.0
task_spread,rbf_combined,2.454232008314561,16,2.0
task_spread,rbf_paired,3.219915591168813,17,2.0
task_spread,rbf_unpaired,2.995547581939339,17,2.0
task_spread,rbf_combined,2.4989843443530857,17,2.0
task_spread,rbf_paired,3.6015101271103536,18,2.0
task_spread,rbf_unpaired,3.52267302693948,18,2.0
task_spread,rbf_combined,3.24162677187773,18,2.0
task_spread,rbf_paired,3.4535643715792554,19,2.0
task_spread,rbf_unpaired,3.413011980739763,19,2.0
task_spread,rbf_combined,2.727150539498793,19,2.0
task_spread,rbf_paired,3.335326220752682,20,2.0
task_spread,rbf_unpaired,2.8725065181042906,20,2.0
task_spread,rbf_combined,2.6745824301546786,20,2.0
task_spread,rbf_paired,3.4765654785350035,21,2.0
task_spread,rbf_unpaired,3.115666916277232,21,2.0
task_spread,rbf_combined,2.8367069732341124,21,2.0
task_spread,rbf_paired,3.4629349382734933,22,2.0
task_spread,rbf_unpaired,3.6248051812484623,22,2.0
task_spread,rbf_combined,3.0942973473500164,22,2.0
task_spread,rbf_paired,3.560565830422864,23,2.0
task_spread,rbf_unpaired,2.8728356698042874,23,2.0
task_spread,rbf_combined,2.6832994515409876,23,2.0
task_spread,rbf_paired,3.481593437771511,24,2.0
task_spread,rbf_unpaired,3.159239797532646,24,2.0
task_spread,rbf_combined,2.636844482620413,24,2.0
task_spread,rbf_paired,3.5101143929608196,25,2.0
task_spread,rbf_unpaired,3.2041262417951937,25,2.0
task_spread,rbf_combined,2.984926595859836,25,2.0
task_spread,rbf_paired,3.3709910940474095,26,2.0
task_spread,rbf_unpaired,3.028227880220683,26,2.0
task_spread,rbf_combined,2.6852679969122084,26,2.0
task_spread,rbf_paired,3.149351692502981,27,2.0
task_spread,rbf_unpaired,3.0420804481225043,27,2.0
task_spread,rbf_combined,2.5088622707856234,27,2.0
task_spread,rbf_paired,3.3631754833099157,28,2.0
task_spread,rbf_unpaired,2.612258560902836,28,2.0
task_spread,rbf_combined,2.363919632133535,28,2.0
task_spread,rbf_paired,2.9008603242930393,29,2.0
task_spread,rbf_unpaired,2.891531054988005,29,2.0
task_spread,rbf_combined,2.473954052636229,29,2.0
task_spread,rbf_paired,3.463491240676628,30,2.0
task_spread,rbf_unpaired,2.969532554803588,30,2.0
task_spread,rbf_combined,2.8060897485510803,30,2.0
task_spread,rbf_paired,3.8460105982072736,31,2.0
task_spread,rbf_unpaired,3.675612075137487,31,2.0
task_spread,rbf_combined,3.034876307072758,31,2.0
task_spread,rbf_paired,2.914097487775726,32,2.0
task_spread,rbf_unpaired,2.6704611947716663,32,2.0
task_spread,rbf_combined,2.385956478022631,32,2.0
task_spread,rbf_paired,3.5095508212649373,33,2.0
task_spread,rbf_unpaired,3.3275747947780476,33,2.0
task_spread,rbf_combined,2.8639320640485506,33,2.0
task_spread,rbf_paired,3.241485345671791,34,2.0
task_spread,rbf_unpaired,3.104581968403144,34,2.0
task_spread,rbf_combined,2.8542272006641722,34,2.0
task_spread,rbf_paired,3.388332190993971,35,2.0
task_spread,rbf_unpaired,2.966954439426879,35,2.0
task_spread,rbf_combined,2.706908075837088,35,2.0
task_spread,rbf_paired,2.9322399475906185,36,2.0
task_spread,rbf_unpaired,2.49733517102649,36,2.0
task_spread,rbf_combined,2.2781217709083994,36,2.0
task_spread,rbf_paired,3.163449486028952,37,2.0
task_spread,rbf_unpaired,2.8662244059574458,37,2.0
task_spread,rbf_combined,2.5441908167915175,37,2.0
task_spread,rbf_paired,2.981548981211616,38,2.0
task_spread,rbf_unpaired,2.659528939488934,38,2.0
task_spread,rbf_combined,2.2353240914393564,38,2.0
task_spread,rbf_paired,3.4415286406053753,39,2.0
task_spread,rbf_unpaired,3.2281405819324136,39,2.0
task_spread,rbf_combined,2.788960548567393,39,2.0
task_spread,rbf_paired,3.5850996543564086,40,2.0
task_spread,rbf_unpaired,3.39993489676068,40,2.0
task_spread,rbf_combined,2.8124412080456325,40,2.0
task_spread,rbf_paired,3.711849740675596,41,2.0
task_spread,rbf_unpaired,3.568623250559605,41,2.0
task_spread,rbf_combined,3.1894500053160626,41,2.0
task_spread,rbf_paired,3.3564672207389665,42,2.0
task_spread,rbf_unpaired,3.334217470251618,42,2.0
task_spread,rbf_combined,2.855760891101538,42,2.0
task_spread,rbf_paired,3.192528010989147,43,2.0
task_spread,rbf_unpaired,3.0746159137635467,43,2.0
task_spread,rbf_combined,2.636518439142512,43,2.0
task_spread,rbf_paired,3.46897272660804,44,2.0
task_spread,rbf_unpaired,3.3015268213235736,44,2.0
task_spread,rbf_combined,2.6765640949824503,44,2.0
task_spread,rbf_paired,3.858110991586451,45,2.0
task_spread,rbf_unpaired,3.419281623526113,45,2.0
task_spread,rbf_combined,3.400226217969285,45,2.0
task_spread,rbf_paired,3.2666997758439082,46,2.0
task_spread,rbf_unpaired,2.9283114663233447,46,2.0
task_spread,rbf_combined,2.616693278126777,46,2.0
task_spread,rbf_paired,3.020483748214853,47,2.0
task_spread,rbf_unpaired,3.018195429835698,47,2.0
task_spread,rbf_combined,2.386964032573549,47,2.0
task_spread,rbf_paired,3.494702716441961,48,2.0
task_spread,rbf_unpaired,3.3575887031780267,48,2.0
task_spread,rbf_combined,2.799135879617332,48,2.0
task_spread,rbf_paired,3.3237324359894087,49,2.0
task_spread,rbf_unpaired,2.9352310147425356,49,2.0
task_spread,rbf_combined,2.5981036970619384,49,2.0
task_spread,rbf_paired,8.212593583179224,0,5.0
task_spread,rbf_unpaired,8.635107611793945,0,5.0
task_spread,rbf_combined,8.107759216738243,0,5.0
task_spread,rbf_paired,8.836470028316857,1,5.0
task_spread,rbf_unpaired,9.691599743275567,1,5.0
task_spread,rbf_combined,9.036861660865428,1,5.0
task_spread,rbf_paired,7.925471264314052,2,5.0
task_spread,rbf_unpaired,8.437598238423696,2,5.0
task_spread,rbf_combined,7.9836796672054,2,5.0
task_spread,rbf_paired,7.6008272644634705,3,5.0
task_spread,rbf_unpaired,9.00468872235548,3,5.0
task_spread,rbf_combined,8.250190515381334,3,5.0
task_spread,rbf_paired,8.525337096177307,4,5.0
task_spread,rbf_unpaired,9.088449907409867,4,5.0
task_spread,rbf_combined,8.716607123680383,4,5.0
task_spread,rbf_paired,8.992080654905612,5,5.0
task_spread,rbf_unpaired,9.284110714112355,5,5.0
task_spread,rbf_combined,8.914210842018955,5,5.0
task_spread,rbf_paired,8.124303820909825,6,5.0
task_spread,rbf_unpaired,8.604202881208622,6,5.0
task_spread,rbf_combined,8.002398635435235,6,5.0
task_spread,rbf_paired,6.822134401620593,7,5.0
task_spread,rbf_unpaired,7.043016854736887,7,5.0
task_spread,rbf_combined,6.8482306643047535,7,5.0
task_spread,rbf_paired,8.606776295293178,8,5.0
task_spread,rbf_unpaired,9.209518118419988,8,5.0
task_spread,rbf_combined,8.314437575091302,8,5.0
task_spread,rbf_paired,9.143479780333548,9,5.0
task_spread,rbf_unpaired,9.450784132999821,9,5.0
task_spread,rbf_combined,8.794442844278407,9,5.0
task_spread,rbf_paired,9.075174705786134,10,5.0
task_spread,rbf_unpaired,9.757046148457304,10,5.0
task_spread,rbf_combined,8.749572090294938,10,5.0
task_spread,rbf_paired,8.143884099828675,11,5.0
task_spread,rbf_unpaired,9.035356780767014,11,5.0
task_spread,rbf_combined,8.420709877951872,11,5.0
task_spread,rbf_paired,9.203174491138855,12,5.0
task_spread,rbf_unpaired,9.47394745573459,12,5.0
task_spread,rbf_combined,8.835759542492474,12,5.0
task_spread,rbf_paired,9.779205329628796,13,5.0
task_spread,rbf_unpaired,10.179149511085136,13,5.0
task_spread,rbf_combined,9.64597756546356,13,5.0
task_spread,rbf_paired,8.982431672107184,14,5.0
task_spread,rbf_unpaired,9.228213376074658,14,5.0
task_spread,rbf_combined,9.05877826562832,14,5.0
task_spread,rbf_paired,8.306717960979125,15,5.0
task_spread,rbf_unpaired,9.14175322586758,15,5.0
task_spread,rbf_combined,8.43039872449004,15,5.0
task_spread,rbf_paired,7.641313862852731,16,5.0
task_spread,rbf_unpaired,8.120241163159067,16,5.0
task_spread,rbf_combined,7.744342187026674,16,5.0
task_spread,rbf_paired,8.14628989017493,17,5.0
task_spread,rbf_unpaired,8.485926600855056,17,5.0
task_spread,rbf_combined,8.041663472886448,17,5.0
task_spread,rbf_paired,9.252631711193098,18,5.0
task_spread,rbf_unpaired,10.553797547225656,18,5.0
task_spread,rbf_combined,9.649562070033348,18,5.0
task_spread,rbf_paired,8.56978111966243,19,5.0
task_spread,rbf_unpaired,9.783513083258297,19,5.0
task_spread,rbf_combined,8.896557993299998,19,5.0
task_spread,rbf_paired,8.486303009308171,20,5.0
task_spread,rbf_unpaired,9.276672694034923,20,5.0
task_spread,rbf_combined,8.25908362796837,20,5.0
task_spread,rbf_paired,8.74092538299868,21,5.0
task_spread,rbf_unpaired,9.185824077147206,21,5.0
task_spread,rbf_combined,8.496038997315022,21,5.0
task_spread,rbf_paired,8.885237098017223,22,5.0
task_spread,rbf_unpaired,9.871767510499847,22,5.0
task_spread,rbf_combined,9.639171088235473,22,5.0
task_spread,rbf_paired,9.029732701044571,23,5.0
task_spread,rbf_unpaired,9.790343814448692,23,5.0
task_spread,rbf_combined,9.363831974884276,23,5.0
task_spread,rbf_paired,8.836219752419568,24,5.0
task_spread,rbf_unpaired,9.217425866015075,24,5.0
task_spread,rbf_combined,8.708266335357777,24,5.0
task_spread,rbf_paired,8.926633819286945,25,5.0
task_spread,rbf_unpaired,9.25294204399612,25,5.0
task_spread,rbf_combined,8.776295738686908,25,5.0
task_spread,rbf_paired,8.596216346908003,26,5.0
task_spread,rbf_unpaired,8.769324529350321,26,5.0
task_spread,rbf_combined,8.190742025236837,26,5.0
task_spread,rbf_paired,7.900103778631998,27,5.0
task_spread,rbf_unpaired,8.425011720265248,27,5.0
task_spread,rbf_combined,8.160159039257026,27,5.0
task_spread,rbf_paired,8.581331708257284,28,5.0
task_spread,rbf_unpaired,8.644890541189548,28,5.0
task_spread,rbf_combined,7.763766953232162,28,5.0
task_spread,rbf_paired,8.562609475903496,29,5.0
task_spread,rbf_unpaired,8.94703422161152,29,5.0
task_spread,rbf_combined,7.937900826238975,29,5.0
task_spread,rbf_paired,8.826138595226949,30,5.0
task_spread,rbf_unpaired,9.561952818959876,30,5.0
task_spread,rbf_combined,8.960813539047635,30,5.0
task_spread,rbf_paired,9.70921700613572,31,5.0
task_spread,rbf_unpaired,10.279023193094973,31,5.0
task_spread,rbf_combined,9.7279156149037,31,5.0
task_spread,rbf_paired,7.690559996438909,32,5.0
task_spread,rbf_unpaired,8.653491465259572,32,5.0
task_spread,rbf_combined,7.827852334325417,32,5.0
task_spread,rbf_paired,8.880547407658016,33,5.0
task_spread,rbf_unpaired,9.300836172894714,33,5.0
task_spread,rbf_combined,8.84745772821306,33,5.0
task_spread,rbf_paired,8.462664444361875,34,5.0
task_spread,rbf_unpaired,9.280480040120906,34,5.0
task_spread,rbf_combined,8.841639479574958,34,5.0
task_spread,rbf_paired,8.613583989630479,35,5.0
task_spread,rbf_unpaired,8.590458615134343,35,5.0
task_spread,rbf_combined,8.529773509628308,35,5.0
task_spread,rbf_paired,7.514927627697236,36,5.0
task_spread,rbf_unpaired,7.770034304565793,36,5.0
task_spread,rbf_combined,7.364560507767555,36,5.0
task_spread,rbf_paired,8.081401272018507,37,5.0
task_spread,rbf_unpaired,8.410931347816927,37,5.0
task_spread,rbf_combined,7.920907497686466,37,5.0
task_spread,rbf_paired,7.646569208206464,38,5.0
task_spread,rbf_unpaired,7.92805287575971,38,5.0
task_spread,rbf_combined,7.311747312796649,38,5.0
task_spread,rbf_paired,8.715853821175468,39,5.0
task_spread,rbf_unpaired,9.248813577007708,39,5.0
task_spread,rbf_combined,8.89333855690659,39,5.0
task_spread,rbf_paired,9.147953198230542,40,5.0
task_spread,rbf_unpaired,9.765725175279279,40,5.0
task_spread,rbf_combined,9.256462726498208,40,5.0
task_spread,rbf_paired,9.548301889816916,41,5.0
task_spread,rbf_unpaired,10.547386888168438,41,5.0
task_spread,rbf_combined,10.150538414692415,41,5.0
task_spread,rbf_paired,8.592128178553036,42,5.0
task_spread,rbf_unpaired,9.650547087718735,42,5.0
task_spread,rbf_combined,8.998418819843165,42,5.0
task_spread,rbf_paired,8.362460876836206,43,5.0
task_spread,rbf_unpaired,9.482915243566035,43,5.0
task_spread,rbf_combined,8.566350678296347,43,5.0
task_spread,rbf_paired,8.751602171472284,44,5.0
task_spread,rbf_unpaired,8.852802481840998,44,5.0
task_spread,rbf_combined,8.472871714762972,44,5.0
task_spread,rbf_paired,9.726437030863645,45,5.0
task_spread,rbf_unpaired,10.477700205527201,45,5.0
task_spread,rbf_combined,9.994052023489626,45,5.0
task_spread,rbf_paired,8.41096286483377,46,5.0
task_spread,rbf_unpaired,9.208667417567899,46,5.0
task_spread,rbf_combined,8.137492389055977,46,5.0
task_spread,rbf_paired,7.68505140617218,47,5.0
task_spread,rbf_unpaired,8.506080115000627,47,5.0
task_spread,rbf_combined,7.735299017644436,47,5.0
task_spread,rbf_paired,8.86739705012611,48,5.0
task_spread,rbf_unpaired,9.660547103389495,48,5.0
task_spread,rbf_combined,8.624243309437604,48,5.0
task_spread,rbf_paired,8.476905264552538,49,5.0
task_spread,rbf_unpaired,9.0092958788794,49,5.0
task_spread,rbf_combined,8.329774582814608,49,5.0
