estimator,obs_prob,query_obs_prob,n_models,seed,predictor,mds_dim,bias_decomp,logit,mae
rbf_paired,0.1,1.0,95,0,knn,8,True,True,0.07014643768452922
rbf_unpaired,0.1,1.0,95,0,knn,8,True,True,0.07165276069982424
rbf_combined,0.1,1.0,95,0,knn,8,True,True,0.06476835214724509
matcomplete,0.1,1.0,95,0,na,0,True,True,0.04275757173385265
rbf_paired,0.1,1.0,95,1,knn,8,True,True,0.07292908454125147
rbf_unpaired,0.1,1.0,95,1,knn,8,True,True,0.07442536170239504
rbf_combined,0.1,1.0,95,1,knn,8,True,True,0.06294512188695027
matcomplete,0.1,1.0,95,1,na,0,True,True,0.03932768154583685
rbf_paired,0.1,1.0,95,2,knn,8,True,True,0.07356479891363896
rbf_unpaired,0.1,1.0,95,2,knn,8,True,True,0.07517432700275709
rbf_combined,0.1,1.0,95,2,knn,8,True,True,0.06483159394589626
matcomplete,0.1,1.0,95,2,na,0,True,True,0.041016885250420305
rbf_paired,0.1,1.0,95,3,knn,8,True,True,0.07382339440001462
rbf_unpaired,0.1,1.0,95,3,knn,8,True,True,0.0751507527111996
rbf_combined,0.1,1.0,95,3,knn,8,True,True,0.06655937324249865
matcomplete,0.1,1.0,95,3,na,0,True,True,0.03873362314661726
rbf_paired,0.1,1.0,95,4,knn,8,True,True,0.06918408930706044
rbf_unpaired,0.1,1.0,95,4,knn,8,True,True,0.0728613022153991
rbf_combined,0.1,1.0,95,4,knn,8,True,True,0.06722508360890612
matcomplete,0.1,1.0,95,4,na,0,True,True,0.04363310930226454
rbf_paired,0.1,1.0,95,5,knn,8,True,True,0.06992640399514075
rbf_unpaired,0.1,1.0,95,5,knn,8,True,True,0.07462543223772748
rbf_combined,0.1,1.0,95,5,knn,8,True,True,0.06304031200879845
matcomplete,0.1,1.0,95,5,na,0,True,True,0.041488346774302645
rbf_paired,0.1,1.0,95,6,knn,8,True,True,0.0663426709133919
rbf_unpaired,0.1,1.0,95,6,knn,8,True,True,0.06911465145097619
rbf_combined,0.1,1.0,95,6,knn,8,True,True,0.06028865417271032
matcomplete,0.1,1.0,95,6,na,0,True,True,0.04489591510146688
rbf_paired,0.1,1.0,95,7,knn,8,True,True,0.06645023679626597
rbf_unpaired,0.1,1.0,95,7,knn,8,True,True,0.06802620346799958
rbf_combined,0.1,1.0,95,7,knn,8,True,True,0.06508931653985649
matcomplete,0.1,1.0,95,7,na,0,True,True,0.05545292072970994
rbf_paired,0.1,1.0,95,8,knn,8,True,True,0.07212762780761621
rbf_unpaired,0.1,1.0,95,8,knn,8,True,True,0.07502801776569652
rbf_combined,0.1,1.0,95,8,knn,8,True,True,0.06923267616002501
matcomplete,0.1,1.0,95,8,na,0,True,True,0.03979612369190029
rbf_paired,0.1,1.0,95,9,knn,8,True,True,0.06383507424243401
rbf_unpaired,0.1,1.0,95,9,knn,8,True,True,0.0699981206939807
rbf_combined,0.1,1.0,95,9,knn,8,True,True,0.05668482473852691
matcomplete,0.1,1.0,95,9,na,0,True,True,0.04250138321103717
rbf_paired,0.1,1.0,95,10,knn,8,True,True,0.0723244575928338
rbf_unpaired,0.1,1.0,95,10,knn,8,True,True,0.07437892631422266
rbf_combined,0.1,1.0,95,10,knn,8,True,True,0.06964920569350286
matcomplete,0.1,1.0,95,10,na,0,True,True,0.04011554350736059
rbf_paired,0.1,1.0,95,11,knn,8,True,True,0.06502765887589021
rbf_unpaired,0.1,1.0,95,11,knn,8,True,True,0.07029742329111924
rbf_combined,0.1,1.0,95,11,knn,8,True,True,0.06385706885007282
matcomplete,0.1,1.0,95,11,na,0,True,True,0.0473090650489308
rbf_paired,0.1,1.0,95,12,knn,8,True,True,0.0727905910000068
rbf_unpaired,0.1,1.0,95,12,knn,8,True,True,0.07336864769289556
rbf_combined,0.1,1.0,95,12,knn,8,True,True,0.06395036485879291
matcomplete,0.1,1.0,95,12,na,0,True,True,0.04594814741811078
rbf_paired,0.1,1.0,95,13,knn,8,True,True,0.06510124777334747
rbf_unpaired,0.1,1.0,95,13,knn,8,True,True,0.07074506172672883
rbf_combined,0.1,1.0,95,13,knn,8,True,True,0.06261507893533078
matcomplete,0.1,1.0,95,13,na,0,True,True,0.04950639171860999
rbf_paired,0.1,1.0,95,14,knn,8,True,True,0.06556112015721043
rbf_unpaired,0.1,1.0,95,14,knn,8,True,True,0.06928607501599857
rbf_combined,0.1,1.0,95,14,knn,8,True,True,0.06279484008402551
matcomplete,0.1,1.0,95,14,na,0,True,True,0.040320397093029585
rbf_paired,0.1,1.0,95,15,knn,8,True,True,0.08208235793649243
rbf_unpaired,0.1,1.0,95,15,knn,8,True,True,0.07862135575261606
rbf_combined,0.1,1.0,95,15,knn,8,True,True,0.07316975590001577
matcomplete,0.1,1.0,95,15,na,0,True,True,0.043559671228591244
rbf_paired,0.1,1.0,95,16,knn,8,True,True,0.06994320062399803
rbf_unpaired,0.1,1.0,95,16,knn,8,True,True,0.0712295540972311
rbf_combined,0.1,1.0,95,16,knn,8,True,True,0.06520428550948035
matcomplete,0.1,1.0,95,16,na,0,True,True,0.05369498432274424
rbf_paired,0.1,1.0,95,17,knn,8,True,True,0.06451410619625202
rbf_unpaired,0.1,1.0,95,17,knn,8,True,True,0.0685262887403678
rbf_combined,0.1,1.0,95,17,knn,8,True,True,0.06060896230633488
matcomplete,0.1,1.0,95,17,na,0,True,True,0.03906063280563446
rbf_paired,0.1,1.0,95,18,knn,8,True,True,0.07346743117310386
rbf_unpaired,0.1,1.0,95,18,knn,8,True,True,0.07461271826528468
rbf_combined,0.1,1.0,95,18,knn,8,True,True,0.06407331226795515
matcomplete,0.1,1.0,95,18,na,0,True,True,0.04326860269110892
rbf_paired,0.1,1.0,95,19,knn,8,True,True,0.07103080910417539
rbf_unpaired,0.1,1.0,95,19,knn,8,True,True,0.07570485012631155
rbf_combined,0.1,1.0,95,19,knn,8,True,True,0.059571567272823006
matcomplete,0.1,1.0,95,19,na,0,True,True,0.057731142799908416
rbf_paired,0.2,1.0,95,0,knn,8,True,True,0.06894477661097133
rbf_unpaired,0.2,1.0,95,0,knn,8,True,True,0.07228243712944842
rbf_combined,0.2,1.0,95,0,knn,8,True,True,0.06431224892889086
matcomplete,0.2,1.0,95,0,na,0,True,True,0.04506234676704402
rbf_paired,0.2,1.0,95,1,knn,8,True,True,0.06200316763608692
rbf_unpaired,0.2,1.0,95,1,knn,8,True,True,0.062894316006841
rbf_combined,0.2,1.0,95,1,knn,8,True,True,0.053368786813837575
matcomplete,0.2,1.0,95,1,na,0,True,True,0.03767841165981643
rbf_paired,0.2,1.0,95,2,knn,8,True,True,0.06112419582099357
rbf_unpaired,0.2,1.0,95,2,knn,8,True,True,0.059809520508341554
rbf_combined,0.2,1.0,95,2,knn,8,True,True,0.0558661048948503
matcomplete,0.2,1.0,95,2,na,0,True,True,0.03978997703428422
rbf_paired,0.2,1.0,95,3,knn,8,True,True,0.053259042654647246
rbf_unpaired,0.2,1.0,95,3,knn,8,True,True,0.059989775249848644
rbf_combined,0.2,1.0,95,3,knn,8,True,True,0.05518744337600697
matcomplete,0.2,1.0,95,3,na,0,True,True,0.041381551144905715
rbf_paired,0.2,1.0,95,4,knn,8,True,True,0.06236165766583299
rbf_unpaired,0.2,1.0,95,4,knn,8,True,True,0.06444133731496855
rbf_combined,0.2,1.0,95,4,knn,8,True,True,0.05755995815232459
matcomplete,0.2,1.0,95,4,na,0,True,True,0.0419274964103013
rbf_paired,0.2,1.0,95,5,knn,8,True,True,0.06254443920193574
rbf_unpaired,0.2,1.0,95,5,knn,8,True,True,0.06855877501556025
rbf_combined,0.2,1.0,95,5,knn,8,True,True,0.05901582487012915
matcomplete,0.2,1.0,95,5,na,0,True,True,0.04028519325894476
rbf_paired,0.2,1.0,95,6,knn,8,True,True,0.05825779330206797
rbf_unpaired,0.2,1.0,95,6,knn,8,True,True,0.0597239800611933
rbf_combined,0.2,1.0,95,6,knn,8,True,True,0.05466776441537673
matcomplete,0.2,1.0,95,6,na,0,True,True,0.04607185692001453
rbf_paired,0.2,1.0,95,7,knn,8,True,True,0.05896709232491558
rbf_unpaired,0.2,1.0,95,7,knn,8,True,True,0.05928078111930249
rbf_combined,0.2,1.0,95,7,knn,8,True,True,0.05136302685794743
matcomplete,0.2,1.0,95,7,na,0,True,True,0.04016241783453407
rbf_paired,0.2,1.0,95,8,knn,8,True,True,0.0607970720441894
rbf_unpaired,0.2,1.0,95,8,knn,8,True,True,0.06157841642986029
rbf_combined,0.2,1.0,95,8,knn,8,True,True,0.05733399492880094
matcomplete,0.2,1.0,95,8,na,0,True,True,0.037172082894298276
rbf_paired,0.2,1.0,95,9,knn,8,True,True,0.051781673663649636
rbf_unpaired,0.2,1.0,95,9,knn,8,True,True,0.054463983930831864
rbf_combined,0.2,1.0,95,9,knn,8,True,True,0.05051014694850855
matcomplete,0.2,1.0,95,9,na,0,True,True,0.04076289540754338
rbf_paired,0.2,1.0,95,10,knn,8,True,True,0.0689190261783585
rbf_unpaired,0.2,1.0,95,10,knn,8,True,True,0.0678987072138394
rbf_combined,0.2,1.0,95,10,knn,8,True,True,0.0609705679288927
matcomplete,0.2,1.0,95,10,na,0,True,True,0.03285699431654843
rbf_paired,0.2,1.0,95,11,knn,8,True,True,0.05666962605874408
rbf_unpaired,0.2,1.0,95,11,knn,8,True,True,0.05851567642329941
rbf_combined,0.2,1.0,95,11,knn,8,True,True,0.0597606550476596
matcomplete,0.2,1.0,95,11,na,0,True,True,0.04854493635598966
rbf_paired,0.2,1.0,95,12,knn,8,True,True,0.060164325768876425
rbf_unpaired,0.2,1.0,95,12,knn,8,True,True,0.058955473361419604
rbf_combined,0.2,1.0,95,12,knn,8,True,True,0.05283503152861664
matcomplete,0.2,1.0,95,12,na,0,True,True,0.041376674927365166
rbf_paired,0.2,1.0,95,13,knn,8,True,True,0.0638296261114174
rbf_unpaired,0.2,1.0,95,13,knn,8,True,True,0.07077444141371256
rbf_combined,0.2,1.0,95,13,knn,8,True,True,0.055155920864281484
matcomplete,0.2,1.0,95,13,na,0,True,True,0.037066225540584634
rbf_paired,0.2,1.0,95,14,knn,8,True,True,0.06435337059380428
rbf_unpaired,0.2,1.0,95,14,knn,8,True,True,0.06586634904724961
rbf_combined,0.2,1.0,95,14,knn,8,True,True,0.05431103591902281
matcomplete,0.2,1.0,95,14,na,0,True,True,0.04302395766367588
rbf_paired,0.2,1.0,95,15,knn,8,True,True,0.07748256761624635
rbf_unpaired,0.2,1.0,95,15,knn,8,True,True,0.07937281760543333
rbf_combined,0.2,1.0,95,15,knn,8,True,True,0.06800130144814849
matcomplete,0.2,1.0,95,15,na,0,True,True,0.04225221563947528
rbf_paired,0.2,1.0,95,16,knn,8,True,True,0.0589601988858443
rbf_unpaired,0.2,1.0,95,16,knn,8,True,True,0.060180440153291125
rbf_combined,0.2,1.0,95,16,knn,8,True,True,0.055609326812992535
matcomplete,0.2,1.0,95,16,na,0,True,True,0.0427938349797508
rbf_paired,0.2,1.0,95,17,knn,8,True,True,0.057343879394404204
rbf_unpaired,0.2,1.0,95,17,knn,8,True,True,0.056818997024786655
rbf_combined,0.2,1.0,95,17,knn,8,True,True,0.057794072024114414
matcomplete,0.2,1.0,95,17,na,0,True,True,0.0406147245340584
rbf_paired,0.2,1.0,95,18,knn,8,True,True,0.0581645771721247
rbf_unpaired,0.2,1.0,95,18,knn,8,True,True,0.0636030103388047
rbf_combined,0.2,1.0,95,18,knn,8,True,True,0.05526303451034763
matcomplete,0.2,1.0,95,18,na,0,True,True,0.03658079258641251
rbf_paired,0.2,1.0,95,19,knn,8,True,True,0.06673541643586943
rbf_unpaired,0.2,1.0,95,19,knn,8,True,True,0.06989507674897169
rbf_combined,0.2,1.0,95,19,knn,8,True,True,0.06203969760231196
matcomplete,0.2,1.0,95,19,na,0,True,True,0.05471954320151479
rbf_paired,0.3,1.0,95,0,knn,8,True,True,0.05730356560818288
rbf_unpaired,0.3,1.0,95,0,knn,8,True,True,0.06254356484241767
rbf_combined,0.3,1.0,95,0,knn,8,True,True,0.05533878771075118
matcomplete,0.3,1.0,95,0,na,0,True,True,0.044386429709558514
rbf_paired,0.3,1.0,95,1,knn,8,True,True,0.05041340593786937
rbf_unpaired,0.3,1.0,95,1,knn,8,True,True,0.050777641105976844
rbf_combined,0.3,1.0,95,1,knn,8,True,True,0.04437159836825718
matcomplete,0.3,1.0,95,1,na,0,True,True,0.0329428619438904
rbf_paired,0.3,1.0,95,2,knn,8,True,True,0.054803178719338506
rbf_unpaired,0.3,1.0,95,2,knn,8,True,True,0.055897811378322525
rbf_combined,0.3,1.0,95,2,knn,8,True,True,0.05281355598294595
matcomplete,0.3,1.0,95,2,na,0,True,True,0.03697789583915769
rbf_paired,0.3,1.0,95,3,knn,8,True,True,0.053697403593010645
rbf_unpaired,0.3,1.0,95,3,knn,8,True,True,0.0513524619196843
rbf_combined,0.3,1.0,95,3,knn,8,True,True,0.04923553974322604
matcomplete,0.3,1.0,95,3,na,0,True,True,0.03957729319597609
rbf_paired,0.3,1.0,95,4,knn,8,True,True,0.055144396245837966
rbf_unpaired,0.3,1.0,95,4,knn,8,True,True,0.058135999824750866
rbf_combined,0.3,1.0,95,4,knn,8,True,True,0.05185702330105841
matcomplete,0.3,1.0,95,4,na,0,True,True,0.04339090405465452
rbf_paired,0.3,1.0,95,5,knn,8,True,True,0.05641897344393336
rbf_unpaired,0.3,1.0,95,5,knn,8,True,True,0.05563227492819281
rbf_combined,0.3,1.0,95,5,knn,8,True,True,0.05232555502161287
matcomplete,0.3,1.0,95,5,na,0,True,True,0.03608723733599383
rbf_paired,0.3,1.0,95,6,knn,8,True,True,0.05757173377103162
rbf_unpaired,0.3,1.0,95,6,knn,8,True,True,0.05555288337663611
rbf_combined,0.3,1.0,95,6,knn,8,True,True,0.05204034110381003
matcomplete,0.3,1.0,95,6,na,0,True,True,0.037744054539409155
rbf_paired,0.3,1.0,95,7,knn,8,True,True,0.06300237555191081
rbf_unpaired,0.3,1.0,95,7,knn,8,True,True,0.06761578605197972
rbf_combined,0.3,1.0,95,7,knn,8,True,True,0.0528954503108592
matcomplete,0.3,1.0,95,7,na,0,True,True,0.03717584749354706
rbf_paired,0.3,1.0,95,8,knn,8,True,True,0.05742774254998634
rbf_unpaired,0.3,1.0,95,8,knn,8,True,True,0.05790360491673689
rbf_combined,0.3,1.0,95,8,knn,8,True,True,0.05005411993217065
matcomplete,0.3,1.0,95,8,na,0,True,True,0.036603706900852954
rbf_paired,0.3,1.0,95,9,knn,8,True,True,0.05357786245216916
rbf_unpaired,0.3,1.0,95,9,knn,8,True,True,0.05385546688020453
rbf_combined,0.3,1.0,95,9,knn,8,True,True,0.05225229528689532
matcomplete,0.3,1.0,95,9,na,0,True,True,0.03906170730253241
rbf_paired,0.3,1.0,95,10,knn,8,True,True,0.05616612147209094
rbf_unpaired,0.3,1.0,95,10,knn,8,True,True,0.05626794406801745
rbf_combined,0.3,1.0,95,10,knn,8,True,True,0.05498584638409993
matcomplete,0.3,1.0,95,10,na,0,True,True,0.042927344556632614
rbf_paired,0.3,1.0,95,11,knn,8,True,True,0.06080942124942496
rbf_unpaired,0.3,1.0,95,11,knn,8,True,True,0.05887574331620552
rbf_combined,0.3,1.0,95,11,knn,8,True,True,0.056583952531060876
matcomplete,0.3,1.0,95,11,na,0,True,True,0.04435839262996921
rbf_paired,0.3,1.0,95,12,knn,8,True,True,0.04716950802444558
rbf_unpaired,0.3,1.0,95,12,knn,8,True,True,0.04877797667049013
rbf_combined,0.3,1.0,95,12,knn,8,True,True,0.04275341583309503
matcomplete,0.3,1.0,95,12,na,0,True,True,0.03719828001171835
rbf_paired,0.3,1.0,95,13,knn,8,True,True,0.06095279214739652
rbf_unpaired,0.3,1.0,95,13,knn,8,True,True,0.059307623724686676
rbf_combined,0.3,1.0,95,13,knn,8,True,True,0.04780308110222307
matcomplete,0.3,1.0,95,13,na,0,True,True,0.0353398485009838
rbf_paired,0.3,1.0,95,14,knn,8,True,True,0.06161066843160981
rbf_unpaired,0.3,1.0,95,14,knn,8,True,True,0.05767204870659892
rbf_combined,0.3,1.0,95,14,knn,8,True,True,0.054565414568274295
matcomplete,0.3,1.0,95,14,na,0,True,True,0.038473532784405615
rbf_paired,0.3,1.0,95,15,knn,8,True,True,0.06381694228869046
rbf_unpaired,0.3,1.0,95,15,knn,8,True,True,0.06390099232096243
rbf_combined,0.3,1.0,95,15,knn,8,True,True,0.05880519113713007
matcomplete,0.3,1.0,95,15,na,0,True,True,0.04734498225618365
rbf_paired,0.3,1.0,95,16,knn,8,True,True,0.058958988278353185
rbf_unpaired,0.3,1.0,95,16,knn,8,True,True,0.055083567832256146
rbf_combined,0.3,1.0,95,16,knn,8,True,True,0.0516274878559483
matcomplete,0.3,1.0,95,16,na,0,True,True,0.056148724365772014
rbf_paired,0.3,1.0,95,17,knn,8,True,True,0.05032675151309205
rbf_unpaired,0.3,1.0,95,17,knn,8,True,True,0.05053579494360319
rbf_combined,0.3,1.0,95,17,knn,8,True,True,0.049637863753498504
matcomplete,0.3,1.0,95,17,na,0,True,True,0.0415790635521478
rbf_paired,0.3,1.0,95,18,knn,8,True,True,0.0608136679667866
rbf_unpaired,0.3,1.0,95,18,knn,8,True,True,0.06042045947777856
rbf_combined,0.3,1.0,95,18,knn,8,True,True,0.05661809109633627
matcomplete,0.3,1.0,95,18,na,0,True,True,0.036985922954675544
rbf_paired,0.3,1.0,95,19,knn,8,True,True,0.05951719870782212
rbf_unpaired,0.3,1.0,95,19,knn,8,True,True,0.0623777756686018
rbf_combined,0.3,1.0,95,19,knn,8,True,True,0.05362972979356739
matcomplete,0.3,1.0,95,19,na,0,True,True,0.04329100247962608
rbf_paired,0.5,1.0,95,0,knn,8,True,True,0.06104172702005398
rbf_unpaired,0.5,1.0,95,0,knn,8,True,True,0.05839033859190349
rbf_combined,0.5,1.0,95,0,knn,8,True,True,0.04857309549000989
matcomplete,0.5,1.0,95,0,na,0,True,True,0.040431098820282355
rbf_paired,0.5,1.0,95,1,knn,8,True,True,0.05394140500459658
rbf_unpaired,0.5,1.0,95,1,knn,8,True,True,0.05420504983358133
rbf_combined,0.5,1.0,95,1,knn,8,True,True,0.04509288999482978
matcomplete,0.5,1.0,95,1,na,0,True,True,0.03332983816278862
rbf_paired,0.5,1.0,95,2,knn,8,True,True,0.056512866504821894
rbf_unpaired,0.5,1.0,95,2,knn,8,True,True,0.053509364163263885
rbf_combined,0.5,1.0,95,2,knn,8,True,True,0.04766548133857205
matcomplete,0.5,1.0,95,2,na,0,True,True,0.03435815966075849
rbf_paired,0.5,1.0,95,3,knn,8,True,True,0.053686372593010026
rbf_unpaired,0.5,1.0,95,3,knn,8,True,True,0.053066452447107365
rbf_combined,0.5,1.0,95,3,knn,8,True,True,0.044085503232424966
matcomplete,0.5,1.0,95,3,na,0,True,True,0.03920494011811294
rbf_paired,0.5,1.0,95,4,knn,8,True,True,0.05756236368875869
rbf_unpaired,0.5,1.0,95,4,knn,8,True,True,0.05551443339212675
rbf_combined,0.5,1.0,95,4,knn,8,True,True,0.049642276573547806
matcomplete,0.5,1.0,95,4,na,0,True,True,0.036566711904543275
rbf_paired,0.5,1.0,95,5,knn,8,True,True,0.057721406456372616
rbf_unpaired,0.5,1.0,95,5,knn,8,True,True,0.05770490149323766
rbf_combined,0.5,1.0,95,5,knn,8,True,True,0.05331367552895405
matcomplete,0.5,1.0,95,5,na,0,True,True,0.03904939471617684
rbf_paired,0.5,1.0,95,6,knn,8,True,True,0.05492467869675671
rbf_unpaired,0.5,1.0,95,6,knn,8,True,True,0.051063757048033113
rbf_combined,0.5,1.0,95,6,knn,8,True,True,0.044150836832698444
matcomplete,0.5,1.0,95,6,na,0,True,True,0.032666293237866385
rbf_paired,0.5,1.0,95,7,knn,8,True,True,0.05207224127658971
rbf_unpaired,0.5,1.0,95,7,knn,8,True,True,0.05373410485830822
rbf_combined,0.5,1.0,95,7,knn,8,True,True,0.0421819944596129
matcomplete,0.5,1.0,95,7,na,0,True,True,0.03770111616201235
rbf_paired,0.5,1.0,95,8,knn,8,True,True,0.05048830987727768
rbf_unpaired,0.5,1.0,95,8,knn,8,True,True,0.0495052671881718
rbf_combined,0.5,1.0,95,8,knn,8,True,True,0.03945876298829188
matcomplete,0.5,1.0,95,8,na,0,True,True,0.030727805240082253
rbf_paired,0.5,1.0,95,9,knn,8,True,True,0.05175526053516624
rbf_unpaired,0.5,1.0,95,9,knn,8,True,True,0.049799604756137796
rbf_combined,0.5,1.0,95,9,knn,8,True,True,0.04326060725229622
matcomplete,0.5,1.0,95,9,na,0,True,True,0.02989178617107921
rbf_paired,0.5,1.0,95,10,knn,8,True,True,0.05552010434244823
rbf_unpaired,0.5,1.0,95,10,knn,8,True,True,0.05852243205927005
rbf_combined,0.5,1.0,95,10,knn,8,True,True,0.049490287078822866
matcomplete,0.5,1.0,95,10,na,0,True,True,0.03498210727262205
rbf_paired,0.5,1.0,95,11,knn,8,True,True,0.05926062254681833
rbf_unpaired,0.5,1.0,95,11,knn,8,True,True,0.05824675840228614
rbf_combined,0.5,1.0,95,11,knn,8,True,True,0.051323988743487224
matcomplete,0.5,1.0,95,11,na,0,True,True,0.04600340539154796
rbf_paired,0.5,1.0,95,12,knn,8,True,True,0.0594944840848733
rbf_unpaired,0.5,1.0,95,12,knn,8,True,True,0.05595802575802486
rbf_combined,0.5,1.0,95,12,knn,8,True,True,0.04265037721495786
matcomplete,0.5,1.0,95,12,na,0,True,True,0.03301362809856589
rbf_paired,0.5,1.0,95,13,knn,8,True,True,0.049639550175637814
rbf_unpaired,0.5,1.0,95,13,knn,8,True,True,0.05430219491370777
rbf_combined,0.5,1.0,95,13,knn,8,True,True,0.04141669563654936
matcomplete,0.5,1.0,95,13,na,0,True,True,0.03263611302380538
rbf_paired,0.5,1.0,95,14,knn,8,True,True,0.0588749592715923
rbf_unpaired,0.5,1.0,95,14,knn,8,True,True,0.05492973949625632
rbf_combined,0.5,1.0,95,14,knn,8,True,True,0.0475086909116266
matcomplete,0.5,1.0,95,14,na,0,True,True,0.03602457766235122
rbf_paired,0.5,1.0,95,15,knn,8,True,True,0.06139323163558341
rbf_unpaired,0.5,1.0,95,15,knn,8,True,True,0.06173538205624611
rbf_combined,0.5,1.0,95,15,knn,8,True,True,0.054440911063624635
matcomplete,0.5,1.0,95,15,na,0,True,True,0.039614437363611636
rbf_paired,0.5,1.0,95,16,knn,8,True,True,0.05102964739876934
rbf_unpaired,0.5,1.0,95,16,knn,8,True,True,0.049754876706531816
rbf_combined,0.5,1.0,95,16,knn,8,True,True,0.0419440489806313
matcomplete,0.5,1.0,95,16,na,0,True,True,0.03420931376745147
rbf_paired,0.5,1.0,95,17,knn,8,True,True,0.05415451563311882
rbf_unpaired,0.5,1.0,95,17,knn,8,True,True,0.051979357924052644
rbf_combined,0.5,1.0,95,17,knn,8,True,True,0.041475465354572444
matcomplete,0.5,1.0,95,17,na,0,True,True,0.03940912069156097
rbf_paired,0.5,1.0,95,18,knn,8,True,True,0.05971259065738829
rbf_unpaired,0.5,1.0,95,18,knn,8,True,True,0.0551620169462299
rbf_combined,0.5,1.0,95,18,knn,8,True,True,0.046353719090411444
matcomplete,0.5,1.0,95,18,na,0,True,True,0.033408569420612336
rbf_paired,0.5,1.0,95,19,knn,8,True,True,0.0556651098220176
rbf_unpaired,0.5,1.0,95,19,knn,8,True,True,0.05446404183672443
rbf_combined,0.5,1.0,95,19,knn,8,True,True,0.04505920623668034
matcomplete,0.5,1.0,95,19,na,0,True,True,0.0368442147892199
rbf_paired,0.7,1.0,95,0,knn,8,True,True,0.05487457572545495
rbf_unpaired,0.7,1.0,95,0,knn,8,True,True,0.04901988723033496
rbf_combined,0.7,1.0,95,0,knn,8,True,True,0.03146061162472808
matcomplete,0.7,1.0,95,0,na,0,True,True,0.025176801632923268
rbf_paired,0.7,1.0,95,1,knn,8,True,True,0.0616414669769268
rbf_unpaired,0.7,1.0,95,1,knn,8,True,True,0.056665449266323095
rbf_combined,0.7,1.0,95,1,knn,8,True,True,0.04619347816017037
matcomplete,0.7,1.0,95,1,na,0,True,True,0.03719958506636822
rbf_paired,0.7,1.0,95,2,knn,8,True,True,0.057851344994079255
rbf_unpaired,0.7,1.0,95,2,knn,8,True,True,0.056340337807259694
rbf_combined,0.7,1.0,95,2,knn,8,True,True,0.03996526713561118
matcomplete,0.7,1.0,95,2,na,0,True,True,0.03103913826008244
rbf_paired,0.7,1.0,95,3,knn,8,True,True,0.05545997506849537
rbf_unpaired,0.7,1.0,95,3,knn,8,True,True,0.051575406358728954
rbf_combined,0.7,1.0,95,3,knn,8,True,True,0.04273738980806695
matcomplete,0.7,1.0,95,3,na,0,True,True,0.041349382137584115
rbf_paired,0.7,1.0,95,4,knn,8,True,True,0.05556405430359293
rbf_unpaired,0.7,1.0,95,4,knn,8,True,True,0.05438737160012747
rbf_combined,0.7,1.0,95,4,knn,8,True,True,0.043428989183089475
matcomplete,0.7,1.0,95,4,na,0,True,True,0.032502271674252986
rbf_paired,0.7,1.0,95,5,knn,8,True,True,0.058695449951366094
rbf_unpaired,0.7,1.0,95,5,knn,8,True,True,0.051362788046379185
rbf_combined,0.7,1.0,95,5,knn,8,True,True,0.040119732348208266
matcomplete,0.7,1.0,95,5,na,0,True,True,0.03619707204515271
rbf_paired,0.7,1.0,95,6,knn,8,True,True,0.06914361777657654
rbf_unpaired,0.7,1.0,95,6,knn,8,True,True,0.05247361919353536
rbf_combined,0.7,1.0,95,6,knn,8,True,True,0.040014683878129606
matcomplete,0.7,1.0,95,6,na,0,True,True,0.03157281117327231
rbf_paired,0.7,1.0,95,7,knn,8,True,True,0.07079535176721166
rbf_unpaired,0.7,1.0,95,7,knn,8,True,True,0.05364896811720509
rbf_combined,0.7,1.0,95,7,knn,8,True,True,0.03788330165623077
matcomplete,0.7,1.0,95,7,na,0,True,True,0.04068453772800137
rbf_paired,0.7,1.0,95,8,knn,8,True,True,0.050481942009213195
rbf_unpaired,0.7,1.0,95,8,knn,8,True,True,0.04492374438354926
rbf_combined,0.7,1.0,95,8,knn,8,True,True,0.035160878683207525
matcomplete,0.7,1.0,95,8,na,0,True,True,0.02920686187032652
rbf_paired,0.7,1.0,95,9,knn,8,True,True,0.05274845366128231
rbf_unpaired,0.7,1.0,95,9,knn,8,True,True,0.05390020127354617
rbf_combined,0.7,1.0,95,9,knn,8,True,True,0.04552087145998634
matcomplete,0.7,1.0,95,9,na,0,True,True,0.032919718021932234
rbf_paired,0.7,1.0,95,10,knn,8,True,True,0.05473829991086262
rbf_unpaired,0.7,1.0,95,10,knn,8,True,True,0.059231421582998045
rbf_combined,0.7,1.0,95,10,knn,8,True,True,0.04822059878851818
matcomplete,0.7,1.0,95,10,na,0,True,True,0.03610766209730212
rbf_paired,0.7,1.0,95,11,knn,8,True,True,0.05077411984822121
rbf_unpaired,0.7,1.0,95,11,knn,8,True,True,0.052623457235455105
rbf_combined,0.7,1.0,95,11,knn,8,True,True,0.03950283286079793
matcomplete,0.7,1.0,95,11,na,0,True,True,0.035981315050914904
rbf_paired,0.7,1.0,95,12,knn,8,True,True,0.06061035859708147
rbf_unpaired,0.7,1.0,95,12,knn,8,True,True,0.05092552596567063
rbf_combined,0.7,1.0,95,12,knn,8,True,True,0.035035267437917225
matcomplete,0.7,1.0,95,12,na,0,True,True,0.028969495564754935
rbf_paired,0.7,1.0,95,13,knn,8,True,True,0.06145091070554636
rbf_unpaired,0.7,1.0,95,13,knn,8,True,True,0.05406878331584853
rbf_combined,0.7,1.0,95,13,knn,8,True,True,0.047496697270525
matcomplete,0.7,1.0,95,13,na,0,True,True,0.03648984466432492
rbf_paired,0.7,1.0,95,14,knn,8,True,True,0.06836565603320374
rbf_unpaired,0.7,1.0,95,14,knn,8,True,True,0.050133273413921424
rbf_combined,0.7,1.0,95,14,knn,8,True,True,0.036700665552664956
matcomplete,0.7,1.0,95,14,na,0,True,True,0.03224237884749851
rbf_paired,0.7,1.0,95,15,knn,8,True,True,0.05523051381385061
rbf_unpaired,0.7,1.0,95,15,knn,8,True,True,0.05425064712809324
rbf_combined,0.7,1.0,95,15,knn,8,True,True,0.043029937099305936
matcomplete,0.7,1.0,95,15,na,0,True,True,0.040594974893730595
rbf_paired,0.7,1.0,95,16,knn,8,True,True,0.0709321382733136
rbf_unpaired,0.7,1.0,95,16,knn,8,True,True,0.04772370632393115
rbf_combined,0.7,1.0,95,16,knn,8,True,True,0.03131700045948625
matcomplete,0.7,1.0,95,16,na,0,True,True,0.027147500460079903
rbf_paired,0.7,1.0,95,17,knn,8,True,True,0.05816835529663293
rbf_unpaired,0.7,1.0,95,17,knn,8,True,True,0.058197658816242705
rbf_combined,0.7,1.0,95,17,knn,8,True,True,0.03890706375414764
matcomplete,0.7,1.0,95,17,na,0,True,True,0.0359942777416779
rbf_paired,0.7,1.0,95,18,knn,8,True,True,0.050050037118369216
rbf_unpaired,0.7,1.0,95,18,knn,8,True,True,0.05261842245057368
rbf_combined,0.7,1.0,95,18,knn,8,True,True,0.03456518129459403
matcomplete,0.7,1.0,95,18,na,0,True,True,0.03097032528172362
rbf_paired,0.7,1.0,95,19,knn,8,True,True,0.05831548781681219
rbf_unpaired,0.7,1.0,95,19,knn,8,True,True,0.05184078891168284
rbf_combined,0.7,1.0,95,19,knn,8,True,True,0.040964776060945646
matcomplete,0.7,1.0,95,19,na,0,True,True,0.03697646423567599
rbf_paired,0.9,1.0,95,0,knn,8,True,True,0.04071710814489859
rbf_unpaired,0.9,1.0,95,0,knn,8,True,True,0.0492793473421948
rbf_combined,0.9,1.0,95,0,knn,8,True,True,0.033599655899353854
matcomplete,0.9,1.0,95,0,na,0,True,True,0.024916374753303654
rbf_paired,0.9,1.0,95,1,knn,8,True,True,0.05093594454568085
rbf_unpaired,0.9,1.0,95,1,knn,8,True,True,0.059966030979516916
rbf_combined,0.9,1.0,95,1,knn,8,True,True,0.04524273209475963
matcomplete,0.9,1.0,95,1,na,0,True,True,0.035728733800202715
rbf_paired,0.9,1.0,95,2,knn,8,True,True,0.03664029860799268
rbf_unpaired,0.9,1.0,95,2,knn,8,True,True,0.0496048831173107
rbf_combined,0.9,1.0,95,2,knn,8,True,True,0.027789278930744822
matcomplete,0.9,1.0,95,2,na,0,True,True,0.026164621250653664
rbf_paired,0.9,1.0,95,3,knn,8,True,True,0.049159467328423544
rbf_unpaired,0.9,1.0,95,3,knn,8,True,True,0.0633903395835874
rbf_combined,0.9,1.0,95,3,knn,8,True,True,0.05447504158902685
matcomplete,0.9,1.0,95,3,na,0,True,True,0.03573568995754297
rbf_paired,0.9,1.0,95,4,knn,8,True,True,0.053340473619135964
rbf_unpaired,0.9,1.0,95,4,knn,8,True,True,0.06612224014074186
rbf_combined,0.9,1.0,95,4,knn,8,True,True,0.04753731747472045
matcomplete,0.9,1.0,95,4,na,0,True,True,0.03402567929355738
rbf_paired,0.9,1.0,95,5,knn,8,True,True,0.03187919841339539
rbf_unpaired,0.9,1.0,95,5,knn,8,True,True,0.049638907509116585
rbf_combined,0.9,1.0,95,5,knn,8,True,True,0.03084144108008793
matcomplete,0.9,1.0,95,5,na,0,True,True,0.029910732976383973
rbf_paired,0.9,1.0,95,6,knn,8,True,True,0.03865688718736716
rbf_unpaired,0.9,1.0,95,6,knn,8,True,True,0.044870706866385446
rbf_combined,0.9,1.0,95,6,knn,8,True,True,0.036561073721009266
matcomplete,0.9,1.0,95,6,na,0,True,True,0.03424899254346755
rbf_paired,0.9,1.0,95,7,knn,8,True,True,0.027998030809922084
rbf_unpaired,0.9,1.0,95,7,knn,8,True,True,0.0421205062330817
rbf_combined,0.9,1.0,95,7,knn,8,True,True,0.031772808987053675
matcomplete,0.9,1.0,95,7,na,0,True,True,0.02374357250982799
rbf_paired,0.9,1.0,95,8,knn,8,True,True,0.02534599655856389
rbf_unpaired,0.9,1.0,95,8,knn,8,True,True,0.03600590601470122
rbf_combined,0.9,1.0,95,8,knn,8,True,True,0.02537966674384225
matcomplete,0.9,1.0,95,8,na,0,True,True,0.0188567917659065
rbf_paired,0.9,1.0,95,9,knn,8,True,True,0.05000333782415312
rbf_unpaired,0.9,1.0,95,9,knn,8,True,True,0.06641549219530074
rbf_combined,0.9,1.0,95,9,knn,8,True,True,0.04876736345491939
matcomplete,0.9,1.0,95,9,na,0,True,True,0.03626399651337811
rbf_paired,0.9,1.0,95,10,knn,8,True,True,0.05456095857189202
rbf_unpaired,0.9,1.0,95,10,knn,8,True,True,0.055953726454524795
rbf_combined,0.9,1.0,95,10,knn,8,True,True,0.04454378758063587
matcomplete,0.9,1.0,95,10,na,0,True,True,0.03707184591394652
rbf_paired,0.9,1.0,95,11,knn,8,True,True,0.029435379205000646
rbf_unpaired,0.9,1.0,95,11,knn,8,True,True,0.04174443731181368
rbf_combined,0.9,1.0,95,11,knn,8,True,True,0.025346265574423286
matcomplete,0.9,1.0,95,11,na,0,True,True,0.02787877649660321
rbf_paired,0.9,1.0,95,12,knn,8,True,True,0.05820408951840097
rbf_unpaired,0.9,1.0,95,12,knn,8,True,True,0.05901806890298773
rbf_combined,0.9,1.0,95,12,knn,8,True,True,0.039321028077625636
matcomplete,0.9,1.0,95,12,na,0,True,True,0.026786275648468135
rbf_paired,0.9,1.0,95,13,knn,8,True,True,0.048232017032209695
rbf_unpaired,0.9,1.0,95,13,knn,8,True,True,0.04508360065541676
rbf_combined,0.9,1.0,95,13,knn,8,True,True,0.045567198029335045
matcomplete,0.9,1.0,95,13,na,0,True,True,0.03969943365486356
rbf_paired,0.9,1.0,95,14,knn,8,True,True,0.039209424174233475
rbf_unpaired,0.9,1.0,95,14,knn,8,True,True,0.06460870044713
rbf_combined,0.9,1.0,95,14,knn,8,True,True,0.034557216443774116
matcomplete,0.9,1.0,95,14,na,0,True,True,0.017687878784157222
rbf_paired,0.9,1.0,95,15,knn,8,True,True,0.04963135327414972
rbf_unpaired,0.9,1.0,95,15,knn,8,True,True,0.05320567433255103
rbf_combined,0.9,1.0,95,15,knn,8,True,True,0.04140377758502699
matcomplete,0.9,1.0,95,15,na,0,True,True,0.04256006906611073
rbf_paired,0.9,1.0,95,16,knn,8,True,True,0.030918877823102358
rbf_unpaired,0.9,1.0,95,16,knn,8,True,True,0.04447104598355652
rbf_combined,0.9,1.0,95,16,knn,8,True,True,0.03278688750601172
matcomplete,0.9,1.0,95,16,na,0,True,True,0.02647265184819704
rbf_paired,0.9,1.0,95,17,knn,8,True,True,0.040266769442869645
rbf_unpaired,0.9,1.0,95,17,knn,8,True,True,0.029330431667474042
rbf_combined,0.9,1.0,95,17,knn,8,True,True,0.029270636296935524
matcomplete,0.9,1.0,95,17,na,0,True,True,0.025591941637191216
rbf_paired,0.9,1.0,95,18,knn,8,True,True,0.04256345774611368
rbf_unpaired,0.9,1.0,95,18,knn,8,True,True,0.04650069308656328
rbf_combined,0.9,1.0,95,18,knn,8,True,True,0.039554703878671764
matcomplete,0.9,1.0,95,18,na,0,True,True,0.034713414032097496
rbf_paired,0.9,1.0,95,19,knn,8,True,True,0.050404011783992994
rbf_unpaired,0.9,1.0,95,19,knn,8,True,True,0.048954685376296214
rbf_combined,0.9,1.0,95,19,knn,8,True,True,0.039689805952091116
matcomplete,0.9,1.0,95,19,na,0,True,True,0.04868843465358175
