experiment,estimator,rmse,seed,n_models
n_models,rbf_paired,2.268125758271468,0,10
n_models,rbf_unpaired,2.221552334008028,0,10
n_models,rbf_combined,2.2090918461782705,0,10
n_models,rbf_paired,2.8767378900953484,1,10
n_models,rbf_unpaired,2.8735877380700856,1,10
n_models,rbf_combined,2.828081316055032,1,10
n_models,rbf_paired,2.211308565362604,2,10
n_models,rbf_unpaired,2.2225843564251777,2,10
n_models,rbf_combined,2.190272877873052,2,10
n_models,rbf_paired,2.809359938954556,3,10
n_models,rbf_unpaired,2.789981993184261,3,10
n_models,rbf_combined,2.7756432135860813,3,10
n_models,rbf_paired,2.5527314195417503,4,10
n_models,rbf_unpaired,2.5152009800099964,4,10
n_models,rbf_combined,2.494725768941245,4,10
n_models,rbf_paired,1.7656917901512037,5,10
n_models,rbf_unpaired,1.7665997559411888,5,10
n_models,rbf_combined,1.7527889565930008,5,10
n_models,rbf_paired,2.6769461227671782,6,10
n_models,rbf_unpaired,2.654041262544115,6,10
n_models,rbf_combined,2.6485852057865142,6,10
n_models,rbf_paired,2.4322573073969567,7,10
n_models,rbf_unpaired,2.4702177587634124,7,10
n_models,rbf_combined,2.437968698257162,7,10
n_models,rbf_paired,3.181995022603901,8,10
n_models,rbf_unpaired,3.2166538936584463,8,10
n_models,rbf_combined,3.189820057089637,8,10
n_models,rbf_paired,2.784855735470918,9,10
n_models,rbf_unpaired,2.793340747480976,9,10
n_models,rbf_combined,2.7632182330121537,9,10
n_models,rbf_paired,1.8926992143648973,10,10
n_models,rbf_unpaired,1.861110304850307,10,10
n_models,rbf_combined,1.8468884247138653,10,10
n_models,rbf_paired,2.2291028864272056,11,10
n_models,rbf_unpaired,2.299021653242173,11,10
n_models,rbf_combined,2.198876701333629,11,10
n_models,rbf_paired,2.4745112759128127,12,10
n_models,rbf_unpaired,2.428515648734169,12,10
n_models,rbf_combined,2.420510168631252,12,10
n_models,rbf_paired,2.520820936582418,13,10
n_models,rbf_unpaired,2.512226251459437,13,10
n_models,rbf_combined,2.4514033651561657,13,10
n_models,rbf_paired,2.5288477446901827,14,10
n_models,rbf_unpaired,2.4803359476932325,14,10
n_models,rbf_combined,2.469429580556985,14,10
n_models,rbf_paired,2.6400304159221637,15,10
n_models,rbf_unpaired,2.6200325109066096,15,10
n_models,rbf_combined,2.5807150220415247,15,10
n_models,rbf_paired,2.854843173582815,16,10
n_models,rbf_unpaired,2.861680700499396,16,10
n_models,rbf_combined,2.8417163188023262,16,10
n_models,rbf_paired,3.0001757811148404,17,10
n_models,rbf_unpaired,3.0223779295237274,17,10
n_models,rbf_combined,2.985238474946808,17,10
n_models,rbf_paired,2.1659495233312764,18,10
n_models,rbf_unpaired,2.1743371151113946,18,10
n_models,rbf_combined,2.098677759272374,18,10
n_models,rbf_paired,2.7721810604963597,19,10
n_models,rbf_unpaired,2.7791114735035647,19,10
n_models,rbf_combined,2.74606081380245,19,10
n_models,rbf_paired,3.2497677738909503,20,10
n_models,rbf_unpaired,3.273296734462084,20,10
n_models,rbf_combined,3.20430187358364,20,10
n_models,rbf_paired,2.575449275058806,21,10
n_models,rbf_unpaired,2.5807704867262364,21,10
n_models,rbf_combined,2.54219846590538,21,10
n_models,rbf_paired,3.340699355963152,22,10
n_models,rbf_unpaired,3.2830433214286208,22,10
n_models,rbf_combined,3.2733318888422227,22,10
n_models,rbf_paired,3.277850873309575,23,10
n_models,rbf_unpaired,3.2785287418046383,23,10
n_models,rbf_combined,3.2209698443715986,23,10
n_models,rbf_paired,2.444858190769101,24,10
n_models,rbf_unpaired,2.32129320445902,24,10
n_models,rbf_combined,2.3045011824708204,24,10
n_models,rbf_paired,2.6834261275081976,25,10
n_models,rbf_unpaired,2.6431716016184708,25,10
n_models,rbf_combined,2.64315529640961,25,10
n_models,rbf_paired,2.636324480704136,26,10
n_models,rbf_unpaired,2.597206234534033,26,10
n_models,rbf_combined,2.6026867984004505,26,10
n_models,rbf_paired,2.759724925575192,27,10
n_models,rbf_unpaired,2.758733607085865,27,10
n_models,rbf_combined,2.737288083603474,27,10
n_models,rbf_paired,2.189429495609015,28,10
n_models,rbf_unpaired,2.17348980152027,28,10
n_models,rbf_combined,2.1533785503943355,28,10
n_models,rbf_paired,2.8118162582875224,29,10
n_models,rbf_unpaired,2.7738206496866944,29,10
n_models,rbf_combined,2.749521431090435,29,10
n_models,rbf_paired,2.892044488698236,30,10
n_models,rbf_unpaired,2.858775695131942,30,10
n_models,rbf_combined,2.850825470691643,30,10
n_models,rbf_paired,2.0727681002581844,31,10
n_models,rbf_unpaired,2.122736371341379,31,10
n_models,rbf_combined,2.087502971324581,31,10
n_models,rbf_paired,2.688539421078659,32,10
n_models,rbf_unpaired,2.6356480779073683,32,10
n_models,rbf_combined,2.620235606385281,32,10
n_models,rbf_paired,2.160957998555674,33,10
n_models,rbf_unpaired,2.241521804552725,33,10
n_models,rbf_combined,2.1743194814987383,33,10
n_models,rbf_paired,1.9245993824902643,34,10
n_models,rbf_unpaired,1.9599148951748488,34,10
n_models,rbf_combined,1.9327952061817035,34,10
n_models,rbf_paired,2.938229772549778,35,10
n_models,rbf_unpaired,2.9727650693811776,35,10
n_models,rbf_combined,2.909970281730011,35,10
n_models,rbf_paired,1.800667969878258,36,10
n_models,rbf_unpaired,1.8601728963498607,36,10
n_models,rbf_combined,1.8004507086701818,36,10
n_models,rbf_paired,2.7837818581852973,37,10
n_models,rbf_unpaired,2.8108156752970337,37,10
n_models,rbf_combined,2.740307593120656,37,10
n_models,rbf_paired,2.587667713024448,38,10
n_models,rbf_unpaired,2.63094513245352,38,10
n_models,rbf_combined,2.566442363631925,38,10
n_models,rbf_paired,2.4351289928914,39,10
n_models,rbf_unpaired,2.368472158365774,39,10
n_models,rbf_combined,2.375733727973547,39,10
n_models,rbf_paired,2.263402354215582,40,10
n_models,rbf_unpaired,2.280090770535117,40,10
n_models,rbf_combined,2.243140884281312,40,10
n_models,rbf_paired,1.9813484583727707,41,10
n_models,rbf_unpaired,2.010398676147932,41,10
n_models,rbf_combined,1.9772520530709483,41,10
n_models,rbf_paired,1.715395623234418,42,10
n_models,rbf_unpaired,1.730598759594972,42,10
n_models,rbf_combined,1.6989912771042306,42,10
n_models,rbf_paired,2.219145106758348,43,10
n_models,rbf_unpaired,2.2331222999793616,43,10
n_models,rbf_combined,2.227179133561,43,10
n_models,rbf_paired,2.313432415742568,44,10
n_models,rbf_unpaired,2.255677088549506,44,10
n_models,rbf_combined,2.241885793363391,44,10
n_models,rbf_paired,2.435338881555064,45,10
n_models,rbf_unpaired,2.4042004530575256,45,10
n_models,rbf_combined,2.391582527163987,45,10
n_models,rbf_paired,2.477526610113143,46,10
n_models,rbf_unpaired,2.4630441511841923,46,10
n_models,rbf_combined,2.441203762669045,46,10
n_models,rbf_paired,2.451514241184188,47,10
n_models,rbf_unpaired,2.4761697729951693,47,10
n_models,rbf_combined,2.44443584316158,47,10
n_models,rbf_paired,2.135676564144573,48,10
n_models,rbf_unpaired,2.145815072888545,48,10
n_models,rbf_combined,2.135765786971928,48,10
n_models,rbf_paired,2.559072404969521,49,10
n_models,rbf_unpaired,2.506748690518848,49,10
n_models,rbf_combined,2.492739258665755,49,10
n_models,rbf_paired,2.0567104943069023,0,20
n_models,rbf_unpaired,2.034412980095936,0,20
n_models,rbf_combined,1.9669724553421792,0,20
n_models,rbf_paired,2.3799914898439503,1,20
n_models,rbf_unpaired,2.1507625548883293,1,20
n_models,rbf_combined,2.103191143747833,1,20
n_models,rbf_paired,2.2208671824303465,2,20
n_models,rbf_unpaired,2.0998848970090664,2,20
n_models,rbf_combined,2.065399552728408,2,20
n_models,rbf_paired,2.726952766561722,3,20
n_models,rbf_unpaired,2.5951649427554067,3,20
n_models,rbf_combined,2.543050348426876,3,20
n_models,rbf_paired,2.200713598143162,4,20
n_models,rbf_unpaired,2.111726177132521,4,20
n_models,rbf_combined,2.091587459277576,4,20
n_models,rbf_paired,2.105053967271992,5,20
n_models,rbf_unpaired,1.9598565252402935,5,20
n_models,rbf_combined,1.945187485713337,5,20
n_models,rbf_paired,2.584045399671307,6,20
n_models,rbf_unpaired,2.5474334164498416,6,20
n_models,rbf_combined,2.5477948543106907,6,20
n_models,rbf_paired,1.718427216229688,7,20
n_models,rbf_unpaired,1.6747137093200228,7,20
n_models,rbf_combined,1.65741887887236,7,20
n_models,rbf_paired,2.412307242883798,8,20
n_models,rbf_unpaired,2.3453521658933254,8,20
n_models,rbf_combined,2.242975536950015,8,20
n_models,rbf_paired,2.396556735449652,9,20
n_models,rbf_unpaired,2.266548055419622,9,20
n_models,rbf_combined,2.2055523322429518,9,20
n_models,rbf_paired,2.1723730853771874,10,20
n_models,rbf_unpaired,2.1141666453372303,10,20
n_models,rbf_combined,2.0629545601481625,10,20
n_models,rbf_paired,1.9772457155616352,11,20
n_models,rbf_unpaired,1.853625413848594,11,20
n_models,rbf_combined,1.8286930408395985,11,20
n_models,rbf_paired,1.8612433707836016,12,20
n_models,rbf_unpaired,1.825515415870247,12,20
n_models,rbf_combined,1.7688227212796177,12,20
n_models,rbf_paired,2.9585710506425467,13,20
n_models,rbf_unpaired,2.9227437923826822,13,20
n_models,rbf_combined,2.878556199689949,13,20
n_models,rbf_paired,2.373473179266811,14,20
n_models,rbf_unpaired,2.317148582284889,14,20
n_models,rbf_combined,2.1930980303217558,14,20
n_models,rbf_paired,2.191332710134862,15,20
n_models,rbf_unpaired,2.231342523750845,15,20
n_models,rbf_combined,2.1541023206549585,15,20
n_models,rbf_paired,2.311607728336127,16,20
n_models,rbf_unpaired,2.266554168060027,16,20
n_models,rbf_combined,2.254598398638508,16,20
n_models,rbf_paired,3.171465146297296,17,20
n_models,rbf_unpaired,3.043418425578108,17,20
n_models,rbf_combined,2.965755444077808,17,20
n_models,rbf_paired,2.2133652046541967,18,20
n_models,rbf_unpaired,2.290163313569349,18,20
n_models,rbf_combined,2.240276303856497,18,20
n_models,rbf_paired,2.201424892466368,19,20
n_models,rbf_unpaired,2.252100132030404,19,20
n_models,rbf_combined,2.13024457958076,19,20
n_models,rbf_paired,2.746056679763303,20,20
n_models,rbf_unpaired,2.762182255136873,20,20
n_models,rbf_combined,2.677779282149967,20,20
n_models,rbf_paired,1.9284878853585643,21,20
n_models,rbf_unpaired,1.9815458349033903,21,20
n_models,rbf_combined,1.8917708209671056,21,20
n_models,rbf_paired,2.4983739271750505,22,20
n_models,rbf_unpaired,2.3202123176386387,22,20
n_models,rbf_combined,2.261895133258374,22,20
n_models,rbf_paired,2.533406113955045,23,20
n_models,rbf_unpaired,2.46379853581152,23,20
n_models,rbf_combined,2.4222818950074587,23,20
n_models,rbf_paired,2.705063101467968,24,20
n_models,rbf_unpaired,2.590908759681461,24,20
n_models,rbf_combined,2.583797946530077,24,20
n_models,rbf_paired,2.246378964665247,25,20
n_models,rbf_unpaired,2.3002616853375284,25,20
n_models,rbf_combined,2.203475315491083,25,20
n_models,rbf_paired,2.9688636792139644,26,20
n_models,rbf_unpaired,2.916205009822288,26,20
n_models,rbf_combined,2.8010421073868508,26,20
n_models,rbf_paired,2.390396889563219,27,20
n_models,rbf_unpaired,2.3639119742897168,27,20
n_models,rbf_combined,2.2636500703075426,27,20
n_models,rbf_paired,2.164329022165021,28,20
n_models,rbf_unpaired,2.148495881545242,28,20
n_models,rbf_combined,2.1152454049767124,28,20
n_models,rbf_paired,2.555984466442292,29,20
n_models,rbf_unpaired,2.363029433091174,29,20
n_models,rbf_combined,2.242459248942944,29,20
n_models,rbf_paired,2.4348866484361205,30,20
n_models,rbf_unpaired,2.39927140567217,30,20
n_models,rbf_combined,2.296148006042713,30,20
n_models,rbf_paired,2.0801927237226767,31,20
n_models,rbf_unpaired,1.749352618001958,31,20
n_models,rbf_combined,1.6968425016710398,31,20
n_models,rbf_paired,2.212645855377726,32,20
n_models,rbf_unpaired,2.106288909651304,32,20
n_models,rbf_combined,2.05405924568353,32,20
n_models,rbf_paired,1.9982969982468413,33,20
n_models,rbf_unpaired,2.0285323425255024,33,20
n_models,rbf_combined,1.9144110578234377,33,20
n_models,rbf_paired,2.2641202590943603,34,20
n_models,rbf_unpaired,2.307652216766329,34,20
n_models,rbf_combined,2.260070468578115,34,20
n_models,rbf_paired,2.7015424155929164,35,20
n_models,rbf_unpaired,2.5977939746668466,35,20
n_models,rbf_combined,2.5197587052142705,35,20
n_models,rbf_paired,2.242808983538731,36,20
n_models,rbf_unpaired,2.124938853466713,36,20
n_models,rbf_combined,2.089716088980703,36,20
n_models,rbf_paired,2.1932149100975304,37,20
n_models,rbf_unpaired,2.148857651737177,37,20
n_models,rbf_combined,2.112434829321544,37,20
n_models,rbf_paired,2.151626966292141,38,20
n_models,rbf_unpaired,2.069435077765976,38,20
n_models,rbf_combined,2.045355267806963,38,20
n_models,rbf_paired,1.7248896027842622,39,20
n_models,rbf_unpaired,1.6647125537875682,39,20
n_models,rbf_combined,1.6548826957014962,39,20
n_models,rbf_paired,2.4321882835070974,40,20
n_models,rbf_unpaired,2.302443941235517,40,20
n_models,rbf_combined,2.169523992831312,40,20
n_models,rbf_paired,2.0785110457266094,41,20
n_models,rbf_unpaired,2.0956521715507903,41,20
n_models,rbf_combined,2.041892022546797,41,20
n_models,rbf_paired,1.7495588884759532,42,20
n_models,rbf_unpaired,1.7020043971061698,42,20
n_models,rbf_combined,1.667829915072936,42,20
n_models,rbf_paired,2.628783407618314,43,20
n_models,rbf_unpaired,2.5631836945875053,43,20
n_models,rbf_combined,2.465859336202143,43,20
n_models,rbf_paired,2.373396148827853,44,20
n_models,rbf_unpaired,2.3402586837140005,44,20
n_models,rbf_combined,2.2767819704524643,44,20
n_models,rbf_paired,2.0490859002813004,45,20
n_models,rbf_unpaired,1.9755732972916111,45,20
n_models,rbf_combined,1.934221753966141,45,20
n_models,rbf_paired,2.107276128148785,46,20
n_models,rbf_unpaired,2.159595063149599,46,20
n_models,rbf_combined,2.0409197348110784,46,20
n_models,rbf_paired,2.114407597722218,47,20
n_models,rbf_unpaired,2.0058943651658727,47,20
n_models,rbf_combined,1.8603475679478287,47,20
n_models,rbf_paired,2.1151957430862827,48,20
n_models,rbf_unpaired,1.9569812760840624,48,20
n_models,rbf_combined,1.9529942093521755,48,20
n_models,rbf_paired,2.1274292266399204,49,20
n_models,rbf_unpaired,2.002100513766187,49,20
n_models,rbf_combined,1.9581776650179683,49,20
n_models,rbf_paired,2.270294649642251,0,50
n_models,rbf_unpaired,1.7575002236322383,0,50
n_models,rbf_combined,1.6446268706981138,0,50
n_models,rbf_paired,1.9801639374135909,1,50
n_models,rbf_unpaired,1.5636303768639763,1,50
n_models,rbf_combined,1.4363846808950853,1,50
n_models,rbf_paired,2.310966210531045,2,50
n_models,rbf_unpaired,2.1957319312513905,2,50
n_models,rbf_combined,1.951186503452902,2,50
n_models,rbf_paired,2.3563050561517853,3,50
n_models,rbf_unpaired,2.1204458154661405,3,50
n_models,rbf_combined,1.7290793324120668,3,50
n_models,rbf_paired,2.186209268383609,4,50
n_models,rbf_unpaired,1.9433093165144648,4,50
n_models,rbf_combined,1.829041124735583,4,50
n_models,rbf_paired,2.1192173787320536,5,50
n_models,rbf_unpaired,1.9373213006169487,5,50
n_models,rbf_combined,1.731144691480347,5,50
n_models,rbf_paired,2.1438747405588443,6,50
n_models,rbf_unpaired,1.9358213274561025,6,50
n_models,rbf_combined,1.85202701684303,6,50
n_models,rbf_paired,1.940285850156507,7,50
n_models,rbf_unpaired,1.4795229165189392,7,50
n_models,rbf_combined,1.361812055047846,7,50
n_models,rbf_paired,2.352614144243871,8,50
n_models,rbf_unpaired,2.25589700680105,8,50
n_models,rbf_combined,1.982097495769536,8,50
n_models,rbf_paired,2.284140849114613,9,50
n_models,rbf_unpaired,1.919418559456376,9,50
n_models,rbf_combined,1.83685859886822,9,50
n_models,rbf_paired,1.9026794743807376,10,50
n_models,rbf_unpaired,1.836876075440417,10,50
n_models,rbf_combined,1.7028234531474835,10,50
n_models,rbf_paired,2.080837915206914,11,50
n_models,rbf_unpaired,1.779989246362606,11,50
n_models,rbf_combined,1.685900009130469,11,50
n_models,rbf_paired,2.2070989763798123,12,50
n_models,rbf_unpaired,1.8444757679116504,12,50
n_models,rbf_combined,1.7175518426777874,12,50
n_models,rbf_paired,2.67603595691226,13,50
n_models,rbf_unpaired,2.247591491238248,13,50
n_models,rbf_combined,2.130803288614296,13,50
n_models,rbf_paired,1.9944447413867503,14,50
n_models,rbf_unpaired,1.7213935107527112,14,50
n_models,rbf_combined,1.5828602505136111,14,50
n_models,rbf_paired,2.0182824855961945,15,50
n_models,rbf_unpaired,1.8146266000804008,15,50
n_models,rbf_combined,1.583814016324559,15,50
n_models,rbf_paired,2.279725393293873,16,50
n_models,rbf_unpaired,2.3351506672158453,16,50
n_models,rbf_combined,1.97001989867532,16,50
n_models,rbf_paired,2.1662027767683107,17,50
n_models,rbf_unpaired,1.9618491354019865,17,50
n_models,rbf_combined,1.7020401388673758,17,50
n_models,rbf_paired,2.62621767562025,18,50
n_models,rbf_unpaired,2.342706227858648,18,50
n_models,rbf_combined,2.0295092767760146,18,50
n_models,rbf_paired,2.118230807995954,19,50
n_models,rbf_unpaired,1.8629082892554392,19,50
n_models,rbf_combined,1.7574557589061237,19,50
n_models,rbf_paired,2.2051161881285712,20,50
n_models,rbf_unpaired,1.8617208348627787,20,50
n_models,rbf_combined,1.6729174352385363,20,50
n_models,rbf_paired,1.597213741980977,21,50
n_models,rbf_unpaired,1.4440435319027416,21,50
n_models,rbf_combined,1.3343859639190374,21,50
n_models,rbf_paired,2.316929924432167,22,50
n_models,rbf_unpaired,2.1567208403594296,22,50
n_models,rbf_combined,1.8733477504703369,22,50
n_models,rbf_paired,2.426248616842304,23,50
n_models,rbf_unpaired,1.987438997782981,23,50
n_models,rbf_combined,1.834103997964924,23,50
n_models,rbf_paired,2.125981927395624,24,50
n_models,rbf_unpaired,2.0600699873927435,24,50
n_models,rbf_combined,1.8457175499423228,24,50
n_models,rbf_paired,2.160315672881588,25,50
n_models,rbf_unpaired,1.9696640267743664,25,50
n_models,rbf_combined,1.735604285955883,25,50
n_models,rbf_paired,2.1273011476840717,26,50
n_models,rbf_unpaired,1.900083500763698,26,50
n_models,rbf_combined,1.7857308462224175,26,50
n_models,rbf_paired,2.308842695275676,27,50
n_models,rbf_unpaired,2.270742151944102,27,50
n_models,rbf_combined,2.0335230213574187,27,50
n_models,rbf_paired,2.23174976934575,28,50
n_models,rbf_unpaired,1.9911432986102613,28,50
n_models,rbf_combined,1.8062614446648997,28,50
n_models,rbf_paired,2.382433097033928,29,50
n_models,rbf_unpaired,2.05388259139831,29,50
n_models,rbf_combined,1.8515623686733145,29,50
n_models,rbf_paired,2.222510041341279,30,50
n_models,rbf_unpaired,1.963797863790238,30,50
n_models,rbf_combined,1.836731384610249,30,50
n_models,rbf_paired,1.97045807687823,31,50
n_models,rbf_unpaired,1.8001895907362306,31,50
n_models,rbf_combined,1.5557260571350635,31,50
n_models,rbf_paired,2.205439083400011,32,50
n_models,rbf_unpaired,2.1208340931283343,32,50
n_models,rbf_combined,1.9847102581615392,32,50
n_models,rbf_paired,2.1374828590873043,33,50
n_models,rbf_unpaired,1.7663633609851557,33,50
n_models,rbf_combined,1.6332936430957938,33,50
n_models,rbf_paired,1.659535242662084,34,50
n_models,rbf_unpaired,1.591753088528151,34,50
n_models,rbf_combined,1.3617373025980803,34,50
n_models,rbf_paired,2.060241855777081,35,50
n_models,rbf_unpaired,1.7947728541756214,35,50
n_models,rbf_combined,1.6110318595064843,35,50
n_models,rbf_paired,1.9533620968518692,36,50
n_models,rbf_unpaired,1.6505217875639848,36,50
n_models,rbf_combined,1.5598475150516198,36,50
n_models,rbf_paired,2.190545321217386,37,50
n_models,rbf_unpaired,1.939901048680145,37,50
n_models,rbf_combined,1.7672786365861364,37,50
n_models,rbf_paired,2.0119186283852866,38,50
n_models,rbf_unpaired,1.8380685827875,38,50
n_models,rbf_combined,1.6438808685987247,38,50
n_models,rbf_paired,2.034533004096377,39,50
n_models,rbf_unpaired,1.548762037939307,39,50
n_models,rbf_combined,1.5110290617174822,39,50
n_models,rbf_paired,2.358579525921075,40,50
n_models,rbf_unpaired,1.9698698456764487,40,50
n_models,rbf_combined,1.8524915158324533,40,50
n_models,rbf_paired,2.014207611155271,41,50
n_models,rbf_unpaired,1.7753324969800182,41,50
n_models,rbf_combined,1.6616638505314605,41,50
n_models,rbf_paired,1.8718691646705743,42,50
n_models,rbf_unpaired,1.6533044309811993,42,50
n_models,rbf_combined,1.5132453831815766,42,50
n_models,rbf_paired,2.060522861861593,43,50
n_models,rbf_unpaired,1.795657432383439,43,50
n_models,rbf_combined,1.5863352616634212,43,50
n_models,rbf_paired,2.5161395218118243,44,50
n_models,rbf_unpaired,2.425124206990294,44,50
n_models,rbf_combined,1.9585280990386444,44,50
n_models,rbf_paired,2.137727519586219,45,50
n_models,rbf_unpaired,1.8607553615488968,45,50
n_models,rbf_combined,1.6313393132748812,45,50
n_models,rbf_paired,2.0115646007949373,46,50
n_models,rbf_unpaired,1.7705727752657463,46,50
n_models,rbf_combined,1.593001656606569,46,50
n_models,rbf_paired,2.0282319309038086,47,50
n_models,rbf_unpaired,1.963912479804685,47,50
n_models,rbf_combined,1.6046351405191863,47,50
n_models,rbf_paired,2.240674033514104,48,50
n_models,rbf_unpaired,2.1834095754296485,48,50
n_models,rbf_combined,1.9686354497569385,48,50
n_models,rbf_paired,2.0316224417156485,49,50
n_models,rbf_unpaired,1.9733212775287197,49,50
n_models,rbf_combined,1.7661680629509973,49,50
n_models,rbf_paired,2.119512535545488,0,100
n_models,rbf_unpaired,1.5954117746969003,0,100
n_models,rbf_combined,1.449904063970484,0,100
n_models,rbf_paired,2.387814476437172,1,100
n_models,rbf_unpaired,1.892647867654072,1,100
n_models,rbf_combined,1.6849635330009762,1,100
n_models,rbf_paired,2.028248844309251,2,100
n_models,rbf_unpaired,1.7223042040923608,2,100
n_models,rbf_combined,1.332907811629474,2,100
n_models,rbf_paired,2.1220840273713777,3,100
n_models,rbf_unpaired,1.7595357068575277,3,100
n_models,rbf_combined,1.480394408746665,3,100
n_models,rbf_paired,2.219512373992786,4,100
n_models,rbf_unpaired,1.7157008066158543,4,100
n_models,rbf_combined,1.5121814386818155,4,100
n_models,rbf_paired,2.1696671408364976,5,100
n_models,rbf_unpaired,1.6492594635073243,5,100
n_models,rbf_combined,1.571933448146147,5,100
n_models,rbf_paired,2.2080271966724423,6,100
n_models,rbf_unpaired,1.6348567750333198,6,100
n_models,rbf_combined,1.4502050267107576,6,100
n_models,rbf_paired,1.780656925014639,7,100
n_models,rbf_unpaired,1.3852295169203506,7,100
n_models,rbf_combined,1.2249693432662825,7,100
n_models,rbf_paired,2.365114912824943,8,100
n_models,rbf_unpaired,1.9087061454277112,8,100
n_models,rbf_combined,1.6138923511909176,8,100
n_models,rbf_paired,2.371636491831297,9,100
n_models,rbf_unpaired,1.776798912859656,9,100
n_models,rbf_combined,1.54535563795117,9,100
n_models,rbf_paired,2.3739366687015715,10,100
n_models,rbf_unpaired,1.7605723354075902,10,100
n_models,rbf_combined,1.4942836732558396,10,100
n_models,rbf_paired,2.0318231177435098,11,100
n_models,rbf_unpaired,1.653162916348755,11,100
n_models,rbf_combined,1.4667344509570632,11,100
n_models,rbf_paired,2.3749896191862527,12,100
n_models,rbf_unpaired,2.269517381917258,12,100
n_models,rbf_combined,1.5279153800874592,12,100
n_models,rbf_paired,2.6573006776550407,13,100
n_models,rbf_unpaired,2.3118605376927306,13,100
n_models,rbf_combined,1.7702635144809675,13,100
n_models,rbf_paired,2.2839984848921406,14,100
n_models,rbf_unpaired,1.7099351808558323,14,100
n_models,rbf_combined,1.55341785485287,14,100
n_models,rbf_paired,2.135575628108364,15,100
n_models,rbf_unpaired,1.520380433579455,15,100
n_models,rbf_combined,1.4528977121633548,15,100
n_models,rbf_paired,2.003344127543349,16,100
n_models,rbf_unpaired,1.5816460429306656,16,100
n_models,rbf_combined,1.3985582857873666,16,100
n_models,rbf_paired,2.132783423357622,17,100
n_models,rbf_unpaired,1.804117410677868,17,100
n_models,rbf_combined,1.4549765712282052,17,100
n_models,rbf_paired,2.380842166346489,18,100
n_models,rbf_unpaired,1.9663178341366925,18,100
n_models,rbf_combined,1.875101585418064,18,100
n_models,rbf_paired,2.2265633159724367,19,100
n_models,rbf_unpaired,1.9278908285604108,19,100
n_models,rbf_combined,1.6460908380033212,19,100
n_models,rbf_paired,2.193621286031735,20,100
n_models,rbf_unpaired,1.755891621307073,20,100
n_models,rbf_combined,1.5696476555992251,20,100
n_models,rbf_paired,2.335321795154078,21,100
n_models,rbf_unpaired,2.027498403390892,21,100
n_models,rbf_combined,1.6445794397941311,21,100
n_models,rbf_paired,2.316934452293268,22,100
n_models,rbf_unpaired,1.9305577880718767,22,100
n_models,rbf_combined,1.6358226120154995,22,100
n_models,rbf_paired,2.3011366108122946,23,100
n_models,rbf_unpaired,1.6724376477376586,23,100
n_models,rbf_combined,1.4605315746328162,23,100
n_models,rbf_paired,2.322273964658703,24,100
n_models,rbf_unpaired,1.8568264609554448,24,100
n_models,rbf_combined,1.5755613605280536,24,100
n_models,rbf_paired,2.325225771691279,25,100
n_models,rbf_unpaired,1.812003601345884,25,100
n_models,rbf_combined,1.658514119867463,25,100
n_models,rbf_paired,2.248528240634572,26,100
n_models,rbf_unpaired,1.900530683683675,26,100
n_models,rbf_combined,1.6035747197864263,26,100
n_models,rbf_paired,2.060284340271682,27,100
n_models,rbf_unpaired,1.5940123124759296,27,100
n_models,rbf_combined,1.4516612754129194,27,100
n_models,rbf_paired,2.2128101203490904,28,100
n_models,rbf_unpaired,1.4917548805956966,28,100
n_models,rbf_combined,1.357331394415993,28,100
n_models,rbf_paired,2.131390600013981,29,100
n_models,rbf_unpaired,1.6063009703348707,29,100
n_models,rbf_combined,1.4599000587335558,29,100
n_models,rbf_paired,2.282447515611705,30,100
n_models,rbf_unpaired,1.6965323679043427,30,100
n_models,rbf_combined,1.5859266377000822,30,100
n_models,rbf_paired,2.6312734630259635,31,100
n_models,rbf_unpaired,2.0142866814530493,31,100
n_models,rbf_combined,1.6767939972544323,31,100
n_models,rbf_paired,2.079888276467336,32,100
n_models,rbf_unpaired,1.6602403438762294,32,100
n_models,rbf_combined,1.356932300159536,32,100
n_models,rbf_paired,2.201373263937603,33,100
n_models,rbf_unpaired,1.9018921792946744,33,100
n_models,rbf_combined,1.5278393364078282,33,100
n_models,rbf_paired,2.168111535605492,34,100
n_models,rbf_unpaired,1.7018227167929632,34,100
n_models,rbf_combined,1.6148187724611065,34,100
n_models,rbf_paired,2.1607764279996475,35,100
n_models,rbf_unpaired,1.6842631451143082,35,100
n_models,rbf_combined,1.469429300847928,35,100
n_models,rbf_paired,1.878621942956036,36,100
n_models,rbf_unpaired,1.359273490572107,36,100
n_models,rbf_combined,1.250012095764666,36,100
n_models,rbf_paired,2.0831084134651303,37,100
n_models,rbf_unpaired,1.7112347410861173,37,100
n_models,rbf_combined,1.4821756586879395,37,100
n_models,rbf_paired,1.939626018697989,38,100
n_models,rbf_unpaired,1.713782125421751,38,100
n_models,rbf_combined,1.3928286790439233,38,100
n_models,rbf_paired,2.2953525864860835,39,100
n_models,rbf_unpaired,1.7185148857674657,39,100
n_models,rbf_combined,1.6227773936099643,39,100
n_models,rbf_paired,2.3028478511396635,40,100
n_models,rbf_unpaired,2.0268537331932253,40,100
n_models,rbf_combined,1.6318521149211966,40,100
n_models,rbf_paired,2.409343914783282,41,100
n_models,rbf_unpaired,1.871020921174211,41,100
n_models,rbf_combined,1.6863293454133212,41,100
n_models,rbf_paired,2.2892733673167958,42,100
n_models,rbf_unpaired,1.8364873392291337,42,100
n_models,rbf_combined,1.5894526723672031,42,100
n_models,rbf_paired,1.999284139753276,43,100
n_models,rbf_unpaired,1.6938315803306092,43,100
n_models,rbf_combined,1.4719313356070376,43,100
n_models,rbf_paired,2.2680406495898877,44,100
n_models,rbf_unpaired,2.0005348987961367,44,100
n_models,rbf_combined,1.5315651140225606,44,100
n_models,rbf_paired,2.585505386175502,45,100
n_models,rbf_unpaired,2.15725497438299,45,100
n_models,rbf_combined,1.9735014849739991,45,100
n_models,rbf_paired,2.174545972999881,46,100
n_models,rbf_unpaired,1.57257716631191,46,100
n_models,rbf_combined,1.5104456727414002,46,100
n_models,rbf_paired,1.883619014539438,47,100
n_models,rbf_unpaired,1.895264545917567,47,100
n_models,rbf_combined,1.3610169883107497,47,100
n_models,rbf_paired,2.2692669318676377,48,100
n_models,rbf_unpaired,1.82437978901344,48,100
n_models,rbf_combined,1.5856901511321624,48,100
n_models,rbf_paired,2.193497361394649,49,100
n_models,rbf_unpaired,1.7838709159411454,49,100
n_models,rbf_combined,1.4224979793207366,49,100
n_models,rbf_paired,2.2899624719537424,0,150
n_models,rbf_unpaired,2.290799429265567,0,150
n_models,rbf_combined,2.2567276054457768,0,150
n_models,rbf_paired,2.3422830933956846,1,150
n_models,rbf_unpaired,2.372238659129582,1,150
n_models,rbf_combined,2.3993859420020014,1,150
n_models,rbf_paired,2.475654928694351,2,150
n_models,rbf_unpaired,2.480980626508774,2,150
n_models,rbf_combined,2.462430071924021,2,150
n_models,rbf_paired,2.591761444635165,3,150
n_models,rbf_unpaired,2.581378441384253,3,150
n_models,rbf_combined,2.574889058977045,3,150
n_models,rbf_paired,2.585705935632052,4,150
n_models,rbf_unpaired,2.612482193398496,4,150
n_models,rbf_combined,2.586634545771163,4,150
n_models,rbf_paired,2.4567911483999363,5,150
n_models,rbf_unpaired,2.428433568923167,5,150
n_models,rbf_combined,2.390732781490471,5,150
n_models,rbf_paired,2.639093135457933,6,150
n_models,rbf_unpaired,2.6752757531943527,6,150
n_models,rbf_combined,2.6042293182162224,6,150
n_models,rbf_paired,2.1808712537600146,7,150
n_models,rbf_unpaired,2.130447792251916,7,150
n_models,rbf_combined,2.1683774367363644,7,150
n_models,rbf_paired,2.8149713902626736,8,150
n_models,rbf_unpaired,2.8424394066823515,8,150
n_models,rbf_combined,2.8078532844952493,8,150
n_models,rbf_paired,2.091566104132218,9,150
n_models,rbf_unpaired,2.1251590634713264,9,150
n_models,rbf_combined,2.11173682752672,9,150
n_models,rbf_paired,2.544612432034336,10,150
n_models,rbf_unpaired,2.556551727096497,10,150
n_models,rbf_combined,2.507120475190148,10,150
n_models,rbf_paired,2.6436453690090165,11,150
n_models,rbf_unpaired,2.6997131337684928,11,150
n_models,rbf_combined,2.617224248226948,11,150
n_models,rbf_paired,2.205114963664548,12,150
n_models,rbf_unpaired,2.238410912966577,12,150
n_models,rbf_combined,2.2574808448277484,12,150
n_models,rbf_paired,2.619300033923179,13,150
n_models,rbf_unpaired,2.622233421460588,13,150
n_models,rbf_combined,2.574840660727612,13,150
n_models,rbf_paired,2.506191915547428,14,150
n_models,rbf_unpaired,2.5267997733130514,14,150
n_models,rbf_combined,2.5252547837072354,14,150
n_models,rbf_paired,2.1781493595117136,15,150
n_models,rbf_unpaired,2.2141084394837054,15,150
n_models,rbf_combined,2.2021798581309886,15,150
n_models,rbf_paired,2.448637002946924,16,150
n_models,rbf_unpaired,2.4518790822983325,16,150
n_models,rbf_combined,2.457319947776781,16,150
n_models,rbf_paired,2.4837652912952666,17,150
n_models,rbf_unpaired,2.46821880499848,17,150
n_models,rbf_combined,2.543166802013324,17,150
n_models,rbf_paired,2.333180555537949,18,150
n_models,rbf_unpaired,2.363827983037998,18,150
n_models,rbf_combined,2.3327979620565342,18,150
n_models,rbf_paired,2.4108247030498826,19,150
n_models,rbf_unpaired,2.38212887882056,19,150
n_models,rbf_combined,2.4175255134176266,19,150
n_models,rbf_paired,2.601012226491769,20,150
n_models,rbf_unpaired,2.5887728990334224,20,150
n_models,rbf_combined,2.567848216183785,20,150
n_models,rbf_paired,2.4166223462973297,21,150
n_models,rbf_unpaired,2.436105651872128,21,150
n_models,rbf_combined,2.4292319802010502,21,150
n_models,rbf_paired,2.393411129814837,22,150
n_models,rbf_unpaired,2.404355169512957,22,150
n_models,rbf_combined,2.412937929042629,22,150
n_models,rbf_paired,2.287030254446192,23,150
n_models,rbf_unpaired,2.28255299720773,23,150
n_models,rbf_combined,2.2123606284312656,23,150
n_models,rbf_paired,2.528987010705136,24,150
n_models,rbf_unpaired,2.505766703910874,24,150
n_models,rbf_combined,2.463322425662714,24,150
n_models,rbf_paired,2.220424420408938,25,150
n_models,rbf_unpaired,2.270317404220176,25,150
n_models,rbf_combined,2.2904570847225747,25,150
n_models,rbf_paired,2.522366476163206,26,150
n_models,rbf_unpaired,2.5458569300757663,26,150
n_models,rbf_combined,2.491196797844057,26,150
n_models,rbf_paired,2.0603627977345518,27,150
n_models,rbf_unpaired,2.0626674233707623,27,150
n_models,rbf_combined,2.074310651164309,27,150
n_models,rbf_paired,2.207214057294336,28,150
n_models,rbf_unpaired,2.1732989393829687,28,150
n_models,rbf_combined,2.173172304438227,28,150
n_models,rbf_paired,2.136049877511945,29,150
n_models,rbf_unpaired,2.1376545568133785,29,150
n_models,rbf_combined,2.100727158407533,29,150
n_models,rbf_paired,2.3000927311948343,30,150
n_models,rbf_unpaired,2.3103930294356565,30,150
n_models,rbf_combined,2.2827288516638085,30,150
n_models,rbf_paired,2.7229996565550745,31,150
n_models,rbf_unpaired,2.732408190951646,31,150
n_models,rbf_combined,2.716705343093394,31,150
n_models,rbf_paired,2.4512299955550887,32,150
n_models,rbf_unpaired,2.462562910204368,32,150
n_models,rbf_combined,2.470924559302361,32,150
n_models,rbf_paired,2.2169871524628944,33,150
n_models,rbf_unpaired,2.234461978628029,33,150
n_models,rbf_combined,2.243326607682253,33,150
n_models,rbf_paired,2.0563660114645663,34,150
n_models,rbf_unpaired,2.0373644853511093,34,150
n_models,rbf_combined,2.035154448048115,34,150
n_models,rbf_paired,2.261094912241782,35,150
n_models,rbf_unpaired,2.242409728080555,35,150
n_models,rbf_combined,2.253836668458815,35,150
n_models,rbf_paired,2.31072639566938,36,150
n_models,rbf_unpaired,2.3303418499754143,36,150
n_models,rbf_combined,2.2892602335183323,36,150
n_models,rbf_paired,2.5618689770957737,37,150
n_models,rbf_unpaired,2.588688106296176,37,150
n_models,rbf_combined,2.584778192718293,37,150
n_models,rbf_paired,2.2180425937226964,38,150
n_models,rbf_unpaired,2.164387205485053,38,150
n_models,rbf_combined,2.183437522985926,38,150
n_models,rbf_paired,2.4489116297284665,39,150
n_models,rbf_unpaired,2.407900508641801,39,150
n_models,rbf_combined,2.3900139014665696,39,150
n_models,rbf_paired,2.4481777754102207,40,150
n_models,rbf_unpaired,2.434492592613607,40,150
n_models,rbf_combined,2.4493384658100514,40,150
n_models,rbf_paired,2.587818052719416,41,150
n_models,rbf_unpaired,2.626050066988836,41,150
n_models,rbf_combined,2.619006080220533,41,150
n_models,rbf_paired,2.498302670166863,42,150
n_models,rbf_unpaired,2.4741912750782293,42,150
n_models,rbf_combined,2.457881431768238,42,150
n_models,rbf_paired,2.3866540037209214,43,150
n_models,rbf_unpaired,2.4693436952537064,43,150
n_models,rbf_combined,2.503199083278944,43,150
n_models,rbf_paired,2.624236910637085,44,150
n_models,rbf_unpaired,2.630653506660267,44,150
n_models,rbf_combined,2.6330073707114745,44,150
n_models,rbf_paired,2.5662641202779053,45,150
n_models,rbf_unpaired,2.607755113761413,45,150
n_models,rbf_combined,2.626573447711583,45,150
n_models,rbf_paired,2.570662161428738,46,150
n_models,rbf_unpaired,2.597387080790877,46,150
n_models,rbf_combined,2.5250683078748604,46,150
n_models,rbf_paired,2.256760639918708,47,150
n_models,rbf_unpaired,2.180780168993897,47,150
n_models,rbf_combined,2.174702222628738,47,150
n_models,rbf_paired,2.5430028735416106,48,150
n_models,rbf_unpaired,2.4786395337524176,48,150
n_models,rbf_combined,2.5147870487607893,48,150
n_models,rbf_paired,2.374114648953673,49,150
n_models,rbf_unpaired,2.3786247977954305,49,150
n_models,rbf_combined,2.3853693675651213,49,150
n_models,rbf_paired,2.4167971916581292,0,120
n_models,rbf_unpaired,2.4579362426406797,0,120
n_models,rbf_combined,2.469398798375277,0,120
n_models,rbf_paired,2.427646851224634,1,120
n_models,rbf_unpaired,2.4543198822094294,1,120
n_models,rbf_combined,2.421059625296225,1,120
n_models,rbf_paired,2.3750520443787955,2,120
n_models,rbf_unpaired,2.34608088301377,2,120
n_models,rbf_combined,2.3402097910440762,2,120
n_models,rbf_paired,2.5689564442658863,3,120
n_models,rbf_unpaired,2.508166881070054,3,120
n_models,rbf_combined,2.5078025677161646,3,120
n_models,rbf_paired,2.5365140803768464,4,120
n_models,rbf_unpaired,2.5440371006259874,4,120
n_models,rbf_combined,2.529419375370616,4,120
n_models,rbf_paired,2.723924362721132,5,120
n_models,rbf_unpaired,2.661715825262963,5,120
n_models,rbf_combined,2.6856252916871397,5,120
n_models,rbf_paired,2.089979808376537,6,120
n_models,rbf_unpaired,2.1208832209379316,6,120
n_models,rbf_combined,2.0820064267548366,6,120
n_models,rbf_paired,2.237119433072658,7,120
n_models,rbf_unpaired,2.189125483435817,7,120
n_models,rbf_combined,2.170772798938989,7,120
n_models,rbf_paired,2.6686350799680323,8,120
n_models,rbf_unpaired,2.6665959979390252,8,120
n_models,rbf_combined,2.6040090902886646,8,120
n_models,rbf_paired,2.4045996291230383,9,120
n_models,rbf_unpaired,2.4031724405544765,9,120
n_models,rbf_combined,2.37265523357129,9,120
n_models,rbf_paired,2.270707292820276,10,120
n_models,rbf_unpaired,2.289651123806242,10,120
n_models,rbf_combined,2.282543637268388,10,120
n_models,rbf_paired,2.6207546910596355,11,120
n_models,rbf_unpaired,2.714175886249479,11,120
n_models,rbf_combined,2.6286457763746798,11,120
n_models,rbf_paired,2.4094751804253476,12,120
n_models,rbf_unpaired,2.4646473987254356,12,120
n_models,rbf_combined,2.448858415679043,12,120
n_models,rbf_paired,2.328357748692698,13,120
n_models,rbf_unpaired,2.3058913010208273,13,120
n_models,rbf_combined,2.2633955324049557,13,120
n_models,rbf_paired,2.6177147645381416,14,120
n_models,rbf_unpaired,2.6170765187249643,14,120
n_models,rbf_combined,2.6291647636861715,14,120
n_models,rbf_paired,2.4010643431547916,15,120
n_models,rbf_unpaired,2.400288202622472,15,120
n_models,rbf_combined,2.3723421756488294,15,120
n_models,rbf_paired,2.194826142016364,16,120
n_models,rbf_unpaired,2.175769895504995,16,120
n_models,rbf_combined,2.1690831592679705,16,120
n_models,rbf_paired,2.0253414952768085,17,120
n_models,rbf_unpaired,1.9731881178572415,17,120
n_models,rbf_combined,1.9951925905161632,17,120
n_models,rbf_paired,2.282143626639226,18,120
n_models,rbf_unpaired,2.2598649344172315,18,120
n_models,rbf_combined,2.258731566249336,18,120
n_models,rbf_paired,2.2265662363983005,19,120
n_models,rbf_unpaired,2.271145307102096,19,120
n_models,rbf_combined,2.26617029618401,19,120
n_models,rbf_paired,2.472622070827774,20,120
n_models,rbf_unpaired,2.4756866589200404,20,120
n_models,rbf_combined,2.4959017843497575,20,120
n_models,rbf_paired,2.4172820268247985,21,120
n_models,rbf_unpaired,2.4589168835814372,21,120
n_models,rbf_combined,2.4187178464402495,21,120
n_models,rbf_paired,2.5630924623741964,22,120
n_models,rbf_unpaired,2.624394731080984,22,120
n_models,rbf_combined,2.666985608485201,22,120
n_models,rbf_paired,2.756677864194731,23,120
n_models,rbf_unpaired,2.74647913255541,23,120
n_models,rbf_combined,2.7044061539297832,23,120
n_models,rbf_paired,2.4526161432555478,24,120
n_models,rbf_unpaired,2.357154919804462,24,120
n_models,rbf_combined,2.3530019299253992,24,120
n_models,rbf_paired,2.4382488616211133,25,120
n_models,rbf_unpaired,2.5216689788293145,25,120
n_models,rbf_combined,2.542239737094613,25,120
n_models,rbf_paired,2.897350491188094,26,120
n_models,rbf_unpaired,2.8824254849127784,26,120
n_models,rbf_combined,2.8889288649095994,26,120
n_models,rbf_paired,2.72780266525413,27,120
n_models,rbf_unpaired,2.7623544518001593,27,120
n_models,rbf_combined,2.686074106529512,27,120
n_models,rbf_paired,2.7410628300970368,28,120
n_models,rbf_unpaired,2.7339944250865775,28,120
n_models,rbf_combined,2.7079397497112434,28,120
n_models,rbf_paired,2.4796808544637132,29,120
n_models,rbf_unpaired,2.5476142058642295,29,120
n_models,rbf_combined,2.528889372128115,29,120
n_models,rbf_paired,2.476663493724402,30,120
n_models,rbf_unpaired,2.5032668888672305,30,120
n_models,rbf_combined,2.4783774858952436,30,120
n_models,rbf_paired,2.503677157213904,31,120
n_models,rbf_unpaired,2.480676906356566,31,120
n_models,rbf_combined,2.4704856707641096,31,120
n_models,rbf_paired,2.4123447513621237,32,120
n_models,rbf_unpaired,2.41207678189814,32,120
n_models,rbf_combined,2.4027664838184233,32,120
n_models,rbf_paired,2.6148668933038417,33,120
n_models,rbf_unpaired,2.683754878394268,33,120
n_models,rbf_combined,2.7347741576565356,33,120
n_models,rbf_paired,2.2595882477187903,34,120
n_models,rbf_unpaired,2.2776139990981807,34,120
n_models,rbf_combined,2.2470065562364763,34,120
n_models,rbf_paired,2.163826303192439,35,120
n_models,rbf_unpaired,2.1324416848096006,35,120
n_models,rbf_combined,2.1166899178229133,35,120
n_models,rbf_paired,2.269933726192373,36,120
n_models,rbf_unpaired,2.2638027962530605,36,120
n_models,rbf_combined,2.2360449059120926,36,120
n_models,rbf_paired,2.466895348920249,37,120
n_models,rbf_unpaired,2.4502442818418584,37,120
n_models,rbf_combined,2.4549457374755743,37,120
n_models,rbf_paired,2.0983752297365816,38,120
n_models,rbf_unpaired,2.0784921063405286,38,120
n_models,rbf_combined,2.099126364836512,38,120
n_models,rbf_paired,2.424838142744627,39,120
n_models,rbf_unpaired,2.462806115927481,39,120
n_models,rbf_combined,2.4164892424330726,39,120
n_models,rbf_paired,2.701820708287706,40,120
n_models,rbf_unpaired,2.783022621916798,40,120
n_models,rbf_combined,2.707052208771054,40,120
n_models,rbf_paired,2.4258767898047457,41,120
n_models,rbf_unpaired,2.3884534405904803,41,120
n_models,rbf_combined,2.3670166332703966,41,120
n_models,rbf_paired,2.466786462501778,42,120
n_models,rbf_unpaired,2.519875559848404,42,120
n_models,rbf_combined,2.4898546748225616,42,120
n_models,rbf_paired,2.508674726815281,43,120
n_models,rbf_unpaired,2.5439598232531377,43,120
n_models,rbf_combined,2.5482937750020853,43,120
n_models,rbf_paired,2.553997278783474,44,120
n_models,rbf_unpaired,2.530394337571943,44,120
n_models,rbf_combined,2.5469948611598765,44,120
n_models,rbf_paired,2.5994613891977503,45,120
n_models,rbf_unpaired,2.68281240345065,45,120
n_models,rbf_combined,2.652020464298488,45,120
n_models,rbf_paired,2.6275388292941906,46,120
n_models,rbf_unpaired,2.579111660757494,46,120
n_models,rbf_combined,2.60819853364027,46,120
n_models,rbf_paired,2.285100651838811,47,120
n_models,rbf_unpaired,2.3834441096010424,47,120
n_models,rbf_combined,2.358838207857607,47,120
n_models,rbf_paired,2.3521039375268735,48,120
n_models,rbf_unpaired,2.2753109658486466,48,120
n_models,rbf_combined,2.2685814334536683,48,120
n_models,rbf_paired,2.598465525401147,49,120
n_models,rbf_unpaired,2.549566535352768,49,120
n_models,rbf_combined,2.548063611389551,49,120
