experiment,estimator,mae,seed,n_tasks
n_tasks,rbf_paired,1.7454221973164619,0,5
n_tasks,rbf_unpaired,1.8859374812390695,0,5
n_tasks,rbf_combined,1.2994796658233343,0,5
n_tasks,rbf_paired,2.1873112085996325,1,5
n_tasks,rbf_unpaired,2.3808647510693426,1,5
n_tasks,rbf_combined,2.0209960385633745,1,5
n_tasks,rbf_paired,1.5401818294733554,2,5
n_tasks,rbf_unpaired,1.6260256640703263,2,5
n_tasks,rbf_combined,1.187002772205386,2,5
n_tasks,rbf_paired,1.3857218921050314,3,5
n_tasks,rbf_unpaired,1.42954559135495,3,5
n_tasks,rbf_combined,1.0234684314940548,3,5
n_tasks,rbf_paired,1.5056144157101143,4,5
n_tasks,rbf_unpaired,1.478297411856266,4,5
n_tasks,rbf_combined,1.3397313418826848,4,5
n_tasks,rbf_paired,2.04044487489025,5,5
n_tasks,rbf_unpaired,2.227758268830889,5,5
n_tasks,rbf_combined,1.8391322951835352,5,5
n_tasks,rbf_paired,1.6189558300675944,6,5
n_tasks,rbf_unpaired,1.6091933338734206,6,5
n_tasks,rbf_combined,1.5728751348581897,6,5
n_tasks,rbf_paired,1.5608337441609481,7,5
n_tasks,rbf_unpaired,1.6167152112428154,7,5
n_tasks,rbf_combined,1.2108161574903282,7,5
n_tasks,rbf_paired,1.598545291180803,8,5
n_tasks,rbf_unpaired,1.5631133932961614,8,5
n_tasks,rbf_combined,1.3421533297232724,8,5
n_tasks,rbf_paired,2.3670466653130564,9,5
n_tasks,rbf_unpaired,2.5573493657300745,9,5
n_tasks,rbf_combined,1.8432940696457885,9,5
n_tasks,rbf_paired,1.9856015599352876,10,5
n_tasks,rbf_unpaired,2.2237347469166813,10,5
n_tasks,rbf_combined,2.0904249194241467,10,5
n_tasks,rbf_paired,1.6035649816500566,11,5
n_tasks,rbf_unpaired,1.6022546225781862,11,5
n_tasks,rbf_combined,1.2412080563790422,11,5
n_tasks,rbf_paired,1.7754274164426602,12,5
n_tasks,rbf_unpaired,1.838130202074062,12,5
n_tasks,rbf_combined,1.3140868119830358,12,5
n_tasks,rbf_paired,2.4650880552593404,13,5
n_tasks,rbf_unpaired,2.672431275859297,13,5
n_tasks,rbf_combined,2.473994598511409,13,5
n_tasks,rbf_paired,1.8877540123694543,14,5
n_tasks,rbf_unpaired,1.9537619635198002,14,5
n_tasks,rbf_combined,2.0417585525150574,14,5
n_tasks,rbf_paired,1.8970593277361807,15,5
n_tasks,rbf_unpaired,1.95386180422294,15,5
n_tasks,rbf_combined,1.6993899858482038,15,5
n_tasks,rbf_paired,1.5130506871279696,16,5
n_tasks,rbf_unpaired,1.5994999805370889,16,5
n_tasks,rbf_combined,1.2591497418439954,16,5
n_tasks,rbf_paired,2.170956730527269,17,5
n_tasks,rbf_unpaired,2.1602798556204386,17,5
n_tasks,rbf_combined,1.7864067982307545,17,5
n_tasks,rbf_paired,1.742924131838277,18,5
n_tasks,rbf_unpaired,1.8043069643900818,18,5
n_tasks,rbf_combined,1.4515737487283633,18,5
n_tasks,rbf_paired,1.7184896007300183,19,5
n_tasks,rbf_unpaired,1.905793045310152,19,5
n_tasks,rbf_combined,1.3218236006391586,19,5
n_tasks,rbf_paired,1.9223573636719444,20,5
n_tasks,rbf_unpaired,1.9260099342955384,20,5
n_tasks,rbf_combined,1.5447347304437848,20,5
n_tasks,rbf_paired,2.022434840540582,21,5
n_tasks,rbf_unpaired,1.8971515159426102,21,5
n_tasks,rbf_combined,2.110952532532982,21,5
n_tasks,rbf_paired,1.525379315388308,22,5
n_tasks,rbf_unpaired,1.72181182562795,22,5
n_tasks,rbf_combined,1.520949142755541,22,5
n_tasks,rbf_paired,1.6625601911491026,23,5
n_tasks,rbf_unpaired,1.9171720849252802,23,5
n_tasks,rbf_combined,1.524033670493046,23,5
n_tasks,rbf_paired,2.0228319932014887,24,5
n_tasks,rbf_unpaired,2.136623524175623,24,5
n_tasks,rbf_combined,1.9544075010084718,24,5
n_tasks,rbf_paired,1.9001798068435465,25,5
n_tasks,rbf_unpaired,1.8249464987233337,25,5
n_tasks,rbf_combined,1.6543545622908535,25,5
n_tasks,rbf_paired,1.6076367059133077,26,5
n_tasks,rbf_unpaired,1.6508695556098443,26,5
n_tasks,rbf_combined,1.366279881761847,26,5
n_tasks,rbf_paired,1.476974250854799,27,5
n_tasks,rbf_unpaired,1.676479966344313,27,5
n_tasks,rbf_combined,1.3529887299697454,27,5
n_tasks,rbf_paired,1.619534884189223,28,5
n_tasks,rbf_unpaired,1.5234646892753285,28,5
n_tasks,rbf_combined,1.2481726399840558,28,5
n_tasks,rbf_paired,1.4243010656839228,29,5
n_tasks,rbf_unpaired,1.54830962143212,29,5
n_tasks,rbf_combined,1.235627879030071,29,5
n_tasks,rbf_paired,2.3651712556911533,30,5
n_tasks,rbf_unpaired,2.6390114215440508,30,5
n_tasks,rbf_combined,1.98163136725428,30,5
n_tasks,rbf_paired,2.0905908689192634,31,5
n_tasks,rbf_unpaired,2.0342045247497342,31,5
n_tasks,rbf_combined,2.1616417002393384,31,5
n_tasks,rbf_paired,1.6429126004847472,32,5
n_tasks,rbf_unpaired,1.5795432538975251,32,5
n_tasks,rbf_combined,1.1154293774802257,32,5
n_tasks,rbf_paired,1.9219256561769056,33,5
n_tasks,rbf_unpaired,2.0256013260792103,33,5
n_tasks,rbf_combined,1.9450757030650998,33,5
n_tasks,rbf_paired,1.7425851182943692,34,5
n_tasks,rbf_unpaired,1.8529712392550333,34,5
n_tasks,rbf_combined,1.2348026116873123,34,5
n_tasks,rbf_paired,1.3950056675697604,35,5
n_tasks,rbf_unpaired,1.5963419083940416,35,5
n_tasks,rbf_combined,1.4740058619494256,35,5
n_tasks,rbf_paired,1.6834442259514524,36,5
n_tasks,rbf_unpaired,1.830095021947657,36,5
n_tasks,rbf_combined,1.275615541706504,36,5
n_tasks,rbf_paired,1.8935792765402826,37,5
n_tasks,rbf_unpaired,1.9751820043569892,37,5
n_tasks,rbf_combined,1.6317261429433902,37,5
n_tasks,rbf_paired,1.343169602224448,38,5
n_tasks,rbf_unpaired,1.3471944864844385,38,5
n_tasks,rbf_combined,1.0205302431776635,38,5
n_tasks,rbf_paired,1.8806211595171243,39,5
n_tasks,rbf_unpaired,1.8318874992629162,39,5
n_tasks,rbf_combined,1.5353030275466255,39,5
n_tasks,rbf_paired,1.92714062802126,40,5
n_tasks,rbf_unpaired,2.0854729186471173,40,5
n_tasks,rbf_combined,1.7157578204053272,40,5
n_tasks,rbf_paired,2.071772032181783,41,5
n_tasks,rbf_unpaired,2.1889598109764963,41,5
n_tasks,rbf_combined,1.6741720976220178,41,5
n_tasks,rbf_paired,1.886223305150667,42,5
n_tasks,rbf_unpaired,2.182964849137263,42,5
n_tasks,rbf_combined,1.8907802888281033,42,5
n_tasks,rbf_paired,1.5915049423062133,43,5
n_tasks,rbf_unpaired,1.7335654313367783,43,5
n_tasks,rbf_combined,1.370905963448829,43,5
n_tasks,rbf_paired,1.6379366648753078,44,5
n_tasks,rbf_unpaired,1.715024184873337,44,5
n_tasks,rbf_combined,1.1055191051991997,44,5
n_tasks,rbf_paired,2.1813189746349035,45,5
n_tasks,rbf_unpaired,2.3281297620708084,45,5
n_tasks,rbf_combined,1.7597423411034916,45,5
n_tasks,rbf_paired,1.8382738945604125,46,5
n_tasks,rbf_unpaired,1.9182008996347566,46,5
n_tasks,rbf_combined,1.5336116822708659,46,5
n_tasks,rbf_paired,1.5599847889808012,47,5
n_tasks,rbf_unpaired,1.6962886162572028,47,5
n_tasks,rbf_combined,1.4559775139703182,47,5
n_tasks,rbf_paired,1.6991970565977306,48,5
n_tasks,rbf_unpaired,1.7742833047875792,48,5
n_tasks,rbf_combined,1.4026621635314862,48,5
n_tasks,rbf_paired,2.0097404413852322,49,5
n_tasks,rbf_unpaired,2.0381128253564023,49,5
n_tasks,rbf_combined,1.838123920679314,49,5
n_tasks,rbf_paired,1.7469616601172067,0,10
n_tasks,rbf_unpaired,1.5423853586276988,0,10
n_tasks,rbf_combined,1.1457750704043244,0,10
n_tasks,rbf_paired,1.9139169612550866,1,10
n_tasks,rbf_unpaired,1.9911307992179963,1,10
n_tasks,rbf_combined,1.5686852230846178,1,10
n_tasks,rbf_paired,1.6028874491113494,2,10
n_tasks,rbf_unpaired,1.5255758177069463,2,10
n_tasks,rbf_combined,1.0841514845160363,2,10
n_tasks,rbf_paired,1.3388378206085854,3,10
n_tasks,rbf_unpaired,1.4790094244309449,3,10
n_tasks,rbf_combined,1.0143470809065487,3,10
n_tasks,rbf_paired,1.6315472536132303,4,10
n_tasks,rbf_unpaired,1.7039659512086482,4,10
n_tasks,rbf_combined,1.2919041387067591,4,10
n_tasks,rbf_paired,1.9765935312942062,5,10
n_tasks,rbf_unpaired,2.0318943153993496,5,10
n_tasks,rbf_combined,1.4666376662225904,5,10
n_tasks,rbf_paired,1.7340497082776622,6,10
n_tasks,rbf_unpaired,1.7109936402295192,6,10
n_tasks,rbf_combined,1.0609178743290102,6,10
n_tasks,rbf_paired,1.287229399961739,7,10
n_tasks,rbf_unpaired,1.2680497905435983,7,10
n_tasks,rbf_combined,0.9923433574195227,7,10
n_tasks,rbf_paired,1.9208023687071092,8,10
n_tasks,rbf_unpaired,1.8719796465483893,8,10
n_tasks,rbf_combined,1.331396479144785,8,10
n_tasks,rbf_paired,2.1249723784009777,9,10
n_tasks,rbf_unpaired,2.1893125209357165,9,10
n_tasks,rbf_combined,1.6577225004588896,9,10
n_tasks,rbf_paired,1.8920220045925906,10,10
n_tasks,rbf_unpaired,1.915010734899879,10,10
n_tasks,rbf_combined,1.2088549123836592,10,10
n_tasks,rbf_paired,1.5254853606909904,11,10
n_tasks,rbf_unpaired,1.5552695589311316,11,10
n_tasks,rbf_combined,1.091599312835151,11,10
n_tasks,rbf_paired,2.006264509440687,12,10
n_tasks,rbf_unpaired,1.9598292778951876,12,10
n_tasks,rbf_combined,1.5296987413142056,12,10
n_tasks,rbf_paired,2.1075574278501525,13,10
n_tasks,rbf_unpaired,2.2065837533807704,13,10
n_tasks,rbf_combined,1.5834920087366517,13,10
n_tasks,rbf_paired,1.739207037190121,14,10
n_tasks,rbf_unpaired,1.879501327520337,14,10
n_tasks,rbf_combined,1.4206868601487261,14,10
n_tasks,rbf_paired,1.9356719548887371,15,10
n_tasks,rbf_unpaired,2.017991788908321,15,10
n_tasks,rbf_combined,1.350953768829246,15,10
n_tasks,rbf_paired,1.439630568675628,16,10
n_tasks,rbf_unpaired,1.4327063993924705,16,10
n_tasks,rbf_combined,0.9891365089790649,16,10
n_tasks,rbf_paired,1.8460733022395683,17,10
n_tasks,rbf_unpaired,1.8945653578104198,17,10
n_tasks,rbf_combined,1.3449835989368566,17,10
n_tasks,rbf_paired,1.732482132766364,18,10
n_tasks,rbf_unpaired,1.7416519117165024,18,10
n_tasks,rbf_combined,1.2646395449000405,18,10
n_tasks,rbf_paired,1.9005630147915686,19,10
n_tasks,rbf_unpaired,2.0067005418152095,19,10
n_tasks,rbf_combined,1.4511378181022194,19,10
n_tasks,rbf_paired,1.9181750337856647,20,10
n_tasks,rbf_unpaired,1.8685853954955165,20,10
n_tasks,rbf_combined,1.3978560836071403,20,10
n_tasks,rbf_paired,1.7552398428697216,21,10
n_tasks,rbf_unpaired,1.762730683274681,21,10
n_tasks,rbf_combined,1.2545509958400605,21,10
n_tasks,rbf_paired,1.7880321330170208,22,10
n_tasks,rbf_unpaired,1.8163336566841153,22,10
n_tasks,rbf_combined,1.3445392122992808,22,10
n_tasks,rbf_paired,2.180912757661604,23,10
n_tasks,rbf_unpaired,1.9371111572361646,23,10
n_tasks,rbf_combined,1.5802177056367033,23,10
n_tasks,rbf_paired,1.9961366470102078,24,10
n_tasks,rbf_unpaired,1.949911558672936,24,10
n_tasks,rbf_combined,1.4275078340451473,24,10
n_tasks,rbf_paired,1.9544124334855317,25,10
n_tasks,rbf_unpaired,1.972892682223617,25,10
n_tasks,rbf_combined,1.310327049343128,25,10
n_tasks,rbf_paired,1.8379353812909154,26,10
n_tasks,rbf_unpaired,1.656070421717399,26,10
n_tasks,rbf_combined,1.1859421927030553,26,10
n_tasks,rbf_paired,1.5620681056067158,27,10
n_tasks,rbf_unpaired,1.6456083637577015,27,10
n_tasks,rbf_combined,0.9997557353251291,27,10
n_tasks,rbf_paired,1.6365908010632648,28,10
n_tasks,rbf_unpaired,1.6118374096927905,28,10
n_tasks,rbf_combined,1.123509491496163,28,10
n_tasks,rbf_paired,1.7626400014541856,29,10
n_tasks,rbf_unpaired,1.6308649391015875,29,10
n_tasks,rbf_combined,1.415076984493672,29,10
n_tasks,rbf_paired,1.8906285498819082,30,10
n_tasks,rbf_unpaired,1.9800708027294378,30,10
n_tasks,rbf_combined,1.2841291123948246,30,10
n_tasks,rbf_paired,1.838119470325577,31,10
n_tasks,rbf_unpaired,1.6283211990676103,31,10
n_tasks,rbf_combined,1.3224699352474008,31,10
n_tasks,rbf_paired,1.4383921208034829,32,10
n_tasks,rbf_unpaired,1.507597178420688,32,10
n_tasks,rbf_combined,0.944331287547938,32,10
n_tasks,rbf_paired,1.6110171682931471,33,10
n_tasks,rbf_unpaired,1.7023022911567869,33,10
n_tasks,rbf_combined,1.236583690062995,33,10
n_tasks,rbf_paired,2.013257175236769,34,10
n_tasks,rbf_unpaired,2.005079424458717,34,10
n_tasks,rbf_combined,1.6459535539436747,34,10
n_tasks,rbf_paired,1.6133872214611633,35,10
n_tasks,rbf_unpaired,1.6012184605729387,35,10
n_tasks,rbf_combined,1.1129976709652039,35,10
n_tasks,rbf_paired,1.6858275805115093,36,10
n_tasks,rbf_unpaired,1.6756015940392155,36,10
n_tasks,rbf_combined,1.2451804358755227,36,10
n_tasks,rbf_paired,1.5009648733402274,37,10
n_tasks,rbf_unpaired,1.3674057758242817,37,10
n_tasks,rbf_combined,0.9641752374696898,37,10
n_tasks,rbf_paired,1.5395956304742764,38,10
n_tasks,rbf_unpaired,1.5003596524126688,38,10
n_tasks,rbf_combined,1.0365035491241614,38,10
n_tasks,rbf_paired,1.875116878974503,39,10
n_tasks,rbf_unpaired,1.8593666346689277,39,10
n_tasks,rbf_combined,1.4963043782969778,39,10
n_tasks,rbf_paired,1.6524131966115287,40,10
n_tasks,rbf_unpaired,1.854560382452904,40,10
n_tasks,rbf_combined,1.2456229546770206,40,10
n_tasks,rbf_paired,1.823859942392641,41,10
n_tasks,rbf_unpaired,1.8653939332358604,41,10
n_tasks,rbf_combined,1.5186840262257448,41,10
n_tasks,rbf_paired,1.9439051677554067,42,10
n_tasks,rbf_unpaired,2.019782660260137,42,10
n_tasks,rbf_combined,1.4272990591186103,42,10
n_tasks,rbf_paired,1.695814682277937,43,10
n_tasks,rbf_unpaired,1.6929124378481575,43,10
n_tasks,rbf_combined,1.239794351573165,43,10
n_tasks,rbf_paired,1.6995252337980666,44,10
n_tasks,rbf_unpaired,1.6293737773872172,44,10
n_tasks,rbf_combined,1.1581734359332736,44,10
n_tasks,rbf_paired,1.9736302474261982,45,10
n_tasks,rbf_unpaired,2.151099107185279,45,10
n_tasks,rbf_combined,1.4448669383358235,45,10
n_tasks,rbf_paired,1.6433220843696545,46,10
n_tasks,rbf_unpaired,1.7252765923312023,46,10
n_tasks,rbf_combined,1.1794728540343102,46,10
n_tasks,rbf_paired,1.5603062673718961,47,10
n_tasks,rbf_unpaired,1.6134626094907745,47,10
n_tasks,rbf_combined,1.1278659596062552,47,10
n_tasks,rbf_paired,1.7048720748980386,48,10
n_tasks,rbf_unpaired,1.7475993433610817,48,10
n_tasks,rbf_combined,1.1993673932357714,48,10
n_tasks,rbf_paired,1.8581337156027675,49,10
n_tasks,rbf_unpaired,1.890540641487116,49,10
n_tasks,rbf_combined,1.3047187342352673,49,10
n_tasks,rbf_paired,1.563761867838416,0,20
n_tasks,rbf_unpaired,1.130465624394971,0,20
n_tasks,rbf_combined,1.056734149226513,0,20
n_tasks,rbf_paired,1.7014472024595453,1,20
n_tasks,rbf_unpaired,1.3996443440761683,1,20
n_tasks,rbf_combined,1.2156605664215037,1,20
n_tasks,rbf_paired,1.4787889387377597,2,20
n_tasks,rbf_unpaired,1.2375438611526821,2,20
n_tasks,rbf_combined,0.9867724691002476,2,20
n_tasks,rbf_paired,1.4963678078628062,3,20
n_tasks,rbf_unpaired,1.2877258137245993,3,20
n_tasks,rbf_combined,1.036537160426268,3,20
n_tasks,rbf_paired,1.5951832205458343,4,20
n_tasks,rbf_unpaired,1.2721301377110115,4,20
n_tasks,rbf_combined,1.0835408270982045,4,20
n_tasks,rbf_paired,1.5633842338755706,5,20
n_tasks,rbf_unpaired,1.202443970470612,5,20
n_tasks,rbf_combined,1.1392141059356269,5,20
n_tasks,rbf_paired,1.5408947156021013,6,20
n_tasks,rbf_unpaired,1.0322620606403783,6,20
n_tasks,rbf_combined,1.006659745381226,6,20
n_tasks,rbf_paired,1.1974499914939138,7,20
n_tasks,rbf_unpaired,0.9651106170472163,7,20
n_tasks,rbf_combined,0.8724050311037786,7,20
n_tasks,rbf_paired,1.6545901187526508,8,20
n_tasks,rbf_unpaired,1.3145200442033538,8,20
n_tasks,rbf_combined,1.1517870656707236,8,20
n_tasks,rbf_paired,1.6437717138793593,9,20
n_tasks,rbf_unpaired,1.189566982297059,9,20
n_tasks,rbf_combined,1.1394810738973584,9,20
n_tasks,rbf_paired,1.6721472325897817,10,20
n_tasks,rbf_unpaired,1.1597969593338249,10,20
n_tasks,rbf_combined,1.0803997529562728,10,20
n_tasks,rbf_paired,1.4793420351880606,11,20
n_tasks,rbf_unpaired,1.1587081465225828,11,20
n_tasks,rbf_combined,1.0587876062082797,11,20
n_tasks,rbf_paired,1.8039584242576756,12,20
n_tasks,rbf_unpaired,1.4323358219176874,12,20
n_tasks,rbf_combined,1.104505725578943,12,20
n_tasks,rbf_paired,1.900727332936023,13,20
n_tasks,rbf_unpaired,1.5788973174768635,13,20
n_tasks,rbf_combined,1.2553146874149663,13,20
n_tasks,rbf_paired,1.6768648729115514,14,20
n_tasks,rbf_unpaired,1.2387622024502123,14,20
n_tasks,rbf_combined,1.1210090763343985,14,20
n_tasks,rbf_paired,1.4502501471555216,15,20
n_tasks,rbf_unpaired,1.1129255683999577,15,20
n_tasks,rbf_combined,1.0613542507195772,15,20
n_tasks,rbf_paired,1.4516192086893032,16,20
n_tasks,rbf_unpaired,1.0633994191431655,16,20
n_tasks,rbf_combined,1.0146550590151866,16,20
n_tasks,rbf_paired,1.5852223299710115,17,20
n_tasks,rbf_unpaired,1.2613034266621204,17,20
n_tasks,rbf_combined,1.0364928200521188,17,20
n_tasks,rbf_paired,1.7330691274759291,18,20
n_tasks,rbf_unpaired,1.420535614523675,18,20
n_tasks,rbf_combined,1.3527617006192205,18,20
n_tasks,rbf_paired,1.6592033796147507,19,20
n_tasks,rbf_unpaired,1.2558298634849552,19,20
n_tasks,rbf_combined,1.1747169188906499,19,20
n_tasks,rbf_paired,1.5768197876981005,20,20
n_tasks,rbf_unpaired,1.2204408750457132,20,20
n_tasks,rbf_combined,1.1326896992965219,20,20
n_tasks,rbf_paired,1.634295599408244,21,20
n_tasks,rbf_unpaired,1.3164165378950798,21,20
n_tasks,rbf_combined,1.191143755371443,21,20
n_tasks,rbf_paired,1.6593304592191596,22,20
n_tasks,rbf_unpaired,1.4380666539728666,22,20
n_tasks,rbf_combined,1.1878973225287848,22,20
n_tasks,rbf_paired,1.763159093229603,23,20
n_tasks,rbf_unpaired,1.2064269588645145,23,20
n_tasks,rbf_combined,1.0809889782496709,23,20
n_tasks,rbf_paired,1.7054522307826334,24,20
n_tasks,rbf_unpaired,1.2751450027659201,24,20
n_tasks,rbf_combined,1.133430234500857,24,20
n_tasks,rbf_paired,1.7317621059525603,25,20
n_tasks,rbf_unpaired,1.3336425527998632,25,20
n_tasks,rbf_combined,1.2044847148783768,25,20
n_tasks,rbf_paired,1.6579819654040147,26,20
n_tasks,rbf_unpaired,1.3089655361424366,26,20
n_tasks,rbf_combined,1.1713280390310117,26,20
n_tasks,rbf_paired,1.5648801761479918,27,20
n_tasks,rbf_unpaired,1.1667821943521701,27,20
n_tasks,rbf_combined,1.0174219362977328,27,20
n_tasks,rbf_paired,1.6432895073957798,28,20
n_tasks,rbf_unpaired,1.1131560421146762,28,20
n_tasks,rbf_combined,0.9988957150373486,28,20
n_tasks,rbf_paired,1.3354621709098982,29,20
n_tasks,rbf_unpaired,1.1857438328496928,29,20
n_tasks,rbf_combined,1.05147423427513,29,20
n_tasks,rbf_paired,1.6877730447247616,30,20
n_tasks,rbf_unpaired,1.2316796491707094,30,20
n_tasks,rbf_combined,1.1364641304207799,30,20
n_tasks,rbf_paired,1.8498048736509998,31,20
n_tasks,rbf_unpaired,1.433635095993733,31,20
n_tasks,rbf_combined,1.1772455212646642,31,20
n_tasks,rbf_paired,1.4074379082370498,32,20
n_tasks,rbf_unpaired,1.1272213165748193,32,20
n_tasks,rbf_combined,0.9890292550506682,32,20
n_tasks,rbf_paired,1.7397018518185876,33,20
n_tasks,rbf_unpaired,1.4197877972539934,33,20
n_tasks,rbf_combined,1.133267194988232,33,20
n_tasks,rbf_paired,1.501350167769541,34,20
n_tasks,rbf_unpaired,1.239168942546282,34,20
n_tasks,rbf_combined,1.1882729354789079,34,20
n_tasks,rbf_paired,1.6061198030954087,35,20
n_tasks,rbf_unpaired,1.202969414810819,35,20
n_tasks,rbf_combined,1.0978416368884727,35,20
n_tasks,rbf_paired,1.4235868041802864,36,20
n_tasks,rbf_unpaired,0.9800269321972707,36,20
n_tasks,rbf_combined,0.90864302406449,36,20
n_tasks,rbf_paired,1.5401615820275207,37,20
n_tasks,rbf_unpaired,1.2157844161061635,37,20
n_tasks,rbf_combined,1.040122457452237,37,20
n_tasks,rbf_paired,1.3937930579226963,38,20
n_tasks,rbf_unpaired,1.1065079888226699,38,20
n_tasks,rbf_combined,0.955988777760511,38,20
n_tasks,rbf_paired,1.6833101912954778,39,20
n_tasks,rbf_unpaired,1.2356909493346901,39,20
n_tasks,rbf_combined,1.1293895708931205,39,20
n_tasks,rbf_paired,1.7609077912382594,40,20
n_tasks,rbf_unpaired,1.2642036906204128,40,20
n_tasks,rbf_combined,1.1628352225594836,40,20
n_tasks,rbf_paired,1.7974833084685964,41,20
n_tasks,rbf_unpaired,1.368406454581613,41,20
n_tasks,rbf_combined,1.2531674716560113,41,20
n_tasks,rbf_paired,1.599618254705571,42,20
n_tasks,rbf_unpaired,1.2404436962876342,42,20
n_tasks,rbf_combined,1.1390448114397287,42,20
n_tasks,rbf_paired,1.525492980979506,43,20
n_tasks,rbf_unpaired,1.2508986480291553,43,20
n_tasks,rbf_combined,1.0546741994353543,43,20
n_tasks,rbf_paired,1.7219542552075997,44,20
n_tasks,rbf_unpaired,1.246781685672327,44,20
n_tasks,rbf_combined,1.1089433913094464,44,20
n_tasks,rbf_paired,1.9201980160750152,45,20
n_tasks,rbf_unpaired,1.5746910843395274,45,20
n_tasks,rbf_combined,1.4240299659738433,45,20
n_tasks,rbf_paired,1.5379408301457627,46,20
n_tasks,rbf_unpaired,1.1525350168769082,46,20
n_tasks,rbf_combined,1.107478982932987,46,20
n_tasks,rbf_paired,1.3606241682696574,47,20
n_tasks,rbf_unpaired,1.1707178286978792,47,20
n_tasks,rbf_combined,1.0002924234171402,47,20
n_tasks,rbf_paired,1.6763860225948561,48,20
n_tasks,rbf_unpaired,1.3869999710580665,48,20
n_tasks,rbf_combined,1.1682807407330194,48,20
n_tasks,rbf_paired,1.5638722054872503,49,20
n_tasks,rbf_unpaired,1.1822749982037646,49,20
n_tasks,rbf_combined,1.0498100137093627,49,20
n_tasks,rbf_paired,1.2152545492429638,0,30
n_tasks,rbf_unpaired,1.1025925392898206,0,30
n_tasks,rbf_combined,1.0301857848736609,0,30
n_tasks,rbf_paired,1.4695578245703051,1,30
n_tasks,rbf_unpaired,1.2056878347849223,1,30
n_tasks,rbf_combined,1.127216427281193,1,30
n_tasks,rbf_paired,1.3103925481212204,2,30
n_tasks,rbf_unpaired,1.125638368462252,2,30
n_tasks,rbf_combined,1.0468763481920809,2,30
n_tasks,rbf_paired,1.2148258787659676,3,30
n_tasks,rbf_unpaired,1.0842744637538038,3,30
n_tasks,rbf_combined,1.0085711993645403,3,30
n_tasks,rbf_paired,1.3606696879552884,4,30
n_tasks,rbf_unpaired,1.1534959525650759,4,30
n_tasks,rbf_combined,1.0859044229496992,4,30
n_tasks,rbf_paired,1.2901800694563674,5,30
n_tasks,rbf_unpaired,1.2610752799916052,5,30
n_tasks,rbf_combined,1.1698692513067575,5,30
n_tasks,rbf_paired,1.1470637280566585,6,30
n_tasks,rbf_unpaired,0.9390356724831344,6,30
n_tasks,rbf_combined,0.8759636808056182,6,30
n_tasks,rbf_paired,1.0468899491230872,7,30
n_tasks,rbf_unpaired,0.9280069399193244,7,30
n_tasks,rbf_combined,0.8734570914409919,7,30
n_tasks,rbf_paired,1.274469915656013,8,30
n_tasks,rbf_unpaired,1.1137094132022345,8,30
n_tasks,rbf_combined,1.0661904917444525,8,30
n_tasks,rbf_paired,1.2938874463148335,9,30
n_tasks,rbf_unpaired,1.1102272963732702,9,30
n_tasks,rbf_combined,1.0544380474342832,9,30
n_tasks,rbf_paired,1.3866352186543227,10,30
n_tasks,rbf_unpaired,1.0423243832134594,10,30
n_tasks,rbf_combined,0.9808857624685635,10,30
n_tasks,rbf_paired,1.2275660595821278,11,30
n_tasks,rbf_unpaired,1.0701416133651953,11,30
n_tasks,rbf_combined,1.0174456392199638,11,30
n_tasks,rbf_paired,1.509765059369697,12,30
n_tasks,rbf_unpaired,1.142831622368224,12,30
n_tasks,rbf_combined,1.044598747784114,12,30
n_tasks,rbf_paired,1.3621969392493722,13,30
n_tasks,rbf_unpaired,1.1635282124120292,13,30
n_tasks,rbf_combined,1.0905781036212354,13,30
n_tasks,rbf_paired,1.35545968802925,14,30
n_tasks,rbf_unpaired,1.1994645520428047,14,30
n_tasks,rbf_combined,1.1372748770208194,14,30
n_tasks,rbf_paired,1.3445302817404057,15,30
n_tasks,rbf_unpaired,1.145609521931719,15,30
n_tasks,rbf_combined,1.0651439924577393,15,30
n_tasks,rbf_paired,1.2630431290588382,16,30
n_tasks,rbf_unpaired,0.9899711920820251,16,30
n_tasks,rbf_combined,0.9315631262623739,16,30
n_tasks,rbf_paired,1.2009422264207594,17,30
n_tasks,rbf_unpaired,0.9603475390430313,17,30
n_tasks,rbf_combined,0.912553286441706,17,30
n_tasks,rbf_paired,1.3862132210297475,18,30
n_tasks,rbf_unpaired,1.25746965335254,18,30
n_tasks,rbf_combined,1.1606818283706295,18,30
n_tasks,rbf_paired,1.2774958495954714,19,30
n_tasks,rbf_unpaired,1.0946873486712296,19,30
n_tasks,rbf_combined,1.0202888590680559,19,30
n_tasks,rbf_paired,1.259022617202116,20,30
n_tasks,rbf_unpaired,1.1319321567994889,20,30
n_tasks,rbf_combined,1.0576174428322604,20,30
n_tasks,rbf_paired,1.271325727811533,21,30
n_tasks,rbf_unpaired,1.106270929556588,21,30
n_tasks,rbf_combined,1.0293813087094472,21,30
n_tasks,rbf_paired,1.1741483272175606,22,30
n_tasks,rbf_unpaired,1.1188329123909637,22,30
n_tasks,rbf_combined,1.0479780179668354,22,30
n_tasks,rbf_paired,1.1860171724673387,23,30
n_tasks,rbf_unpaired,1.0562517472840012,23,30
n_tasks,rbf_combined,0.9777172970125946,23,30
n_tasks,rbf_paired,1.3120538642318813,24,30
n_tasks,rbf_unpaired,1.0645797553591334,24,30
n_tasks,rbf_combined,0.9703095717992258,24,30
n_tasks,rbf_paired,1.290547407115316,25,30
n_tasks,rbf_unpaired,1.1987838478044166,25,30
n_tasks,rbf_combined,1.1216830621922693,25,30
n_tasks,rbf_paired,1.5755615869611648,26,30
n_tasks,rbf_unpaired,1.3013082923130947,26,30
n_tasks,rbf_combined,1.2223130399774071,26,30
n_tasks,rbf_paired,1.2431872380378857,27,30
n_tasks,rbf_unpaired,1.1609752090982657,27,30
n_tasks,rbf_combined,1.0547285894283744,27,30
n_tasks,rbf_paired,1.3854896877364375,28,30
n_tasks,rbf_unpaired,1.1973818073914897,28,30
n_tasks,rbf_combined,1.1141643722069683,28,30
n_tasks,rbf_paired,1.2455783020493674,29,30
n_tasks,rbf_unpaired,1.0464021071001999,29,30
n_tasks,rbf_combined,0.9908966405707629,29,30
n_tasks,rbf_paired,1.5080764425387974,30,30
n_tasks,rbf_unpaired,1.0634206823984607,30,30
n_tasks,rbf_combined,0.9865330544860986,30,30
n_tasks,rbf_paired,1.587947928712056,31,30
n_tasks,rbf_unpaired,1.179561840241701,31,30
n_tasks,rbf_combined,1.1046016414584832,31,30
n_tasks,rbf_paired,1.1128932405276115,32,30
n_tasks,rbf_unpaired,1.0106324564829419,32,30
n_tasks,rbf_combined,0.951130659712222,32,30
n_tasks,rbf_paired,1.4421842742798614,33,30
n_tasks,rbf_unpaired,1.182025793744372,33,30
n_tasks,rbf_combined,1.1046262694151767,33,30
n_tasks,rbf_paired,1.1138603048575906,34,30
n_tasks,rbf_unpaired,1.1379957777223466,34,30
n_tasks,rbf_combined,1.0582543680816405,34,30
n_tasks,rbf_paired,1.2083712387657086,35,30
n_tasks,rbf_unpaired,1.1171808132579544,35,30
n_tasks,rbf_combined,1.0296569222455876,35,30
n_tasks,rbf_paired,1.1334733932169219,36,30
n_tasks,rbf_unpaired,1.0054872632325047,36,30
n_tasks,rbf_combined,0.935734992786734,36,30
n_tasks,rbf_paired,1.2324080546598715,37,30
n_tasks,rbf_unpaired,1.0770485559893752,37,30
n_tasks,rbf_combined,1.0132234984153978,37,30
n_tasks,rbf_paired,0.9661236149724763,38,30
n_tasks,rbf_unpaired,0.8709976697826638,38,30
n_tasks,rbf_combined,0.8323707245668923,38,30
n_tasks,rbf_paired,1.2522018367335805,39,30
n_tasks,rbf_unpaired,1.1581594045607966,39,30
n_tasks,rbf_combined,1.0852449229859884,39,30
n_tasks,rbf_paired,1.3626068573656656,40,30
n_tasks,rbf_unpaired,1.1868744095938257,40,30
n_tasks,rbf_combined,1.1189960649527206,40,30
n_tasks,rbf_paired,1.2817093199146032,41,30
n_tasks,rbf_unpaired,1.2218056376446977,41,30
n_tasks,rbf_combined,1.0999781358844947,41,30
n_tasks,rbf_paired,1.1369759530486727,42,30
n_tasks,rbf_unpaired,1.1015945181913913,42,30
n_tasks,rbf_combined,1.0406963140341223,42,30
n_tasks,rbf_paired,1.3235594441250638,43,30
n_tasks,rbf_unpaired,1.1575176863601144,43,30
n_tasks,rbf_combined,1.0852309034706686,43,30
n_tasks,rbf_paired,1.3396367634727553,44,30
n_tasks,rbf_unpaired,1.0649609695907825,44,30
n_tasks,rbf_combined,1.013854719781806,44,30
n_tasks,rbf_paired,1.5534469631189722,45,30
n_tasks,rbf_unpaired,1.2667755486846894,45,30
n_tasks,rbf_combined,1.177354282887123,45,30
n_tasks,rbf_paired,1.3823074255322412,46,30
n_tasks,rbf_unpaired,1.1110683374383123,46,30
n_tasks,rbf_combined,1.0479622578501442,46,30
n_tasks,rbf_paired,1.2139413970244421,47,30
n_tasks,rbf_unpaired,1.008801265887814,47,30
n_tasks,rbf_combined,0.9494703074493096,47,30
n_tasks,rbf_paired,1.1639687108203762,48,30
n_tasks,rbf_unpaired,1.087098835557225,48,30
n_tasks,rbf_combined,1.030670270114056,48,30
n_tasks,rbf_paired,1.4159658753030342,49,30
n_tasks,rbf_unpaired,1.1600684455671844,49,30
n_tasks,rbf_combined,1.0588715789551413,49,30
n_tasks,rbf_paired,1.0702959220512254,0,40
n_tasks,rbf_unpaired,1.059563368224004,0,40
n_tasks,rbf_combined,0.9950468081452859,0,40
n_tasks,rbf_paired,1.4072126187884637,1,40
n_tasks,rbf_unpaired,1.1789501884484754,1,40
n_tasks,rbf_combined,1.1099565594718306,1,40
n_tasks,rbf_paired,1.1704456974335562,2,40
n_tasks,rbf_unpaired,1.0546716999846315,2,40
n_tasks,rbf_combined,1.0104773790691006,2,40
n_tasks,rbf_paired,0.9874114808936958,3,40
n_tasks,rbf_unpaired,1.025549572602207,3,40
n_tasks,rbf_combined,0.9640287370389372,3,40
n_tasks,rbf_paired,1.2142867963640565,4,40
n_tasks,rbf_unpaired,1.1693302914861299,4,40
n_tasks,rbf_combined,1.1119275640217507,4,40
n_tasks,rbf_paired,1.187191634153417,5,40
n_tasks,rbf_unpaired,1.190845814415591,5,40
n_tasks,rbf_combined,1.126275774432699,5,40
n_tasks,rbf_paired,0.9270625039330471,6,40
n_tasks,rbf_unpaired,0.9457882136978525,6,40
n_tasks,rbf_combined,0.8936672744655314,6,40
n_tasks,rbf_paired,0.9760904459576707,7,40
n_tasks,rbf_unpaired,0.9558137652125542,7,40
n_tasks,rbf_combined,0.9184390941087666,7,40
n_tasks,rbf_paired,1.2148451125877566,8,40
n_tasks,rbf_unpaired,1.1034372382366893,8,40
n_tasks,rbf_combined,1.0279308008212453,8,40
n_tasks,rbf_paired,1.0446025883790475,9,40
n_tasks,rbf_unpaired,1.033466891738562,9,40
n_tasks,rbf_combined,0.9826198290883212,9,40
n_tasks,rbf_paired,1.0335307104799012,10,40
n_tasks,rbf_unpaired,1.033321929697953,10,40
n_tasks,rbf_combined,0.9962144448773523,10,40
n_tasks,rbf_paired,1.1688657071297606,11,40
n_tasks,rbf_unpaired,1.1350579776112988,11,40
n_tasks,rbf_combined,1.0610904833912342,11,40
n_tasks,rbf_paired,1.1081223532966393,12,40
n_tasks,rbf_unpaired,1.0926871999277596,12,40
n_tasks,rbf_combined,1.0371954271575434,12,40
n_tasks,rbf_paired,1.1374026121024186,13,40
n_tasks,rbf_unpaired,1.0793399625295104,13,40
n_tasks,rbf_combined,1.0299325909372608,13,40
n_tasks,rbf_paired,1.055083352825417,14,40
n_tasks,rbf_unpaired,1.180727058970707,14,40
n_tasks,rbf_combined,1.1111392753916582,14,40
n_tasks,rbf_paired,0.9845862005614537,15,40
n_tasks,rbf_unpaired,1.078120687091141,15,40
n_tasks,rbf_combined,1.000169043421591,15,40
n_tasks,rbf_paired,1.1409154777986557,16,40
n_tasks,rbf_unpaired,1.0236453764665385,16,40
n_tasks,rbf_combined,0.986229440790343,16,40
n_tasks,rbf_paired,0.9854998710202164,17,40
n_tasks,rbf_unpaired,0.9458693329769357,17,40
n_tasks,rbf_combined,0.8947828981481296,17,40
n_tasks,rbf_paired,1.1139271928270076,18,40
n_tasks,rbf_unpaired,1.0797517489012847,18,40
n_tasks,rbf_combined,1.0408525258965209,18,40
n_tasks,rbf_paired,1.0260980150807228,19,40
n_tasks,rbf_unpaired,1.0753111395647206,19,40
n_tasks,rbf_combined,1.01707839695123,19,40
n_tasks,rbf_paired,1.2597293311081548,20,40
n_tasks,rbf_unpaired,1.1267314719747696,20,40
n_tasks,rbf_combined,1.0906513915124176,20,40
n_tasks,rbf_paired,1.0016214383880537,21,40
n_tasks,rbf_unpaired,1.0634317279262167,21,40
n_tasks,rbf_combined,1.001319325609902,21,40
n_tasks,rbf_paired,1.310251092949861,22,40
n_tasks,rbf_unpaired,1.1945794564918468,22,40
n_tasks,rbf_combined,1.148374462205159,22,40
n_tasks,rbf_paired,1.1914145203132636,23,40
n_tasks,rbf_unpaired,1.055604887307816,23,40
n_tasks,rbf_combined,0.9963194989260826,23,40
n_tasks,rbf_paired,1.199267944183234,24,40
n_tasks,rbf_unpaired,1.0775471909662486,24,40
n_tasks,rbf_combined,1.0079867641971565,24,40
n_tasks,rbf_paired,1.0565641915939334,25,40
n_tasks,rbf_unpaired,1.1577244554215136,25,40
n_tasks,rbf_combined,1.1024166629243417,25,40
n_tasks,rbf_paired,1.3135346315047782,26,40
n_tasks,rbf_unpaired,1.3009912674834037,26,40
n_tasks,rbf_combined,1.234485942135504,26,40
n_tasks,rbf_paired,1.0596773022982506,27,40
n_tasks,rbf_unpaired,1.1646492939604687,27,40
n_tasks,rbf_combined,1.0781367389934935,27,40
n_tasks,rbf_paired,1.2519272841413238,28,40
n_tasks,rbf_unpaired,1.1034293071282981,28,40
n_tasks,rbf_combined,1.0492617348133835,28,40
n_tasks,rbf_paired,1.0362835588454673,29,40
n_tasks,rbf_unpaired,1.0709325010663904,29,40
n_tasks,rbf_combined,1.016267436371757,29,40
n_tasks,rbf_paired,1.2949838007131422,30,40
n_tasks,rbf_unpaired,1.1015643629749634,30,40
n_tasks,rbf_combined,1.0358864760711322,30,40
n_tasks,rbf_paired,1.3410892309263325,31,40
n_tasks,rbf_unpaired,1.1473708467873744,31,40
n_tasks,rbf_combined,1.098177858732705,31,40
n_tasks,rbf_paired,1.2123637314657245,32,40
n_tasks,rbf_unpaired,1.0184657510997535,32,40
n_tasks,rbf_combined,0.9609512434980122,32,40
n_tasks,rbf_paired,1.0042254375620172,33,40
n_tasks,rbf_unpaired,1.2113850480261168,33,40
n_tasks,rbf_combined,1.0967182686954349,33,40
n_tasks,rbf_paired,0.9678032931537621,34,40
n_tasks,rbf_unpaired,1.0753106029450374,34,40
n_tasks,rbf_combined,1.0027993299475075,34,40
n_tasks,rbf_paired,0.9025155024685132,35,40
n_tasks,rbf_unpaired,0.9756668823330231,35,40
n_tasks,rbf_combined,0.931311820420701,35,40
n_tasks,rbf_paired,0.9094833631487689,36,40
n_tasks,rbf_unpaired,0.9326822656581899,36,40
n_tasks,rbf_combined,0.878463042261809,36,40
n_tasks,rbf_paired,1.1533722502214505,37,40
n_tasks,rbf_unpaired,1.0431458451660034,37,40
n_tasks,rbf_combined,0.9976837475688943,37,40
n_tasks,rbf_paired,0.9016433736921096,38,40
n_tasks,rbf_unpaired,0.9278174339909596,38,40
n_tasks,rbf_combined,0.8749728252181356,38,40
n_tasks,rbf_paired,1.143716377346743,39,40
n_tasks,rbf_unpaired,1.1205022575202217,39,40
n_tasks,rbf_combined,1.0488161864490768,39,40
n_tasks,rbf_paired,1.1489620100610902,40,40
n_tasks,rbf_unpaired,1.1628616887737668,40,40
n_tasks,rbf_combined,1.113584820602765,40,40
n_tasks,rbf_paired,1.1494253885062398,41,40
n_tasks,rbf_unpaired,1.1134687697421357,41,40
n_tasks,rbf_combined,1.0459494446139352,41,40
n_tasks,rbf_paired,1.1255537039928412,42,40
n_tasks,rbf_unpaired,1.1101006708632353,42,40
n_tasks,rbf_combined,1.034430683942559,42,40
n_tasks,rbf_paired,1.085750058993977,43,40
n_tasks,rbf_unpaired,1.213079116547109,43,40
n_tasks,rbf_combined,1.1240503060693803,43,40
n_tasks,rbf_paired,1.074264216938198,44,40
n_tasks,rbf_unpaired,1.1085940803675634,44,40
n_tasks,rbf_combined,1.0455061838053812,44,40
n_tasks,rbf_paired,1.2972247436666884,45,40
n_tasks,rbf_unpaired,1.215544821782702,45,40
n_tasks,rbf_combined,1.1421108342653472,45,40
n_tasks,rbf_paired,1.0733354320585184,46,40
n_tasks,rbf_unpaired,1.0941218720653465,46,40
n_tasks,rbf_combined,1.0280331755528667,46,40
n_tasks,rbf_paired,1.0781272439863872,47,40
n_tasks,rbf_unpaired,1.0183082296569101,47,40
n_tasks,rbf_combined,0.9720179048462863,47,40
n_tasks,rbf_paired,1.029551645373484,48,40
n_tasks,rbf_unpaired,1.0493735150072014,48,40
n_tasks,rbf_combined,1.002100499300392,48,40
n_tasks,rbf_paired,1.1202772397436478,49,40
n_tasks,rbf_unpaired,1.1159722829915035,49,40
n_tasks,rbf_combined,1.0371719198594362,49,40
n_tasks,rbf_paired,0.9218836575856935,0,50
n_tasks,rbf_unpaired,1.0106967750368976,0,50
n_tasks,rbf_combined,0.9617282312338606,0,50
n_tasks,rbf_paired,1.2613055077666222,1,50
n_tasks,rbf_unpaired,1.145564520398131,1,50
n_tasks,rbf_combined,1.0801163180815307,1,50
n_tasks,rbf_paired,0.9952861616903798,2,50
n_tasks,rbf_unpaired,1.0757582733204312,2,50
n_tasks,rbf_combined,1.0244142481701801,2,50
n_tasks,rbf_paired,1.010297109471289,3,50
n_tasks,rbf_unpaired,1.0501842401139885,3,50
n_tasks,rbf_combined,1.0057239084691976,3,50
n_tasks,rbf_paired,1.083234104567776,4,50
n_tasks,rbf_unpaired,1.1469444902049533,4,50
n_tasks,rbf_combined,1.0970540001943994,4,50
n_tasks,rbf_paired,1.0042921750792844,5,50
n_tasks,rbf_unpaired,1.0823171135656597,5,50
n_tasks,rbf_combined,1.0242888230093223,5,50
n_tasks,rbf_paired,0.9057268441437276,6,50
n_tasks,rbf_unpaired,0.9320648964257382,6,50
n_tasks,rbf_combined,0.8902727424559556,6,50
n_tasks,rbf_paired,0.8792928111203877,7,50
n_tasks,rbf_unpaired,0.9661895360823374,7,50
n_tasks,rbf_combined,0.9285947265482729,7,50
n_tasks,rbf_paired,1.051022497601274,8,50
n_tasks,rbf_unpaired,1.1570832811928413,8,50
n_tasks,rbf_combined,1.092430487602662,8,50
n_tasks,rbf_paired,0.9532841842203739,9,50
n_tasks,rbf_unpaired,1.0014931597197503,9,50
n_tasks,rbf_combined,0.9638882344380802,9,50
n_tasks,rbf_paired,0.9975880672445872,10,50
n_tasks,rbf_unpaired,1.0330532796926735,10,50
n_tasks,rbf_combined,0.9791206740411947,10,50
n_tasks,rbf_paired,0.9619898446880611,11,50
n_tasks,rbf_unpaired,1.0334845415143104,11,50
n_tasks,rbf_combined,0.9774137059588771,11,50
n_tasks,rbf_paired,1.1757578501637733,12,50
n_tasks,rbf_unpaired,1.0860787517577415,12,50
n_tasks,rbf_combined,1.0341131718743835,12,50
n_tasks,rbf_paired,1.0298437063508374,13,50
n_tasks,rbf_unpaired,1.0528383135671369,13,50
n_tasks,rbf_combined,0.9999467000640333,13,50
n_tasks,rbf_paired,0.9702871809013998,14,50
n_tasks,rbf_unpaired,1.0825738648186891,14,50
n_tasks,rbf_combined,1.029223772028209,14,50
n_tasks,rbf_paired,0.9068798774627597,15,50
n_tasks,rbf_unpaired,0.9629459455392829,15,50
n_tasks,rbf_combined,0.9160315553147264,15,50
n_tasks,rbf_paired,0.9840890146568056,16,50
n_tasks,rbf_unpaired,1.0144956161329748,16,50
n_tasks,rbf_combined,0.9775572730440518,16,50
n_tasks,rbf_paired,0.9634169222169592,17,50
n_tasks,rbf_unpaired,1.0432337618231002,17,50
n_tasks,rbf_combined,0.9927775846356762,17,50
n_tasks,rbf_paired,1.0082401004656198,18,50
n_tasks,rbf_unpaired,1.0670405341295357,18,50
n_tasks,rbf_combined,1.0236083231010809,18,50
n_tasks,rbf_paired,0.9839166849250109,19,50
n_tasks,rbf_unpaired,1.0415456958255411,19,50
n_tasks,rbf_combined,0.9828298574749675,19,50
n_tasks,rbf_paired,1.147983010566271,20,50
n_tasks,rbf_unpaired,1.1246884501651186,20,50
n_tasks,rbf_combined,1.0688322121001022,20,50
n_tasks,rbf_paired,0.9494018167835787,21,50
n_tasks,rbf_unpaired,1.0536568031550222,21,50
n_tasks,rbf_combined,0.9922209026350183,21,50
n_tasks,rbf_paired,1.0113864876497614,22,50
n_tasks,rbf_unpaired,1.1140329806143252,22,50
n_tasks,rbf_combined,1.0490918553329562,22,50
n_tasks,rbf_paired,1.0586203781538452,23,50
n_tasks,rbf_unpaired,1.0991419521675763,23,50
n_tasks,rbf_combined,1.058705738182932,23,50
n_tasks,rbf_paired,0.944862477545332,24,50
n_tasks,rbf_unpaired,0.9832475654003413,24,50
n_tasks,rbf_combined,0.9495173069048711,24,50
n_tasks,rbf_paired,0.9815249102412098,25,50
n_tasks,rbf_unpaired,1.0462873093113207,25,50
n_tasks,rbf_combined,1.0000082022863432,25,50
n_tasks,rbf_paired,1.2925837907492264,26,50
n_tasks,rbf_unpaired,1.2504886440699947,26,50
n_tasks,rbf_combined,1.1875746021739622,26,50
n_tasks,rbf_paired,1.0214818802493508,27,50
n_tasks,rbf_unpaired,1.0921891004210826,27,50
n_tasks,rbf_combined,1.0431502034577247,27,50
n_tasks,rbf_paired,1.0847804504831515,28,50
n_tasks,rbf_unpaired,1.12910070180734,28,50
n_tasks,rbf_combined,1.0805433696252746,28,50
n_tasks,rbf_paired,1.0681579750699741,29,50
n_tasks,rbf_unpaired,1.1367703709009473,29,50
n_tasks,rbf_combined,1.0872837509272189,29,50
n_tasks,rbf_paired,1.1532319957911494,30,50
n_tasks,rbf_unpaired,1.1111755704845558,30,50
n_tasks,rbf_combined,1.065800056844434,30,50
n_tasks,rbf_paired,1.1120548959073706,31,50
n_tasks,rbf_unpaired,1.139846832533168,31,50
n_tasks,rbf_combined,1.0799199688099812,31,50
n_tasks,rbf_paired,1.091240745313946,32,50
n_tasks,rbf_unpaired,0.9883712109659588,32,50
n_tasks,rbf_combined,0.9496132331946776,32,50
n_tasks,rbf_paired,0.9890431995895534,33,50
n_tasks,rbf_unpaired,1.1346704482182541,33,50
n_tasks,rbf_combined,1.0528309149507566,33,50
n_tasks,rbf_paired,0.9380178653627309,34,50
n_tasks,rbf_unpaired,0.9913023868314048,34,50
n_tasks,rbf_combined,0.9504067552114431,34,50
n_tasks,rbf_paired,0.9249561494688837,35,50
n_tasks,rbf_unpaired,0.9773356198171091,35,50
n_tasks,rbf_combined,0.935559987795021,35,50
n_tasks,rbf_paired,0.8265364642347768,36,50
n_tasks,rbf_unpaired,0.888445265062949,36,50
n_tasks,rbf_combined,0.8444689602412819,36,50
n_tasks,rbf_paired,1.1042058059429325,37,50
n_tasks,rbf_unpaired,1.0153349683569848,37,50
n_tasks,rbf_combined,0.9593973574171661,37,50
n_tasks,rbf_paired,0.857484875596275,38,50
n_tasks,rbf_unpaired,0.9298895966852289,38,50
n_tasks,rbf_combined,0.8925480720319389,38,50
n_tasks,rbf_paired,1.012469221275141,39,50
n_tasks,rbf_unpaired,1.0933840286451793,39,50
n_tasks,rbf_combined,1.035932507289807,39,50
n_tasks,rbf_paired,1.0609064820493561,40,50
n_tasks,rbf_unpaired,1.1196663400174636,40,50
n_tasks,rbf_combined,1.0672035895551577,40,50
n_tasks,rbf_paired,1.205722481385824,41,50
n_tasks,rbf_unpaired,1.226904263000514,41,50
n_tasks,rbf_combined,1.154413397171155,41,50
n_tasks,rbf_paired,1.021907490832196,42,50
n_tasks,rbf_unpaired,1.1121595185226494,42,50
n_tasks,rbf_combined,1.0529013271399899,42,50
n_tasks,rbf_paired,1.0772868907548474,43,50
n_tasks,rbf_unpaired,1.1550442075630467,43,50
n_tasks,rbf_combined,1.1090493150253444,43,50
n_tasks,rbf_paired,1.0007362180978323,44,50
n_tasks,rbf_unpaired,1.110202785380662,44,50
n_tasks,rbf_combined,1.0470074392418942,44,50
n_tasks,rbf_paired,1.1223289032636563,45,50
n_tasks,rbf_unpaired,1.201805783333146,45,50
n_tasks,rbf_combined,1.1494617958660092,45,50
n_tasks,rbf_paired,1.0048760926681142,46,50
n_tasks,rbf_unpaired,1.0397726555510964,46,50
n_tasks,rbf_combined,0.994129713513599,46,50
n_tasks,rbf_paired,0.9463582114862094,47,50
n_tasks,rbf_unpaired,1.0122019231544757,47,50
n_tasks,rbf_combined,0.9749581856599312,47,50
n_tasks,rbf_paired,1.007732802652877,48,50
n_tasks,rbf_unpaired,1.0092960750563051,48,50
n_tasks,rbf_combined,0.9669717072739971,48,50
n_tasks,rbf_paired,1.0562129039574477,49,50
n_tasks,rbf_unpaired,1.1180460797921374,49,50
n_tasks,rbf_combined,1.0782401868078193,49,50
