experiment,estimator,seed,response_noise,n_queries_per_task,rmse
noise_x_queries,nq=3,0,0.1,3,1.457676916346003
noise_x_queries,nq=3,1,0.1,3,1.6564198374222
noise_x_queries,nq=3,2,0.1,3,1.3266118756503629
noise_x_queries,nq=3,3,0.1,3,1.4883899828806253
noise_x_queries,nq=3,4,0.1,3,1.5264367558113483
noise_x_queries,nq=3,5,0.1,3,1.587343371112014
noise_x_queries,nq=3,6,0.1,3,1.4521272912557934
noise_x_queries,nq=3,7,0.1,3,1.2490201441198947
noise_x_queries,nq=3,8,0.1,3,1.598007151017274
noise_x_queries,nq=3,9,0.1,3,1.5430204822996552
noise_x_queries,nq=3,10,0.1,3,1.5115663270504855
noise_x_queries,nq=3,11,0.1,3,1.4894353240466052
noise_x_queries,nq=3,12,0.1,3,1.5505818612546935
noise_x_queries,nq=3,13,0.1,3,1.7595400321047625
noise_x_queries,nq=3,14,0.1,3,1.5244974236571338
noise_x_queries,nq=3,15,0.1,3,1.437933509293516
noise_x_queries,nq=3,16,0.1,3,1.406276905721898
noise_x_queries,nq=3,17,0.1,3,1.4495749007284056
noise_x_queries,nq=3,18,0.1,3,1.8640037391104205
noise_x_queries,nq=3,19,0.1,3,1.6521939433054076
noise_x_queries,nq=3,20,0.1,3,1.5395728051198934
noise_x_queries,nq=3,21,0.1,3,1.6490823016222431
noise_x_queries,nq=3,22,0.1,3,1.6520118366275165
noise_x_queries,nq=3,23,0.1,3,1.4868032275334804
noise_x_queries,nq=3,24,0.1,3,1.5892516184813652
noise_x_queries,nq=3,25,0.1,3,1.6579037116223265
noise_x_queries,nq=3,26,0.1,3,1.6036216084104058
noise_x_queries,nq=3,27,0.1,3,1.4431211192359021
noise_x_queries,nq=3,28,0.1,3,1.3657532635714429
noise_x_queries,nq=3,29,0.1,3,1.458889057246682
noise_x_queries,nq=3,30,0.1,3,1.5890872369875573
noise_x_queries,nq=3,31,0.1,3,1.6715071956315657
noise_x_queries,nq=3,32,0.1,3,1.366954837758239
noise_x_queries,nq=3,33,0.1,3,1.5268234683947586
noise_x_queries,nq=3,34,0.1,3,1.628619610305376
noise_x_queries,nq=3,35,0.1,3,1.461476594347125
noise_x_queries,nq=3,36,0.1,3,1.2752911202897832
noise_x_queries,nq=3,37,0.1,3,1.5050839269427745
noise_x_queries,nq=3,38,0.1,3,1.3655591025946692
noise_x_queries,nq=3,39,0.1,3,1.5927790950661491
noise_x_queries,nq=3,40,0.1,3,1.6292997534643208
noise_x_queries,nq=3,41,0.1,3,1.7085336152197357
noise_x_queries,nq=3,42,0.1,3,1.6006431233936165
noise_x_queries,nq=3,43,0.1,3,1.4686084678453224
noise_x_queries,nq=3,44,0.1,3,1.5300565031387343
noise_x_queries,nq=3,45,0.1,3,1.9583876462259548
noise_x_queries,nq=3,46,0.1,3,1.5294685892102862
noise_x_queries,nq=3,47,0.1,3,1.3634945487510446
noise_x_queries,nq=3,48,0.1,3,1.569457175976855
noise_x_queries,nq=3,49,0.1,3,1.4077152420943937
noise_x_queries,nq=10,0,0.1,10,1.4439009101128673
noise_x_queries,nq=10,1,0.1,10,1.6827559221554569
noise_x_queries,nq=10,2,0.1,10,1.3337192649948244
noise_x_queries,nq=10,3,0.1,10,1.4920856225985946
noise_x_queries,nq=10,4,0.1,10,1.516293583568488
noise_x_queries,nq=10,5,0.1,10,1.562433887334006
noise_x_queries,nq=10,6,0.1,10,1.4507547966617111
noise_x_queries,nq=10,7,0.1,10,1.2190519251987744
noise_x_queries,nq=10,8,0.1,10,1.607189922012412
noise_x_queries,nq=10,9,0.1,10,1.530287026089425
noise_x_queries,nq=10,10,0.1,10,1.493805432151102
noise_x_queries,nq=10,11,0.1,10,1.4626339155883208
noise_x_queries,nq=10,12,0.1,10,1.529890033307978
noise_x_queries,nq=10,13,0.1,10,1.7619822897612039
noise_x_queries,nq=10,14,0.1,10,1.5602559647930834
noise_x_queries,nq=10,15,0.1,10,1.4441222873100619
noise_x_queries,nq=10,16,0.1,10,1.393223504476497
noise_x_queries,nq=10,17,0.1,10,1.4389190303584498
noise_x_queries,nq=10,18,0.1,10,1.8695569171948316
noise_x_queries,nq=10,19,0.1,10,1.6380213393193834
noise_x_queries,nq=10,20,0.1,10,1.567200206733698
noise_x_queries,nq=10,21,0.1,10,1.62417697249593
noise_x_queries,nq=10,22,0.1,10,1.6406088851760934
noise_x_queries,nq=10,23,0.1,10,1.4701195684358241
noise_x_queries,nq=10,24,0.1,10,1.5663711867652923
noise_x_queries,nq=10,25,0.1,10,1.6605662083448403
noise_x_queries,nq=10,26,0.1,10,1.6026042222668682
noise_x_queries,nq=10,27,0.1,10,1.4400351437651164
noise_x_queries,nq=10,28,0.1,10,1.3534748019442948
noise_x_queries,nq=10,29,0.1,10,1.4602656134409018
noise_x_queries,nq=10,30,0.1,10,1.5814950653578594
noise_x_queries,nq=10,31,0.1,10,1.6660178888850397
noise_x_queries,nq=10,32,0.1,10,1.3577389393764572
noise_x_queries,nq=10,33,0.1,10,1.5227698806294268
noise_x_queries,nq=10,34,0.1,10,1.6165926210190948
noise_x_queries,nq=10,35,0.1,10,1.4651946842553034
noise_x_queries,nq=10,36,0.1,10,1.2551192867325236
noise_x_queries,nq=10,37,0.1,10,1.4882181969868191
noise_x_queries,nq=10,38,0.1,10,1.3860808997798444
noise_x_queries,nq=10,39,0.1,10,1.6050415697573548
noise_x_queries,nq=10,40,0.1,10,1.6191282885288092
noise_x_queries,nq=10,41,0.1,10,1.7089291557827204
noise_x_queries,nq=10,42,0.1,10,1.5865728167668158
noise_x_queries,nq=10,43,0.1,10,1.4744671406584948
noise_x_queries,nq=10,44,0.1,10,1.5278724375844779
noise_x_queries,nq=10,45,0.1,10,1.9714043051290182
noise_x_queries,nq=10,46,0.1,10,1.512447220496889
noise_x_queries,nq=10,47,0.1,10,1.3449127052882255
noise_x_queries,nq=10,48,0.1,10,1.578398138457621
noise_x_queries,nq=10,49,0.1,10,1.4149875582489688
noise_x_queries,nq=50,0,0.1,50,1.437890349654697
noise_x_queries,nq=50,1,0.1,50,1.6715024418465094
noise_x_queries,nq=50,2,0.1,50,1.3388589964867272
noise_x_queries,nq=50,3,0.1,50,1.476486966836247
noise_x_queries,nq=50,4,0.1,50,1.4987033201114908
noise_x_queries,nq=50,5,0.1,50,1.5838600028234002
noise_x_queries,nq=50,6,0.1,50,1.4250581039676027
noise_x_queries,nq=50,7,0.1,50,1.2224984996692414
noise_x_queries,nq=50,8,0.1,50,1.602485216522986
noise_x_queries,nq=50,9,0.1,50,1.517249550352987
noise_x_queries,nq=50,10,0.1,50,1.5089592481827254
noise_x_queries,nq=50,11,0.1,50,1.4730506208759115
noise_x_queries,nq=50,12,0.1,50,1.5156929536333945
noise_x_queries,nq=50,13,0.1,50,1.7602636136759162
noise_x_queries,nq=50,14,0.1,50,1.5449595742850333
noise_x_queries,nq=50,15,0.1,50,1.4463599468810295
noise_x_queries,nq=50,16,0.1,50,1.3651425271599975
noise_x_queries,nq=50,17,0.1,50,1.4338067013757718
noise_x_queries,nq=50,18,0.1,50,1.8583887052980594
noise_x_queries,nq=50,19,0.1,50,1.6274635903698436
noise_x_queries,nq=50,20,0.1,50,1.5544603876238787
noise_x_queries,nq=50,21,0.1,50,1.6218979449008502
noise_x_queries,nq=50,22,0.1,50,1.65184137787796
noise_x_queries,nq=50,23,0.1,50,1.4616760695041482
noise_x_queries,nq=50,24,0.1,50,1.5660356514115523
noise_x_queries,nq=50,25,0.1,50,1.6545049675373578
noise_x_queries,nq=50,26,0.1,50,1.6051059030873547
noise_x_queries,nq=50,27,0.1,50,1.4292650266611684
noise_x_queries,nq=50,28,0.1,50,1.3426627467570167
noise_x_queries,nq=50,29,0.1,50,1.4640785695472527
noise_x_queries,nq=50,30,0.1,50,1.5633289013251506
noise_x_queries,nq=50,31,0.1,50,1.653533284429747
noise_x_queries,nq=50,32,0.1,50,1.3446722506524977
noise_x_queries,nq=50,33,0.1,50,1.5184383997181694
noise_x_queries,nq=50,34,0.1,50,1.606719669358835
noise_x_queries,nq=50,35,0.1,50,1.465039110429072
noise_x_queries,nq=50,36,0.1,50,1.2610627689272909
noise_x_queries,nq=50,37,0.1,50,1.484421453171009
noise_x_queries,nq=50,38,0.1,50,1.3679902118276357
noise_x_queries,nq=50,39,0.1,50,1.5913117172833753
noise_x_queries,nq=50,40,0.1,50,1.6303685950686904
noise_x_queries,nq=50,41,0.1,50,1.7102993279760206
noise_x_queries,nq=50,42,0.1,50,1.5895713074051139
noise_x_queries,nq=50,43,0.1,50,1.4782561518912465
noise_x_queries,nq=50,44,0.1,50,1.5259460147845378
noise_x_queries,nq=50,45,0.1,50,1.9593663927616345
noise_x_queries,nq=50,46,0.1,50,1.5113352833778364
noise_x_queries,nq=50,47,0.1,50,1.347398094301379
noise_x_queries,nq=50,48,0.1,50,1.5678587893689364
noise_x_queries,nq=50,49,0.1,50,1.4030496053096058
noise_x_queries,nq=3,0,0.5,3,1.4717492525707856
noise_x_queries,nq=3,1,0.5,3,1.6573344335260893
noise_x_queries,nq=3,2,0.5,3,1.3598687557395226
noise_x_queries,nq=3,3,0.5,3,1.5002027138912757
noise_x_queries,nq=3,4,0.5,3,1.5428444809754627
noise_x_queries,nq=3,5,0.5,3,1.597190368247168
noise_x_queries,nq=3,6,0.5,3,1.4528595868100878
noise_x_queries,nq=3,7,0.5,3,1.2586166493141762
noise_x_queries,nq=3,8,0.5,3,1.5935045580698963
noise_x_queries,nq=3,9,0.5,3,1.555242395799958
noise_x_queries,nq=3,10,0.5,3,1.5361578390432122
noise_x_queries,nq=3,11,0.5,3,1.513256597212543
noise_x_queries,nq=3,12,0.5,3,1.5688924713120054
noise_x_queries,nq=3,13,0.5,3,1.7712711479684984
noise_x_queries,nq=3,14,0.5,3,1.5410563648462143
noise_x_queries,nq=3,15,0.5,3,1.4314754807030456
noise_x_queries,nq=3,16,0.5,3,1.4035645450789591
noise_x_queries,nq=3,17,0.5,3,1.460364702678098
noise_x_queries,nq=3,18,0.5,3,1.8851764055842304
noise_x_queries,nq=3,19,0.5,3,1.6509098721918105
noise_x_queries,nq=3,20,0.5,3,1.5688893333114173
noise_x_queries,nq=3,21,0.5,3,1.6645766872049514
noise_x_queries,nq=3,22,0.5,3,1.6598883867663223
noise_x_queries,nq=3,23,0.5,3,1.4971016506928323
noise_x_queries,nq=3,24,0.5,3,1.5912739477255828
noise_x_queries,nq=3,25,0.5,3,1.6566058599193938
noise_x_queries,nq=3,26,0.5,3,1.6056244046336234
noise_x_queries,nq=3,27,0.5,3,1.447994988699144
noise_x_queries,nq=3,28,0.5,3,1.3821099207160343
noise_x_queries,nq=3,29,0.5,3,1.4529540369613205
noise_x_queries,nq=3,30,0.5,3,1.5985901396490558
noise_x_queries,nq=3,31,0.5,3,1.6900307442533933
noise_x_queries,nq=3,32,0.5,3,1.393039815302549
noise_x_queries,nq=3,33,0.5,3,1.5458908993155174
noise_x_queries,nq=3,34,0.5,3,1.648098264726796
noise_x_queries,nq=3,35,0.5,3,1.4555428199594227
noise_x_queries,nq=3,36,0.5,3,1.2970048451088403
noise_x_queries,nq=3,37,0.5,3,1.494907645916135
noise_x_queries,nq=3,38,0.5,3,1.3752129567143692
noise_x_queries,nq=3,39,0.5,3,1.5975279997623193
noise_x_queries,nq=3,40,0.5,3,1.659973627630817
noise_x_queries,nq=3,41,0.5,3,1.7247302923501093
noise_x_queries,nq=3,42,0.5,3,1.6019937198117293
noise_x_queries,nq=3,43,0.5,3,1.4943833123065435
noise_x_queries,nq=3,44,0.5,3,1.5399231971897387
noise_x_queries,nq=3,45,0.5,3,1.9670972361686117
noise_x_queries,nq=3,46,0.5,3,1.5399604565246579
noise_x_queries,nq=3,47,0.5,3,1.3557777737234318
noise_x_queries,nq=3,48,0.5,3,1.6002412271529936
noise_x_queries,nq=3,49,0.5,3,1.4261457987222588
noise_x_queries,nq=10,0,0.5,10,1.4499040639704839
noise_x_queries,nq=10,1,0.5,10,1.6849635330009762
noise_x_queries,nq=10,2,0.5,10,1.332907811629474
noise_x_queries,nq=10,3,0.5,10,1.480394408746665
noise_x_queries,nq=10,4,0.5,10,1.5121814386818155
noise_x_queries,nq=10,5,0.5,10,1.5719334481461473
noise_x_queries,nq=10,6,0.5,10,1.4502050267107574
noise_x_queries,nq=10,7,0.5,10,1.2249693432662823
noise_x_queries,nq=10,8,0.5,10,1.6138923511909176
noise_x_queries,nq=10,9,0.5,10,1.5453556379511701
noise_x_queries,nq=10,10,0.5,10,1.4942836732558396
noise_x_queries,nq=10,11,0.5,10,1.4667344509570632
noise_x_queries,nq=10,12,0.5,10,1.5279153800874592
noise_x_queries,nq=10,13,0.5,10,1.7702635144809677
noise_x_queries,nq=10,14,0.5,10,1.55341785485287
noise_x_queries,nq=10,15,0.5,10,1.4528977121633548
noise_x_queries,nq=10,16,0.5,10,1.3985582857873666
noise_x_queries,nq=10,17,0.5,10,1.4549765712282052
noise_x_queries,nq=10,18,0.5,10,1.8751015854180642
noise_x_queries,nq=10,19,0.5,10,1.6460908380033212
noise_x_queries,nq=10,20,0.5,10,1.5696476555992251
noise_x_queries,nq=10,21,0.5,10,1.6445794397941313
noise_x_queries,nq=10,22,0.5,10,1.6358226120154995
noise_x_queries,nq=10,23,0.5,10,1.4605315746328162
noise_x_queries,nq=10,24,0.5,10,1.5755613605280536
noise_x_queries,nq=10,25,0.5,10,1.6585141198674633
noise_x_queries,nq=10,26,0.5,10,1.6035747197864265
noise_x_queries,nq=10,27,0.5,10,1.4516612754129194
noise_x_queries,nq=10,28,0.5,10,1.3573313944159933
noise_x_queries,nq=10,29,0.5,10,1.4599000587335558
noise_x_queries,nq=10,30,0.5,10,1.5859266377000822
noise_x_queries,nq=10,31,0.5,10,1.6767939972544321
noise_x_queries,nq=10,32,0.5,10,1.3569323001595361
noise_x_queries,nq=10,33,0.5,10,1.5278393364078282
noise_x_queries,nq=10,34,0.5,10,1.6148187724611063
noise_x_queries,nq=10,35,0.5,10,1.469429300847928
noise_x_queries,nq=10,36,0.5,10,1.2500120957646659
noise_x_queries,nq=10,37,0.5,10,1.4821756586879395
noise_x_queries,nq=10,38,0.5,10,1.3928286790439233
noise_x_queries,nq=10,39,0.5,10,1.6227773936099645
noise_x_queries,nq=10,40,0.5,10,1.6318521149211966
noise_x_queries,nq=10,41,0.5,10,1.6863293454133212
noise_x_queries,nq=10,42,0.5,10,1.5894526723672033
noise_x_queries,nq=10,43,0.5,10,1.4719313356070376
noise_x_queries,nq=10,44,0.5,10,1.5315651140225606
noise_x_queries,nq=10,45,0.5,10,1.9735014849739991
noise_x_queries,nq=10,46,0.5,10,1.5104456727414
noise_x_queries,nq=10,47,0.5,10,1.3610169883107495
noise_x_queries,nq=10,48,0.5,10,1.5856901511321624
noise_x_queries,nq=10,49,0.5,10,1.4224979793207366
noise_x_queries,nq=50,0,0.5,50,1.4345677201225087
noise_x_queries,nq=50,1,0.5,50,1.6715594413814758
noise_x_queries,nq=50,2,0.5,50,1.33241192435151
noise_x_queries,nq=50,3,0.5,50,1.4784951357173097
noise_x_queries,nq=50,4,0.5,50,1.5038954134934792
noise_x_queries,nq=50,5,0.5,50,1.5843060286689725
noise_x_queries,nq=50,6,0.5,50,1.435275046032362
noise_x_queries,nq=50,7,0.5,50,1.2271457648546957
noise_x_queries,nq=50,8,0.5,50,1.6038424185086244
noise_x_queries,nq=50,9,0.5,50,1.5127211304338373
noise_x_queries,nq=50,10,0.5,50,1.510178964695859
noise_x_queries,nq=50,11,0.5,50,1.4564372802272771
noise_x_queries,nq=50,12,0.5,50,1.5179790131191881
noise_x_queries,nq=50,13,0.5,50,1.7690083134178445
noise_x_queries,nq=50,14,0.5,50,1.5505675394376541
noise_x_queries,nq=50,15,0.5,50,1.441207725220547
noise_x_queries,nq=50,16,0.5,50,1.3702838885892397
noise_x_queries,nq=50,17,0.5,50,1.4334303494532232
noise_x_queries,nq=50,18,0.5,50,1.863147612133279
noise_x_queries,nq=50,19,0.5,50,1.6336494862655602
noise_x_queries,nq=50,20,0.5,50,1.5594947117106965
noise_x_queries,nq=50,21,0.5,50,1.624045303655443
noise_x_queries,nq=50,22,0.5,50,1.656395917952542
noise_x_queries,nq=50,23,0.5,50,1.4666288507526783
noise_x_queries,nq=50,24,0.5,50,1.5628183593843101
noise_x_queries,nq=50,25,0.5,50,1.6511560712659934
noise_x_queries,nq=50,26,0.5,50,1.6050157705675578
noise_x_queries,nq=50,27,0.5,50,1.4306255478576781
noise_x_queries,nq=50,28,0.5,50,1.3466660743702834
noise_x_queries,nq=50,29,0.5,50,1.4622006878548188
noise_x_queries,nq=50,30,0.5,50,1.5673782399933744
noise_x_queries,nq=50,31,0.5,50,1.651974331008419
noise_x_queries,nq=50,32,0.5,50,1.3479651562050954
noise_x_queries,nq=50,33,0.5,50,1.5204287776119438
noise_x_queries,nq=50,34,0.5,50,1.6033447827450773
noise_x_queries,nq=50,35,0.5,50,1.4617799412435113
noise_x_queries,nq=50,36,0.5,50,1.2586533082526035
noise_x_queries,nq=50,37,0.5,50,1.4849478919832875
noise_x_queries,nq=50,38,0.5,50,1.3689895941268853
noise_x_queries,nq=50,39,0.5,50,1.5992262662653247
noise_x_queries,nq=50,40,0.5,50,1.6204221183986736
noise_x_queries,nq=50,41,0.5,50,1.7125580022885343
noise_x_queries,nq=50,42,0.5,50,1.5890632844006611
noise_x_queries,nq=50,43,0.5,50,1.4777639824649322
noise_x_queries,nq=50,44,0.5,50,1.5335156873623887
noise_x_queries,nq=50,45,0.5,50,1.9563613671255897
noise_x_queries,nq=50,46,0.5,50,1.5059005195450557
noise_x_queries,nq=50,47,0.5,50,1.3438114137157111
noise_x_queries,nq=50,48,0.5,50,1.5575291155847886
noise_x_queries,nq=50,49,0.5,50,1.4067407146938158
noise_x_queries,nq=3,0,1.0,3,1.4922146972566517
noise_x_queries,nq=3,1,1.0,3,1.6912626970489186
noise_x_queries,nq=3,2,1.0,3,1.4207118450898046
noise_x_queries,nq=3,3,1.0,3,1.5574658909816919
noise_x_queries,nq=3,4,1.0,3,1.5926616466612113
noise_x_queries,nq=3,5,1.0,3,1.6419949128557727
noise_x_queries,nq=3,6,1.0,3,1.4946248987385882
noise_x_queries,nq=3,7,1.0,3,1.2876122144233093
noise_x_queries,nq=3,8,1.0,3,1.6204742332070836
noise_x_queries,nq=3,9,1.0,3,1.6129804108740038
noise_x_queries,nq=3,10,1.0,3,1.5729972295103376
noise_x_queries,nq=3,11,1.0,3,1.5497149459681303
noise_x_queries,nq=3,12,1.0,3,1.6243573371009803
noise_x_queries,nq=3,13,1.0,3,1.803601192239369
noise_x_queries,nq=3,14,1.0,3,1.562504147899423
noise_x_queries,nq=3,15,1.0,3,1.472914739037994
noise_x_queries,nq=3,16,1.0,3,1.45313878746508
noise_x_queries,nq=3,17,1.0,3,1.5113494691620626
noise_x_queries,nq=3,18,1.0,3,1.9300580204577171
noise_x_queries,nq=3,19,1.0,3,1.6837287640602554
noise_x_queries,nq=3,20,1.0,3,1.605198735552058
noise_x_queries,nq=3,21,1.0,3,1.6867532109986518
noise_x_queries,nq=3,22,1.0,3,1.674103794326917
noise_x_queries,nq=3,23,1.0,3,1.5401952818604552
noise_x_queries,nq=3,24,1.0,3,1.6318665937199588
noise_x_queries,nq=3,25,1.0,3,1.677546048952021
noise_x_queries,nq=3,26,1.0,3,1.6450283164917545
noise_x_queries,nq=3,27,1.0,3,1.4729394514035898
noise_x_queries,nq=3,28,1.0,3,1.4475547998914096
noise_x_queries,nq=3,29,1.0,3,1.4932476149199643
noise_x_queries,nq=3,30,1.0,3,1.644650584651505
noise_x_queries,nq=3,31,1.0,3,1.7399724306130502
noise_x_queries,nq=3,32,1.0,3,1.457705988416285
noise_x_queries,nq=3,33,1.0,3,1.573118033471812
noise_x_queries,nq=3,34,1.0,3,1.6967106690052653
noise_x_queries,nq=3,35,1.0,3,1.4946490430600594
noise_x_queries,nq=3,36,1.0,3,1.327038518237728
noise_x_queries,nq=3,37,1.0,3,1.513563588933061
noise_x_queries,nq=3,38,1.0,3,1.4156682405090941
noise_x_queries,nq=3,39,1.0,3,1.6541565160765657
noise_x_queries,nq=3,40,1.0,3,1.7092562436253649
noise_x_queries,nq=3,41,1.0,3,1.7698847280054666
noise_x_queries,nq=3,42,1.0,3,1.6132764828120705
noise_x_queries,nq=3,43,1.0,3,1.5524510533971896
noise_x_queries,nq=3,44,1.0,3,1.5589599308688182
noise_x_queries,nq=3,45,1.0,3,1.982272500935409
noise_x_queries,nq=3,46,1.0,3,1.5602433070636228
noise_x_queries,nq=3,47,1.0,3,1.4019600087270612
noise_x_queries,nq=3,48,1.0,3,1.6527674300127093
noise_x_queries,nq=3,49,1.0,3,1.4796826113680528
noise_x_queries,nq=10,0,1.0,10,1.4757096695085565
noise_x_queries,nq=10,1,1.0,10,1.6892631308844688
noise_x_queries,nq=10,2,1.0,10,1.35388385054542
noise_x_queries,nq=10,3,1.0,10,1.5019743029918307
noise_x_queries,nq=10,4,1.0,10,1.512321787863815
noise_x_queries,nq=10,5,1.0,10,1.5794510167819082
noise_x_queries,nq=10,6,1.0,10,1.4522572532499918
noise_x_queries,nq=10,7,1.0,10,1.230285921261579
noise_x_queries,nq=10,8,1.0,10,1.6336132493114763
noise_x_queries,nq=10,9,1.0,10,1.558315428875192
noise_x_queries,nq=10,10,1.0,10,1.5153196932535031
noise_x_queries,nq=10,11,1.0,10,1.474207240859347
noise_x_queries,nq=10,12,1.0,10,1.5456244554707064
noise_x_queries,nq=10,13,1.0,10,1.793534296748485
noise_x_queries,nq=10,14,1.0,10,1.552619243196593
noise_x_queries,nq=10,15,1.0,10,1.472148536895059
noise_x_queries,nq=10,16,1.0,10,1.4074851805553577
noise_x_queries,nq=10,17,1.0,10,1.4633839146960828
noise_x_queries,nq=10,18,1.0,10,1.8780278918084616
noise_x_queries,nq=10,19,1.0,10,1.6410415755817158
noise_x_queries,nq=10,20,1.0,10,1.5809549608364966
noise_x_queries,nq=10,21,1.0,10,1.6539466735157242
noise_x_queries,nq=10,22,1.0,10,1.6445142136360347
noise_x_queries,nq=10,23,1.0,10,1.4681792003824594
noise_x_queries,nq=10,24,1.0,10,1.6058531231944857
noise_x_queries,nq=10,25,1.0,10,1.6888569079957558
noise_x_queries,nq=10,26,1.0,10,1.6019341192138028
noise_x_queries,nq=10,27,1.0,10,1.4653560025405623
noise_x_queries,nq=10,28,1.0,10,1.3810179152549829
noise_x_queries,nq=10,29,1.0,10,1.474120886370936
noise_x_queries,nq=10,30,1.0,10,1.611554853164329
noise_x_queries,nq=10,31,1.0,10,1.7048332972672806
noise_x_queries,nq=10,32,1.0,10,1.366570078160025
noise_x_queries,nq=10,33,1.0,10,1.5544182272298452
noise_x_queries,nq=10,34,1.0,10,1.6217723910712551
noise_x_queries,nq=10,35,1.0,10,1.4822318445648024
noise_x_queries,nq=10,36,1.0,10,1.2595468932378235
noise_x_queries,nq=10,37,1.0,10,1.4859202061667676
noise_x_queries,nq=10,38,1.0,10,1.4053212462526044
noise_x_queries,nq=10,39,1.0,10,1.6233878629249652
noise_x_queries,nq=10,40,1.0,10,1.6505289558853233
noise_x_queries,nq=10,41,1.0,10,1.696603865565911
noise_x_queries,nq=10,42,1.0,10,1.6037614749096927
noise_x_queries,nq=10,43,1.0,10,1.4784531261288214
noise_x_queries,nq=10,44,1.0,10,1.558838649988851
noise_x_queries,nq=10,45,1.0,10,1.973779470943599
noise_x_queries,nq=10,46,1.0,10,1.5249703522075244
noise_x_queries,nq=10,47,1.0,10,1.3740077065631418
noise_x_queries,nq=10,48,1.0,10,1.6075935003909678
noise_x_queries,nq=10,49,1.0,10,1.45414247193203
noise_x_queries,nq=50,0,1.0,50,1.4403868668964295
noise_x_queries,nq=50,1,1.0,50,1.6791189113072265
noise_x_queries,nq=50,2,1.0,50,1.3289510669196654
noise_x_queries,nq=50,3,1.0,50,1.484359182739222
noise_x_queries,nq=50,4,1.0,50,1.5132503539004305
noise_x_queries,nq=50,5,1.0,50,1.5835925072162664
noise_x_queries,nq=50,6,1.0,50,1.4365174520923147
noise_x_queries,nq=50,7,1.0,50,1.2341625260480886
noise_x_queries,nq=50,8,1.0,50,1.616639069408017
noise_x_queries,nq=50,9,1.0,50,1.5112797476680604
noise_x_queries,nq=50,10,1.0,50,1.5086293696056126
noise_x_queries,nq=50,11,1.0,50,1.4674459349718534
noise_x_queries,nq=50,12,1.0,50,1.5243535559257588
noise_x_queries,nq=50,13,1.0,50,1.7704022093145044
noise_x_queries,nq=50,14,1.0,50,1.5519118346039273
noise_x_queries,nq=50,15,1.0,50,1.4496770709810662
noise_x_queries,nq=50,16,1.0,50,1.3768261586678354
noise_x_queries,nq=50,17,1.0,50,1.4433777735544482
noise_x_queries,nq=50,18,1.0,50,1.8690908416916545
noise_x_queries,nq=50,19,1.0,50,1.6312002533467287
noise_x_queries,nq=50,20,1.0,50,1.56013764119897
noise_x_queries,nq=50,21,1.0,50,1.6334358188647118
noise_x_queries,nq=50,22,1.0,50,1.6623465818637189
noise_x_queries,nq=50,23,1.0,50,1.4601462384650454
noise_x_queries,nq=50,24,1.0,50,1.5614752437457098
noise_x_queries,nq=50,25,1.0,50,1.6487367406754836
noise_x_queries,nq=50,26,1.0,50,1.6062625017170025
noise_x_queries,nq=50,27,1.0,50,1.425376912541976
noise_x_queries,nq=50,28,1.0,50,1.3518396810081805
noise_x_queries,nq=50,29,1.0,50,1.4671332453863268
noise_x_queries,nq=50,30,1.0,50,1.5686348632287768
noise_x_queries,nq=50,31,1.0,50,1.658019710041524
noise_x_queries,nq=50,32,1.0,50,1.3545028180023326
noise_x_queries,nq=50,33,1.0,50,1.5358192802186321
noise_x_queries,nq=50,34,1.0,50,1.612778297443421
noise_x_queries,nq=50,35,1.0,50,1.4624361271586723
noise_x_queries,nq=50,36,1.0,50,1.2624518422677848
noise_x_queries,nq=50,37,1.0,50,1.4857168737623097
noise_x_queries,nq=50,38,1.0,50,1.3820086110932859
noise_x_queries,nq=50,39,1.0,50,1.613304496802625
noise_x_queries,nq=50,40,1.0,50,1.6195259984003316
noise_x_queries,nq=50,41,1.0,50,1.6953710975366336
noise_x_queries,nq=50,42,1.0,50,1.5845487768284905
noise_x_queries,nq=50,43,1.0,50,1.4734935850658155
noise_x_queries,nq=50,44,1.0,50,1.5390136936447016
noise_x_queries,nq=50,45,1.0,50,1.9612344489163347
noise_x_queries,nq=50,46,1.0,50,1.5017349378689768
noise_x_queries,nq=50,47,1.0,50,1.3492896799833176
noise_x_queries,nq=50,48,1.0,50,1.5569751313711244
noise_x_queries,nq=50,49,1.0,50,1.4107364763212005
noise_x_queries,nq=3,0,2.0,3,1.6190606058273826
noise_x_queries,nq=3,1,2.0,3,1.8132905183870578
noise_x_queries,nq=3,2,2.0,3,1.5740359334745058
noise_x_queries,nq=3,3,2.0,3,1.706461902252726
noise_x_queries,nq=3,4,2.0,3,1.721271769369424
noise_x_queries,nq=3,5,2.0,3,1.77219122009983
noise_x_queries,nq=3,6,2.0,3,1.5963266366619655
noise_x_queries,nq=3,7,2.0,3,1.364558701877475
noise_x_queries,nq=3,8,2.0,3,1.7257090598248293
noise_x_queries,nq=3,9,2.0,3,1.7219685036428118
noise_x_queries,nq=3,10,2.0,3,1.6989834989451855
noise_x_queries,nq=3,11,2.0,3,1.6752388582459494
noise_x_queries,nq=3,12,2.0,3,1.7656744066940484
noise_x_queries,nq=3,13,2.0,3,1.9158745938905863
noise_x_queries,nq=3,14,2.0,3,1.7162046060339091
noise_x_queries,nq=3,15,2.0,3,1.5859962891538955
noise_x_queries,nq=3,16,2.0,3,1.553951983952723
noise_x_queries,nq=3,17,2.0,3,1.6600964213361518
noise_x_queries,nq=3,18,2.0,3,2.0450979127706344
noise_x_queries,nq=3,19,2.0,3,1.838466386974425
noise_x_queries,nq=3,20,2.0,3,1.755076273654869
noise_x_queries,nq=3,21,2.0,3,1.7877649557604711
noise_x_queries,nq=3,22,2.0,3,1.8002100241286447
noise_x_queries,nq=3,23,2.0,3,1.690851281641476
noise_x_queries,nq=3,24,2.0,3,1.7701637318071068
noise_x_queries,nq=3,25,2.0,3,1.811930667800953
noise_x_queries,nq=3,26,2.0,3,1.750829755646147
noise_x_queries,nq=3,27,2.0,3,1.6027328142686044
noise_x_queries,nq=3,28,2.0,3,1.6064343039334337
noise_x_queries,nq=3,29,2.0,3,1.609580539856388
noise_x_queries,nq=3,30,2.0,3,1.7490228287644096
noise_x_queries,nq=3,31,2.0,3,1.8995090362091185
noise_x_queries,nq=3,32,2.0,3,1.587418593118217
noise_x_queries,nq=3,33,2.0,3,1.7188354313083598
noise_x_queries,nq=3,34,2.0,3,1.8256026919449737
noise_x_queries,nq=3,35,2.0,3,1.6144000313601623
noise_x_queries,nq=3,36,2.0,3,1.486425259767418
noise_x_queries,nq=3,37,2.0,3,1.6075927764002547
noise_x_queries,nq=3,38,2.0,3,1.5469394406310535
noise_x_queries,nq=3,39,2.0,3,1.7826753992332345
noise_x_queries,nq=3,40,2.0,3,1.8302315369412896
noise_x_queries,nq=3,41,2.0,3,1.9180036024026093
noise_x_queries,nq=3,42,2.0,3,1.7275686198331615
noise_x_queries,nq=3,43,2.0,3,1.697188555816629
noise_x_queries,nq=3,44,2.0,3,1.6899471973701343
noise_x_queries,nq=3,45,2.0,3,2.047070886571457
noise_x_queries,nq=3,46,2.0,3,1.6705150833936255
noise_x_queries,nq=3,47,2.0,3,1.5018105833039341
noise_x_queries,nq=3,48,2.0,3,1.7540198672634673
noise_x_queries,nq=3,49,2.0,3,1.6329381414552593
noise_x_queries,nq=10,0,2.0,10,1.534544047090935
noise_x_queries,nq=10,1,2.0,10,1.7346789796251234
noise_x_queries,nq=10,2,2.0,10,1.39141299461521
noise_x_queries,nq=10,3,2.0,10,1.5324269773391115
noise_x_queries,nq=10,4,2.0,10,1.560424373470939
noise_x_queries,nq=10,5,2.0,10,1.6597795442710017
noise_x_queries,nq=10,6,2.0,10,1.4888833956798384
noise_x_queries,nq=10,7,2.0,10,1.2607791160077257
noise_x_queries,nq=10,8,2.0,10,1.6855575349671124
noise_x_queries,nq=10,9,2.0,10,1.617927996288473
noise_x_queries,nq=10,10,2.0,10,1.5730424236274487
noise_x_queries,nq=10,11,2.0,10,1.5200358364989526
noise_x_queries,nq=10,12,2.0,10,1.602930548835085
noise_x_queries,nq=10,13,2.0,10,1.8591660144429796
noise_x_queries,nq=10,14,2.0,10,1.5900219836927156
noise_x_queries,nq=10,15,2.0,10,1.5294968254316763
noise_x_queries,nq=10,16,2.0,10,1.4504917747588022
noise_x_queries,nq=10,17,2.0,10,1.538276006995248
noise_x_queries,nq=10,18,2.0,10,1.9074761191430303
noise_x_queries,nq=10,19,2.0,10,1.6825418242586758
noise_x_queries,nq=10,20,2.0,10,1.6317669667113441
noise_x_queries,nq=10,21,2.0,10,1.7077305084431629
noise_x_queries,nq=10,22,2.0,10,1.7146737624631934
noise_x_queries,nq=10,23,2.0,10,1.5009131398761313
noise_x_queries,nq=10,24,2.0,10,1.6532213304737042
noise_x_queries,nq=10,25,2.0,10,1.73751504250924
noise_x_queries,nq=10,26,2.0,10,1.6401351142473504
noise_x_queries,nq=10,27,2.0,10,1.5043328920812957
noise_x_queries,nq=10,28,2.0,10,1.43792112366772
noise_x_queries,nq=10,29,2.0,10,1.5217179494855064
noise_x_queries,nq=10,30,2.0,10,1.6578723378789497
noise_x_queries,nq=10,31,2.0,10,1.7603027535856455
noise_x_queries,nq=10,32,2.0,10,1.419200899571177
noise_x_queries,nq=10,33,2.0,10,1.598508972536711
noise_x_queries,nq=10,34,2.0,10,1.6736291446338944
noise_x_queries,nq=10,35,2.0,10,1.528125262913867
noise_x_queries,nq=10,36,2.0,10,1.2912460679785014
noise_x_queries,nq=10,37,2.0,10,1.4900477802396408
noise_x_queries,nq=10,38,2.0,10,1.4501086157676468
noise_x_queries,nq=10,39,2.0,10,1.6579458592839498
noise_x_queries,nq=10,40,2.0,10,1.6980574433163529
noise_x_queries,nq=10,41,2.0,10,1.7505079218535289
noise_x_queries,nq=10,42,2.0,10,1.6671633805056634
noise_x_queries,nq=10,43,2.0,10,1.5122801334717104
noise_x_queries,nq=10,44,2.0,10,1.6130600870318081
noise_x_queries,nq=10,45,2.0,10,2.0127356256839986
noise_x_queries,nq=10,46,2.0,10,1.5887678550370805
noise_x_queries,nq=10,47,2.0,10,1.4276865045156688
noise_x_queries,nq=10,48,2.0,10,1.669055796866271
noise_x_queries,nq=10,49,2.0,10,1.4931374704293001
noise_x_queries,nq=50,0,2.0,50,1.4521665971618225
noise_x_queries,nq=50,1,2.0,50,1.7026968923744656
noise_x_queries,nq=50,2,2.0,50,1.3431663190486045
noise_x_queries,nq=50,3,2.0,50,1.5114763587836968
noise_x_queries,nq=50,4,2.0,50,1.5226748023853447
noise_x_queries,nq=50,5,2.0,50,1.5964097569642295
noise_x_queries,nq=50,6,2.0,50,1.447854630835416
noise_x_queries,nq=50,7,2.0,50,1.2457837645563434
noise_x_queries,nq=50,8,2.0,50,1.6366002816461587
noise_x_queries,nq=50,9,2.0,50,1.521404601225536
noise_x_queries,nq=50,10,2.0,50,1.5039133416735624
noise_x_queries,nq=50,11,2.0,50,1.4842909353369007
noise_x_queries,nq=50,12,2.0,50,1.5442877547432177
noise_x_queries,nq=50,13,2.0,50,1.775255680176662
noise_x_queries,nq=50,14,2.0,50,1.5738550701062601
noise_x_queries,nq=50,15,2.0,50,1.457147403603849
noise_x_queries,nq=50,16,2.0,50,1.3848200033099034
noise_x_queries,nq=50,17,2.0,50,1.4543982934633166
noise_x_queries,nq=50,18,2.0,50,1.8911199443279554
noise_x_queries,nq=50,19,2.0,50,1.6476787982041214
noise_x_queries,nq=50,20,2.0,50,1.5634129478299614
noise_x_queries,nq=50,21,2.0,50,1.664474920922942
noise_x_queries,nq=50,22,2.0,50,1.686666519828979
noise_x_queries,nq=50,23,2.0,50,1.458442984313477
noise_x_queries,nq=50,24,2.0,50,1.5645653523420253
noise_x_queries,nq=50,25,2.0,50,1.6564542471012549
noise_x_queries,nq=50,26,2.0,50,1.6107476652232118
noise_x_queries,nq=50,27,2.0,50,1.4231274424763416
noise_x_queries,nq=50,28,2.0,50,1.3603117005396335
noise_x_queries,nq=50,29,2.0,50,1.4778583423050478
noise_x_queries,nq=50,30,2.0,50,1.5874803403672435
noise_x_queries,nq=50,31,2.0,50,1.6843918691277424
noise_x_queries,nq=50,32,2.0,50,1.3649248257422784
noise_x_queries,nq=50,33,2.0,50,1.5466265454200128
noise_x_queries,nq=50,34,2.0,50,1.6237889986333967
noise_x_queries,nq=50,35,2.0,50,1.4576727160053258
noise_x_queries,nq=50,36,2.0,50,1.2680879304813273
noise_x_queries,nq=50,37,2.0,50,1.4927973697945531
noise_x_queries,nq=50,38,2.0,50,1.3841557441817343
noise_x_queries,nq=50,39,2.0,50,1.630957781642272
noise_x_queries,nq=50,40,2.0,50,1.6224556877395329
noise_x_queries,nq=50,41,2.0,50,1.700869806351477
noise_x_queries,nq=50,42,2.0,50,1.6123308555039197
noise_x_queries,nq=50,43,2.0,50,1.4798886025947195
noise_x_queries,nq=50,44,2.0,50,1.553576509939292
noise_x_queries,nq=50,45,2.0,50,1.9558339405186025
noise_x_queries,nq=50,46,2.0,50,1.5113206992330834
noise_x_queries,nq=50,47,2.0,50,1.3414927221325037
noise_x_queries,nq=50,48,2.0,50,1.564039909913925
noise_x_queries,nq=50,49,2.0,50,1.420991267327679
noise_x_queries,nq=3,0,5.0,3,1.9262483231359901
noise_x_queries,nq=3,1,5.0,3,2.1451268509159003
noise_x_queries,nq=3,2,5.0,3,1.9014284842100238
noise_x_queries,nq=3,3,5.0,3,2.050885506022776
noise_x_queries,nq=3,4,5.0,3,2.0095405865130647
noise_x_queries,nq=3,5,5.0,3,2.1442297305727003
noise_x_queries,nq=3,6,5.0,3,1.9572897022605125
noise_x_queries,nq=3,7,5.0,3,1.609003124601804
noise_x_queries,nq=3,8,5.0,3,2.065130998203426
noise_x_queries,nq=3,9,5.0,3,2.0862382049794155
noise_x_queries,nq=3,10,5.0,3,2.0377672494410137
noise_x_queries,nq=3,11,5.0,3,2.062508498819279
noise_x_queries,nq=3,12,5.0,3,2.1259972938028735
noise_x_queries,nq=3,13,5.0,3,2.2901670164907864
noise_x_queries,nq=3,14,5.0,3,2.1409016948812374
noise_x_queries,nq=3,15,5.0,3,1.9903047027174607
noise_x_queries,nq=3,16,5.0,3,1.8979850515762904
noise_x_queries,nq=3,17,5.0,3,1.9338773294578897
noise_x_queries,nq=3,18,5.0,3,2.429672410435456
noise_x_queries,nq=3,19,5.0,3,2.2230713265964304
noise_x_queries,nq=3,20,5.0,3,2.118172836744679
noise_x_queries,nq=3,21,5.0,3,2.0865622229260654
noise_x_queries,nq=3,22,5.0,3,2.158584455339792
noise_x_queries,nq=3,23,5.0,3,2.0514829456887873
noise_x_queries,nq=3,24,5.0,3,2.16227741831191
noise_x_queries,nq=3,25,5.0,3,2.0975048789778583
noise_x_queries,nq=3,26,5.0,3,2.0524554309286636
noise_x_queries,nq=3,27,5.0,3,1.951622164337418
noise_x_queries,nq=3,28,5.0,3,2.000404934778804
noise_x_queries,nq=3,29,5.0,3,1.9861765593723728
noise_x_queries,nq=3,30,5.0,3,2.0432083710482876
noise_x_queries,nq=3,31,5.0,3,2.3684466252324046
noise_x_queries,nq=3,32,5.0,3,1.8764672522759427
noise_x_queries,nq=3,33,5.0,3,2.1070915901654828
noise_x_queries,nq=3,34,5.0,3,2.1470964257039067
noise_x_queries,nq=3,35,5.0,3,1.9245769100446795
noise_x_queries,nq=3,36,5.0,3,1.8790974870888508
noise_x_queries,nq=3,37,5.0,3,1.9295313936431744
noise_x_queries,nq=3,38,5.0,3,1.8619713817751753
noise_x_queries,nq=3,39,5.0,3,2.160817911702528
noise_x_queries,nq=3,40,5.0,3,2.176296411225279
noise_x_queries,nq=3,41,5.0,3,2.3156608362268942
noise_x_queries,nq=3,42,5.0,3,2.0906578655841077
noise_x_queries,nq=3,43,5.0,3,2.102901163307167
noise_x_queries,nq=3,44,5.0,3,2.0318824623061453
noise_x_queries,nq=3,45,5.0,3,2.3365712127302665
noise_x_queries,nq=3,46,5.0,3,1.9311718458399492
noise_x_queries,nq=3,47,5.0,3,1.8504241083376165
noise_x_queries,nq=3,48,5.0,3,2.115137457009549
noise_x_queries,nq=3,49,5.0,3,2.089493771279347
noise_x_queries,nq=10,0,5.0,10,1.7226650668302899
noise_x_queries,nq=10,1,5.0,10,1.9508592996823744
noise_x_queries,nq=10,2,5.0,10,1.5742321240170665
noise_x_queries,nq=10,3,5.0,10,1.766874555581371
noise_x_queries,nq=10,4,5.0,10,1.772997965360838
noise_x_queries,nq=10,5,5.0,10,1.912035481134137
noise_x_queries,nq=10,6,5.0,10,1.6856559357464052
noise_x_queries,nq=10,7,5.0,10,1.4389155058514274
noise_x_queries,nq=10,8,5.0,10,1.9128375768843926
noise_x_queries,nq=10,9,5.0,10,1.8323411740156876
noise_x_queries,nq=10,10,5.0,10,1.8601437546913935
noise_x_queries,nq=10,11,5.0,10,1.7560304515499268
noise_x_queries,nq=10,12,5.0,10,1.8132003332624946
noise_x_queries,nq=10,13,5.0,10,2.1167954742042614
noise_x_queries,nq=10,14,5.0,10,1.861117058585803
noise_x_queries,nq=10,15,5.0,10,1.739608905101864
noise_x_queries,nq=10,16,5.0,10,1.656395481715128
noise_x_queries,nq=10,17,5.0,10,1.8019924309317026
noise_x_queries,nq=10,18,5.0,10,2.118596089954755
noise_x_queries,nq=10,19,5.0,10,1.921083429253126
noise_x_queries,nq=10,20,5.0,10,1.8490290222734742
noise_x_queries,nq=10,21,5.0,10,1.9410253734592522
noise_x_queries,nq=10,22,5.0,10,1.938060257023511
noise_x_queries,nq=10,23,5.0,10,1.7379930205265433
noise_x_queries,nq=10,24,5.0,10,1.8955272055578165
noise_x_queries,nq=10,25,5.0,10,1.9261509943191213
noise_x_queries,nq=10,26,5.0,10,1.8416474959728422
noise_x_queries,nq=10,27,5.0,10,1.6859630534068524
noise_x_queries,nq=10,28,5.0,10,1.681436632722882
noise_x_queries,nq=10,29,5.0,10,1.7346222625293481
noise_x_queries,nq=10,30,5.0,10,1.877342520717727
noise_x_queries,nq=10,31,5.0,10,2.047515928826426
noise_x_queries,nq=10,32,5.0,10,1.6679820999397237
noise_x_queries,nq=10,33,5.0,10,1.8671000369177664
noise_x_queries,nq=10,34,5.0,10,1.8583628731411976
noise_x_queries,nq=10,35,5.0,10,1.7559847639346962
noise_x_queries,nq=10,36,5.0,10,1.5185205319855584
noise_x_queries,nq=10,37,5.0,10,1.668197323661206
noise_x_queries,nq=10,38,5.0,10,1.6956221475452917
noise_x_queries,nq=10,39,5.0,10,1.8503449300692516
noise_x_queries,nq=10,40,5.0,10,1.9228113606922448
noise_x_queries,nq=10,41,5.0,10,1.997556538501989
noise_x_queries,nq=10,42,5.0,10,1.932751113661855
noise_x_queries,nq=10,43,5.0,10,1.7247365414521112
noise_x_queries,nq=10,44,5.0,10,1.80707939103913
noise_x_queries,nq=10,45,5.0,10,2.108390115548521
noise_x_queries,nq=10,46,5.0,10,1.8006524849175896
noise_x_queries,nq=10,47,5.0,10,1.5959322780623035
noise_x_queries,nq=10,48,5.0,10,1.8889576510323356
noise_x_queries,nq=10,49,5.0,10,1.750208380393064
noise_x_queries,nq=50,0,5.0,50,1.5179302397724865
noise_x_queries,nq=50,1,5.0,50,1.7668267496853634
noise_x_queries,nq=50,2,5.0,50,1.4056977262738646
noise_x_queries,nq=50,3,5.0,50,1.5885198582786668
noise_x_queries,nq=50,4,5.0,50,1.5699694146840046
noise_x_queries,nq=50,5,5.0,50,1.6474615137204807
noise_x_queries,nq=50,6,5.0,50,1.5061648229295685
noise_x_queries,nq=50,7,5.0,50,1.3112640848905737
noise_x_queries,nq=50,8,5.0,50,1.7156849936361025
noise_x_queries,nq=50,9,5.0,50,1.5939170413065655
noise_x_queries,nq=50,10,5.0,50,1.5623428264992543
noise_x_queries,nq=50,11,5.0,50,1.5659835719514827
noise_x_queries,nq=50,12,5.0,50,1.6308038991537026
noise_x_queries,nq=50,13,5.0,50,1.837521998227887
noise_x_queries,nq=50,14,5.0,50,1.6592803017893505
noise_x_queries,nq=50,15,5.0,50,1.5081279623804125
noise_x_queries,nq=50,16,5.0,50,1.4476173354626172
noise_x_queries,nq=50,17,5.0,50,1.5070422012129492
noise_x_queries,nq=50,18,5.0,50,1.969457242032623
noise_x_queries,nq=50,19,5.0,50,1.7260161770808666
noise_x_queries,nq=50,20,5.0,50,1.6186283927936413
noise_x_queries,nq=50,21,5.0,50,1.7527845009019942
noise_x_queries,nq=50,22,5.0,50,1.769394309654446
noise_x_queries,nq=50,23,5.0,50,1.500780794527133
noise_x_queries,nq=50,24,5.0,50,1.6111997109658422
noise_x_queries,nq=50,25,5.0,50,1.6928914018778936
noise_x_queries,nq=50,26,5.0,50,1.6636874863075584
noise_x_queries,nq=50,27,5.0,50,1.4965310118008264
noise_x_queries,nq=50,28,5.0,50,1.4392052751541062
noise_x_queries,nq=50,29,5.0,50,1.5262845545035828
noise_x_queries,nq=50,30,5.0,50,1.6622833449908925
noise_x_queries,nq=50,31,5.0,50,1.7722856062603645
noise_x_queries,nq=50,32,5.0,50,1.4273259353870635
noise_x_queries,nq=50,33,5.0,50,1.6156056359870008
noise_x_queries,nq=50,34,5.0,50,1.6843085211912947
noise_x_queries,nq=50,35,5.0,50,1.5141955769848536
noise_x_queries,nq=50,36,5.0,50,1.3292611225335291
noise_x_queries,nq=50,37,5.0,50,1.558329842143747
noise_x_queries,nq=50,38,5.0,50,1.4499324669176925
noise_x_queries,nq=50,39,5.0,50,1.683034693212157
noise_x_queries,nq=50,40,5.0,50,1.6743069206500192
noise_x_queries,nq=50,41,5.0,50,1.7605644284255055
noise_x_queries,nq=50,42,5.0,50,1.6878102909165567
noise_x_queries,nq=50,43,5.0,50,1.543226337378864
noise_x_queries,nq=50,44,5.0,50,1.6102583779474025
noise_x_queries,nq=50,45,5.0,50,1.9745993307150156
noise_x_queries,nq=50,46,5.0,50,1.554674021258834
noise_x_queries,nq=50,47,5.0,50,1.3869402831666389
noise_x_queries,nq=50,48,5.0,50,1.6288472913015344
noise_x_queries,nq=50,49,5.0,50,1.4743855267527832
noise_x_queries,nq=3,0,10.0,3,2.1290315756052527
noise_x_queries,nq=3,1,10.0,3,2.320069271049527
noise_x_queries,nq=3,2,10.0,3,2.1035080426534876
noise_x_queries,nq=3,3,10.0,3,2.232725515137493
noise_x_queries,nq=3,4,10.0,3,2.252196571225231
noise_x_queries,nq=3,5,10.0,3,2.3206209586261872
noise_x_queries,nq=3,6,10.0,3,2.2154799551435187
noise_x_queries,nq=3,7,10.0,3,1.791377063970847
noise_x_queries,nq=3,8,10.0,3,2.305847046691542
noise_x_queries,nq=3,9,10.0,3,2.35947157067594
noise_x_queries,nq=3,10,10.0,3,2.2445625684005175
noise_x_queries,nq=3,11,10.0,3,2.2633822302660374
noise_x_queries,nq=3,12,10.0,3,2.3477319964956362
noise_x_queries,nq=3,13,10.0,3,2.5407004827652457
noise_x_queries,nq=3,14,10.0,3,2.4388266213550662
noise_x_queries,nq=3,15,10.0,3,2.247422404838349
noise_x_queries,nq=3,16,10.0,3,2.091822398001139
noise_x_queries,nq=3,17,10.0,3,2.1700349590890573
noise_x_queries,nq=3,18,10.0,3,2.638053172509879
noise_x_queries,nq=3,19,10.0,3,2.460840696009486
noise_x_queries,nq=3,20,10.0,3,2.328753170447644
noise_x_queries,nq=3,21,10.0,3,2.289790454012932
noise_x_queries,nq=3,22,10.0,3,2.4165333426181164
noise_x_queries,nq=3,23,10.0,3,2.3272758499844426
noise_x_queries,nq=3,24,10.0,3,2.3749487439661654
noise_x_queries,nq=3,25,10.0,3,2.3497100090892444
noise_x_queries,nq=3,26,10.0,3,2.268008393079045
noise_x_queries,nq=3,27,10.0,3,2.162354442314508
noise_x_queries,nq=3,28,10.0,3,2.2150581116537063
noise_x_queries,nq=3,29,10.0,3,2.1570882306022723
noise_x_queries,nq=3,30,10.0,3,2.278523607816201
noise_x_queries,nq=3,31,10.0,3,2.607897046715573
noise_x_queries,nq=3,32,10.0,3,2.0996766340675426
noise_x_queries,nq=3,33,10.0,3,2.3216226168882583
noise_x_queries,nq=3,34,10.0,3,2.3403621141219935
noise_x_queries,nq=3,35,10.0,3,2.1427156224199755
noise_x_queries,nq=3,36,10.0,3,2.064140629236973
noise_x_queries,nq=3,37,10.0,3,2.109739856448624
noise_x_queries,nq=3,38,10.0,3,2.0535005593567437
noise_x_queries,nq=3,39,10.0,3,2.3676374142468726
noise_x_queries,nq=3,40,10.0,3,2.4276585923434046
noise_x_queries,nq=3,41,10.0,3,2.6144163289148663
noise_x_queries,nq=3,42,10.0,3,2.3365722013078116
noise_x_queries,nq=3,43,10.0,3,2.37784897645401
noise_x_queries,nq=3,44,10.0,3,2.286933345787534
noise_x_queries,nq=3,45,10.0,3,2.5645187360115327
noise_x_queries,nq=3,46,10.0,3,2.112964184388854
noise_x_queries,nq=3,47,10.0,3,2.071271968310099
noise_x_queries,nq=3,48,10.0,3,2.348739602436672
noise_x_queries,nq=3,49,10.0,3,2.3145050611807263
noise_x_queries,nq=10,0,10.0,10,2.017860176029662
noise_x_queries,nq=10,1,10.0,10,2.2162545863286485
noise_x_queries,nq=10,2,10.0,10,1.8329645650434232
noise_x_queries,nq=10,3,10.0,10,2.038480316241246
noise_x_queries,nq=10,4,10.0,10,2.060106011276867
noise_x_queries,nq=10,5,10.0,10,2.2417215026886144
noise_x_queries,nq=10,6,10.0,10,2.008830480542084
noise_x_queries,nq=10,7,10.0,10,1.70026123143463
noise_x_queries,nq=10,8,10.0,10,2.1720954668882917
noise_x_queries,nq=10,9,10.0,10,2.138680371349052
noise_x_queries,nq=10,10,10.0,10,2.1432991596943185
noise_x_queries,nq=10,11,10.0,10,2.0305490227291902
noise_x_queries,nq=10,12,10.0,10,2.0966600624079135
noise_x_queries,nq=10,13,10.0,10,2.37416134719189
noise_x_queries,nq=10,14,10.0,10,2.171793596740754
noise_x_queries,nq=10,15,10.0,10,2.032249175678377
noise_x_queries,nq=10,16,10.0,10,1.9250716022093914
noise_x_queries,nq=10,17,10.0,10,2.0382200876604544
noise_x_queries,nq=10,18,10.0,10,2.411783414338068
noise_x_queries,nq=10,19,10.0,10,2.2375529205843967
noise_x_queries,nq=10,20,10.0,10,2.1664844648543524
noise_x_queries,nq=10,21,10.0,10,2.1839891939836695
noise_x_queries,nq=10,22,10.0,10,2.3127843001627015
noise_x_queries,nq=10,23,10.0,10,2.075236437208572
noise_x_queries,nq=10,24,10.0,10,2.1880410660358844
noise_x_queries,nq=10,25,10.0,10,2.122060469949776
noise_x_queries,nq=10,26,10.0,10,2.068351411075877
noise_x_queries,nq=10,27,10.0,10,1.9203042140094946
noise_x_queries,nq=10,28,10.0,10,1.9427573707369277
noise_x_queries,nq=10,29,10.0,10,2.0330243910924715
noise_x_queries,nq=10,30,10.0,10,2.1847541030992925
noise_x_queries,nq=10,31,10.0,10,2.372896369640227
noise_x_queries,nq=10,32,10.0,10,1.920616671648874
noise_x_queries,nq=10,33,10.0,10,2.175609346837577
noise_x_queries,nq=10,34,10.0,10,2.129053292382379
noise_x_queries,nq=10,35,10.0,10,2.0108404765052894
noise_x_queries,nq=10,36,10.0,10,1.776829284549514
noise_x_queries,nq=10,37,10.0,10,1.946869995110868
noise_x_queries,nq=10,38,10.0,10,1.9592224851112088
noise_x_queries,nq=10,39,10.0,10,2.1921596920976945
noise_x_queries,nq=10,40,10.0,10,2.275674747881802
noise_x_queries,nq=10,41,10.0,10,2.281743874567857
noise_x_queries,nq=10,42,10.0,10,2.298672922194355
noise_x_queries,nq=10,43,10.0,10,2.0864411473427174
noise_x_queries,nq=10,44,10.0,10,2.1202512021078057
noise_x_queries,nq=10,45,10.0,10,2.330539404962273
noise_x_queries,nq=10,46,10.0,10,2.05174331054872
noise_x_queries,nq=10,47,10.0,10,1.8703660605925516
noise_x_queries,nq=10,48,10.0,10,2.1655773624778103
noise_x_queries,nq=10,49,10.0,10,2.058700321170457
noise_x_queries,nq=50,0,10.0,50,1.6669604071879813
noise_x_queries,nq=50,1,10.0,50,1.9224975395040491
noise_x_queries,nq=50,2,10.0,50,1.5687983037697535
noise_x_queries,nq=50,3,10.0,50,1.8019388690761693
noise_x_queries,nq=50,4,10.0,50,1.7324783933206416
noise_x_queries,nq=50,5,10.0,50,1.8533079221046715
noise_x_queries,nq=50,6,10.0,50,1.6669320939994694
noise_x_queries,nq=50,7,10.0,50,1.4564664276840587
noise_x_queries,nq=50,8,10.0,50,1.8579716322464455
noise_x_queries,nq=50,9,10.0,50,1.7781255238578777
noise_x_queries,nq=50,10,10.0,50,1.719042534232129
noise_x_queries,nq=50,11,10.0,50,1.7455279738385125
noise_x_queries,nq=50,12,10.0,50,1.7963982688419493
noise_x_queries,nq=50,13,10.0,50,2.01821005091913
noise_x_queries,nq=50,14,10.0,50,1.8847856555579616
noise_x_queries,nq=50,15,10.0,50,1.6907927989961917
noise_x_queries,nq=50,16,10.0,50,1.589731010580352
noise_x_queries,nq=50,17,10.0,50,1.6772771862292883
noise_x_queries,nq=50,18,10.0,50,2.146052704390871
noise_x_queries,nq=50,19,10.0,50,1.8728575295996854
noise_x_queries,nq=50,20,10.0,50,1.7574636809493576
noise_x_queries,nq=50,21,10.0,50,1.9327315452380944
noise_x_queries,nq=50,22,10.0,50,1.9550579995316404
noise_x_queries,nq=50,23,10.0,50,1.6768649379495002
noise_x_queries,nq=50,24,10.0,50,1.745255082164883
noise_x_queries,nq=50,25,10.0,50,1.8242552726551842
noise_x_queries,nq=50,26,10.0,50,1.801394579394574
noise_x_queries,nq=50,27,10.0,50,1.6558729971871424
noise_x_queries,nq=50,28,10.0,50,1.6237447402367873
noise_x_queries,nq=50,29,10.0,50,1.683542065476023
noise_x_queries,nq=50,30,10.0,50,1.7995100279400071
noise_x_queries,nq=50,31,10.0,50,1.9797102668362307
noise_x_queries,nq=50,32,10.0,50,1.589602545519709
noise_x_queries,nq=50,33,10.0,50,1.826428486225545
noise_x_queries,nq=50,34,10.0,50,1.8324150492479079
noise_x_queries,nq=50,35,10.0,50,1.6751372861985983
noise_x_queries,nq=50,36,10.0,50,1.519358958387685
noise_x_queries,nq=50,37,10.0,50,1.6739914510003373
noise_x_queries,nq=50,38,10.0,50,1.609759914838433
noise_x_queries,nq=50,39,10.0,50,1.8759100888219655
noise_x_queries,nq=50,40,10.0,50,1.8250019469419732
noise_x_queries,nq=50,41,10.0,50,1.955873833297175
noise_x_queries,nq=50,42,10.0,50,1.8515511092335437
noise_x_queries,nq=50,43,10.0,50,1.7252397656717464
noise_x_queries,nq=50,44,10.0,50,1.768647994141818
noise_x_queries,nq=50,45,10.0,50,2.0741243921633767
noise_x_queries,nq=50,46,10.0,50,1.6967270911510848
noise_x_queries,nq=50,47,10.0,50,1.5515205219967785
noise_x_queries,nq=50,48,10.0,50,1.8191336200955384
noise_x_queries,nq=50,49,10.0,50,1.6279612047301784
