experiment,estimator,rmse,seed,query_obs_prob
query_sparsity,rbf_paired,2.227905470243804,0,0.1
query_sparsity,rbf_unpaired,1.7235417361620755,0,0.1
query_sparsity,rbf_combined,1.504968541789497,0,0.1
query_sparsity,rbf_paired,2.4577109833843065,1,0.1
query_sparsity,rbf_unpaired,1.9301327200756566,1,0.1
query_sparsity,rbf_combined,1.7600004193815237,1,0.1
query_sparsity,rbf_paired,2.173949188615438,2,0.1
query_sparsity,rbf_unpaired,1.839740082276085,2,0.1
query_sparsity,rbf_combined,1.4176476655954726,2,0.1
query_sparsity,rbf_paired,2.300631963336384,3,0.1
query_sparsity,rbf_unpaired,1.8531391102075288,3,0.1
query_sparsity,rbf_combined,1.614602432153503,3,0.1
query_sparsity,rbf_paired,2.314125346365914,4,0.1
query_sparsity,rbf_unpaired,2.0844678476132423,4,0.1
query_sparsity,rbf_combined,1.5831665763774891,4,0.1
query_sparsity,rbf_paired,2.3808740417637386,5,0.1
query_sparsity,rbf_unpaired,1.9082087795772753,5,0.1
query_sparsity,rbf_combined,1.6737766779510241,5,0.1
query_sparsity,rbf_paired,2.2403224975465497,6,0.1
query_sparsity,rbf_unpaired,1.7059552980433084,6,0.1
query_sparsity,rbf_combined,1.5064737026277368,6,0.1
query_sparsity,rbf_paired,1.9324981442339602,7,0.1
query_sparsity,rbf_unpaired,1.5866537771307132,7,0.1
query_sparsity,rbf_combined,1.2846042673930376,7,0.1
query_sparsity,rbf_paired,2.4083459266155955,8,0.1
query_sparsity,rbf_unpaired,1.9402387212405443,8,0.1
query_sparsity,rbf_combined,1.7180566552907597,8,0.1
query_sparsity,rbf_paired,2.440690326778072,9,0.1
query_sparsity,rbf_unpaired,2.0026038660166914,9,0.1
query_sparsity,rbf_combined,1.6533950814136071,9,0.1
query_sparsity,rbf_paired,2.4329649849499413,10,0.1
query_sparsity,rbf_unpaired,2.107932714564447,10,0.1
query_sparsity,rbf_combined,1.582727317089196,10,0.1
query_sparsity,rbf_paired,2.261434575814888,11,0.1
query_sparsity,rbf_unpaired,2.017702367104403,11,0.1
query_sparsity,rbf_combined,1.5166283039982498,11,0.1
query_sparsity,rbf_paired,2.447414283013259,12,0.1
query_sparsity,rbf_unpaired,2.099389366944323,12,0.1
query_sparsity,rbf_combined,1.6243897184850584,12,0.1
query_sparsity,rbf_paired,2.7265634936901453,13,0.1
query_sparsity,rbf_unpaired,2.306260291139958,13,0.1
query_sparsity,rbf_combined,1.921403374922198,13,0.1
query_sparsity,rbf_paired,2.4798636055634766,14,0.1
query_sparsity,rbf_unpaired,1.8210669108721074,14,0.1
query_sparsity,rbf_combined,1.6649516531593733,14,0.1
query_sparsity,rbf_paired,2.27211867265106,15,0.1
query_sparsity,rbf_unpaired,1.8187111052481795,15,0.1
query_sparsity,rbf_combined,1.5432079294835455,15,0.1
query_sparsity,rbf_paired,2.095932462009304,16,0.1
query_sparsity,rbf_unpaired,1.7107433774730172,16,0.1
query_sparsity,rbf_combined,1.4822060222689124,16,0.1
query_sparsity,rbf_paired,2.206396796926013,17,0.1
query_sparsity,rbf_unpaired,1.848187282256343,17,0.1
query_sparsity,rbf_combined,1.5123322239772663,17,0.1
query_sparsity,rbf_paired,2.7203646347103643,18,0.1
query_sparsity,rbf_unpaired,2.07513360236261,18,0.1
query_sparsity,rbf_combined,1.9265288117552188,18,0.1
query_sparsity,rbf_paired,2.4936639489377397,19,0.1
query_sparsity,rbf_unpaired,1.985633458239283,19,0.1
query_sparsity,rbf_combined,1.7634382121330985,19,0.1
query_sparsity,rbf_paired,2.3355390275091112,20,0.1
query_sparsity,rbf_unpaired,1.8377921856260702,20,0.1
query_sparsity,rbf_combined,1.661538944163854,20,0.1
query_sparsity,rbf_paired,2.406696445717569,21,0.1
query_sparsity,rbf_unpaired,2.020549983048006,21,0.1
query_sparsity,rbf_combined,1.698245275104661,21,0.1
query_sparsity,rbf_paired,2.5064006152636424,22,0.1
query_sparsity,rbf_unpaired,2.252081918984335,22,0.1
query_sparsity,rbf_combined,1.7410029412097547,22,0.1
query_sparsity,rbf_paired,2.3134358928145033,23,0.1
query_sparsity,rbf_unpaired,1.6930162671071316,23,0.1
query_sparsity,rbf_combined,1.5479203295549857,23,0.1
query_sparsity,rbf_paired,2.431823553729994,24,0.1
query_sparsity,rbf_unpaired,2.0339174422406012,24,0.1
query_sparsity,rbf_combined,1.6530724795876532,24,0.1
query_sparsity,rbf_paired,2.50037892743009,25,0.1
query_sparsity,rbf_unpaired,1.945096326986308,25,0.1
query_sparsity,rbf_combined,1.7514796161135266,25,0.1
query_sparsity,rbf_paired,2.3014062578295165,26,0.1
query_sparsity,rbf_unpaired,1.9870761474043128,26,0.1
query_sparsity,rbf_combined,1.647647055727365,26,0.1
query_sparsity,rbf_paired,2.181056826350935,27,0.1
query_sparsity,rbf_unpaired,1.8117948469545186,27,0.1
query_sparsity,rbf_combined,1.5550797348975443,27,0.1
query_sparsity,rbf_paired,2.3000983526867853,28,0.1
query_sparsity,rbf_unpaired,1.5960136704836345,28,0.1
query_sparsity,rbf_combined,1.4247253382707843,28,0.1
query_sparsity,rbf_paired,2.2763942029662165,29,0.1
query_sparsity,rbf_unpaired,1.9363887953978893,29,0.1
query_sparsity,rbf_combined,1.5760618142816947,29,0.1
query_sparsity,rbf_paired,2.444097410941868,30,0.1
query_sparsity,rbf_unpaired,1.8821061677890654,30,0.1
query_sparsity,rbf_combined,1.7082976798012575,30,0.1
query_sparsity,rbf_paired,2.65881054610117,31,0.1
query_sparsity,rbf_unpaired,2.311116558825523,31,0.1
query_sparsity,rbf_combined,1.8126798888991806,31,0.1
query_sparsity,rbf_paired,2.141489572868189,32,0.1
query_sparsity,rbf_unpaired,1.824846945652433,32,0.1
query_sparsity,rbf_combined,1.4046737864134617,32,0.1
query_sparsity,rbf_paired,2.3436978964073405,33,0.1
query_sparsity,rbf_unpaired,2.1174686551655704,33,0.1
query_sparsity,rbf_combined,1.6067151731999585,33,0.1
query_sparsity,rbf_paired,2.4464823096932817,34,0.1
query_sparsity,rbf_unpaired,1.8970973443445496,34,0.1
query_sparsity,rbf_combined,1.6211906966114409,34,0.1
query_sparsity,rbf_paired,2.3373156323096915,35,0.1
query_sparsity,rbf_unpaired,1.760043925536813,35,0.1
query_sparsity,rbf_combined,1.4929454400868296,35,0.1
query_sparsity,rbf_paired,2.029727289506248,36,0.1
query_sparsity,rbf_unpaired,1.530949456324365,36,0.1
query_sparsity,rbf_combined,1.3093931038639104,36,0.1
query_sparsity,rbf_paired,2.2116945722577763,37,0.1
query_sparsity,rbf_unpaired,1.721042977840851,37,0.1
query_sparsity,rbf_combined,1.5295901423529965,37,0.1
query_sparsity,rbf_paired,2.1394369970139766,38,0.1
query_sparsity,rbf_unpaired,1.811082226435326,38,0.1
query_sparsity,rbf_combined,1.4323956176923165,38,0.1
query_sparsity,rbf_paired,2.4429282415916,39,0.1
query_sparsity,rbf_unpaired,1.9116853211323241,39,0.1
query_sparsity,rbf_combined,1.6847816339902595,39,0.1
query_sparsity,rbf_paired,2.554032089773608,40,0.1
query_sparsity,rbf_unpaired,2.1494843165488384,40,0.1
query_sparsity,rbf_combined,1.6817793646621197,40,0.1
query_sparsity,rbf_paired,2.63869865325501,41,0.1
query_sparsity,rbf_unpaired,1.9136424105534806,41,0.1
query_sparsity,rbf_combined,1.7906842561554133,41,0.1
query_sparsity,rbf_paired,2.4766557724020317,42,0.1
query_sparsity,rbf_unpaired,2.0624345612777035,42,0.1
query_sparsity,rbf_combined,1.693652374057321,42,0.1
query_sparsity,rbf_paired,2.527819852198498,43,0.1
query_sparsity,rbf_unpaired,1.7907361688595442,43,0.1
query_sparsity,rbf_combined,1.5181707707501257,43,0.1
query_sparsity,rbf_paired,2.3878405124835296,44,0.1
query_sparsity,rbf_unpaired,2.1177237140455776,44,0.1
query_sparsity,rbf_combined,1.6100345636454234,44,0.1
query_sparsity,rbf_paired,2.6368093984188805,45,0.1
query_sparsity,rbf_unpaired,2.1949758739479277,45,0.1
query_sparsity,rbf_combined,2.0227446524364523,45,0.1
query_sparsity,rbf_paired,2.328011728799272,46,0.1
query_sparsity,rbf_unpaired,1.9243647308332064,46,0.1
query_sparsity,rbf_combined,1.5927085960343728,46,0.1
query_sparsity,rbf_paired,2.1190727587359195,47,0.1
query_sparsity,rbf_unpaired,2.063307715419239,47,0.1
query_sparsity,rbf_combined,1.4269918904575454,47,0.1
query_sparsity,rbf_paired,2.446874714251028,48,0.1
query_sparsity,rbf_unpaired,1.8808667337181264,48,0.1
query_sparsity,rbf_combined,1.6497897186156787,48,0.1
query_sparsity,rbf_paired,2.2374996597324452,49,0.1
query_sparsity,rbf_unpaired,1.9617331157356948,49,0.1
query_sparsity,rbf_combined,1.4654846302532534,49,0.1
query_sparsity,rbf_paired,2.2408330263278007,0,0.2
query_sparsity,rbf_unpaired,1.679896132661642,0,0.2
query_sparsity,rbf_combined,1.5763026252560175,0,0.2
query_sparsity,rbf_paired,2.424938328949546,1,0.2
query_sparsity,rbf_unpaired,1.9412144339088044,1,0.2
query_sparsity,rbf_combined,1.7379418563392295,1,0.2
query_sparsity,rbf_paired,2.203589995282816,2,0.2
query_sparsity,rbf_unpaired,1.8476042662365542,2,0.2
query_sparsity,rbf_combined,1.408470468646035,2,0.2
query_sparsity,rbf_paired,2.2985175170513954,3,0.2
query_sparsity,rbf_unpaired,1.8946557758241325,3,0.2
query_sparsity,rbf_combined,1.61262150711758,3,0.2
query_sparsity,rbf_paired,2.3082264719789634,4,0.2
query_sparsity,rbf_unpaired,1.836176525483545,4,0.2
query_sparsity,rbf_combined,1.570582965143147,4,0.2
query_sparsity,rbf_paired,2.419415695517375,5,0.2
query_sparsity,rbf_unpaired,1.910112582610896,5,0.2
query_sparsity,rbf_combined,1.634860090682354,5,0.2
query_sparsity,rbf_paired,2.283958234406742,6,0.2
query_sparsity,rbf_unpaired,1.8366974493799146,6,0.2
query_sparsity,rbf_combined,1.512237632015904,6,0.2
query_sparsity,rbf_paired,1.9523505315315601,7,0.2
query_sparsity,rbf_unpaired,1.5442213099223139,7,0.2
query_sparsity,rbf_combined,1.276195225942021,7,0.2
query_sparsity,rbf_paired,2.4432007273494065,8,0.2
query_sparsity,rbf_unpaired,1.9164121439403712,8,0.2
query_sparsity,rbf_combined,1.6925896073381534,8,0.2
query_sparsity,rbf_paired,2.444573646983874,9,0.2
query_sparsity,rbf_unpaired,2.0285752183651167,9,0.2
query_sparsity,rbf_combined,1.6073512767768832,9,0.2
query_sparsity,rbf_paired,2.4323800392548303,10,0.2
query_sparsity,rbf_unpaired,1.8002888810440851,10,0.2
query_sparsity,rbf_combined,1.570248157246122,10,0.2
query_sparsity,rbf_paired,2.2976218719345494,11,0.2
query_sparsity,rbf_unpaired,1.709262471772147,11,0.2
query_sparsity,rbf_combined,1.5364941938217995,11,0.2
query_sparsity,rbf_paired,2.4153040080989743,12,0.2
query_sparsity,rbf_unpaired,2.4209106398305877,12,0.2
query_sparsity,rbf_combined,1.5745568111597796,12,0.2
query_sparsity,rbf_paired,2.6721394547107953,13,0.2
query_sparsity,rbf_unpaired,2.328222057025641,13,0.2
query_sparsity,rbf_combined,1.8146772748099484,13,0.2
query_sparsity,rbf_paired,2.426731477550574,14,0.2
query_sparsity,rbf_unpaired,1.784169440128825,14,0.2
query_sparsity,rbf_combined,1.6205210827386503,14,0.2
query_sparsity,rbf_paired,2.2939136559757913,15,0.2
query_sparsity,rbf_unpaired,1.7535244398564194,15,0.2
query_sparsity,rbf_combined,1.5169765604463727,15,0.2
query_sparsity,rbf_paired,2.0973251333317604,16,0.2
query_sparsity,rbf_unpaired,1.7609887920546703,16,0.2
query_sparsity,rbf_combined,1.4743304088809375,16,0.2
query_sparsity,rbf_paired,2.215733133977117,17,0.2
query_sparsity,rbf_unpaired,1.9010911189517798,17,0.2
query_sparsity,rbf_combined,1.533867924810587,17,0.2
query_sparsity,rbf_paired,2.636459933725658,18,0.2
query_sparsity,rbf_unpaired,2.05091810000259,18,0.2
query_sparsity,rbf_combined,1.917382881246763,18,0.2
query_sparsity,rbf_paired,2.4677132330067617,19,0.2
query_sparsity,rbf_unpaired,1.9917515366158032,19,0.2
query_sparsity,rbf_combined,1.7443089427644334,19,0.2
query_sparsity,rbf_paired,2.34348484608027,20,0.2
query_sparsity,rbf_unpaired,1.8337771435038892,20,0.2
query_sparsity,rbf_combined,1.6174908112447581,20,0.2
query_sparsity,rbf_paired,2.394944946520704,21,0.2
query_sparsity,rbf_unpaired,2.025838659254301,21,0.2
query_sparsity,rbf_combined,1.6856063556403709,21,0.2
query_sparsity,rbf_paired,2.5235704677213278,22,0.2
query_sparsity,rbf_unpaired,1.9653162155013069,22,0.2
query_sparsity,rbf_combined,1.7094122832637,22,0.2
query_sparsity,rbf_paired,2.4012123352524624,23,0.2
query_sparsity,rbf_unpaired,1.9461689941103204,23,0.2
query_sparsity,rbf_combined,1.5370707015332872,23,0.2
query_sparsity,rbf_paired,2.3794403243700697,24,0.2
query_sparsity,rbf_unpaired,2.010842522090423,24,0.2
query_sparsity,rbf_combined,1.641469877426482,24,0.2
query_sparsity,rbf_paired,2.5021411281681276,25,0.2
query_sparsity,rbf_unpaired,1.8361090529480408,25,0.2
query_sparsity,rbf_combined,1.7610141775430679,25,0.2
query_sparsity,rbf_paired,2.324507259958565,26,0.2
query_sparsity,rbf_unpaired,1.9137422507952082,26,0.2
query_sparsity,rbf_combined,1.6879911261362333,26,0.2
query_sparsity,rbf_paired,2.18087461857467,27,0.2
query_sparsity,rbf_unpaired,1.711241848875228,27,0.2
query_sparsity,rbf_combined,1.4978076106423996,27,0.2
query_sparsity,rbf_paired,2.277128813528242,28,0.2
query_sparsity,rbf_unpaired,1.6666989193623414,28,0.2
query_sparsity,rbf_combined,1.453887627428777,28,0.2
query_sparsity,rbf_paired,2.234299221200608,29,0.2
query_sparsity,rbf_unpaired,1.9180637477835025,29,0.2
query_sparsity,rbf_combined,1.53890411938717,29,0.2
query_sparsity,rbf_paired,2.4347261197352097,30,0.2
query_sparsity,rbf_unpaired,1.850603769403059,30,0.2
query_sparsity,rbf_combined,1.6602458527843886,30,0.2
query_sparsity,rbf_paired,2.7469980149712407,31,0.2
query_sparsity,rbf_unpaired,2.1227774885434805,31,0.2
query_sparsity,rbf_combined,1.832028674934106,31,0.2
query_sparsity,rbf_paired,2.148419495845741,32,0.2
query_sparsity,rbf_unpaired,1.9932684261564417,32,0.2
query_sparsity,rbf_combined,1.423471051558908,32,0.2
query_sparsity,rbf_paired,2.2689774900011748,33,0.2
query_sparsity,rbf_unpaired,1.9920545262855498,33,0.2
query_sparsity,rbf_combined,1.620782084842376,33,0.2
query_sparsity,rbf_paired,2.4123734794560425,34,0.2
query_sparsity,rbf_unpaired,1.8706293450166855,34,0.2
query_sparsity,rbf_combined,1.6532190767908532,34,0.2
query_sparsity,rbf_paired,2.3532135384566053,35,0.2
query_sparsity,rbf_unpaired,1.7317409465389189,35,0.2
query_sparsity,rbf_combined,1.5085013340049382,35,0.2
query_sparsity,rbf_paired,2.025054652050946,36,0.2
query_sparsity,rbf_unpaired,1.5578683112430889,36,0.2
query_sparsity,rbf_combined,1.371230236279153,36,0.2
query_sparsity,rbf_paired,2.2027256205921337,37,0.2
query_sparsity,rbf_unpaired,1.7303132183300387,37,0.2
query_sparsity,rbf_combined,1.5101263514228374,37,0.2
query_sparsity,rbf_paired,2.0673248808946987,38,0.2
query_sparsity,rbf_unpaired,1.808222790787643,38,0.2
query_sparsity,rbf_combined,1.4053368826943455,38,0.2
query_sparsity,rbf_paired,2.3928595771610754,39,0.2
query_sparsity,rbf_unpaired,1.7955345047938946,39,0.2
query_sparsity,rbf_combined,1.7099573211499473,39,0.2
query_sparsity,rbf_paired,2.491832719838438,40,0.2
query_sparsity,rbf_unpaired,2.1211271068695927,40,0.2
query_sparsity,rbf_combined,1.6756128042079093,40,0.2
query_sparsity,rbf_paired,2.682537134434727,41,0.2
query_sparsity,rbf_unpaired,1.9285262937137484,41,0.2
query_sparsity,rbf_combined,1.809983850938845,41,0.2
query_sparsity,rbf_paired,2.5476799330639217,42,0.2
query_sparsity,rbf_unpaired,1.8499793796382196,42,0.2
query_sparsity,rbf_combined,1.6268834487059776,42,0.2
query_sparsity,rbf_paired,2.5381561610359626,43,0.2
query_sparsity,rbf_unpaired,1.8870419955370874,43,0.2
query_sparsity,rbf_combined,1.546041720048102,43,0.2
query_sparsity,rbf_paired,2.3489239356257574,44,0.2
query_sparsity,rbf_unpaired,2.1261903091774204,44,0.2
query_sparsity,rbf_combined,1.606159407232961,44,0.2
query_sparsity,rbf_paired,2.659547819006772,45,0.2
query_sparsity,rbf_unpaired,2.228647817792921,45,0.2
query_sparsity,rbf_combined,2.0305889447128287,45,0.2
query_sparsity,rbf_paired,2.283792606917552,46,0.2
query_sparsity,rbf_unpaired,1.8426463165427034,46,0.2
query_sparsity,rbf_combined,1.5705615690148287,46,0.2
query_sparsity,rbf_paired,2.13132884260115,47,0.2
query_sparsity,rbf_unpaired,1.8451966953252898,47,0.2
query_sparsity,rbf_combined,1.4489748061364618,47,0.2
query_sparsity,rbf_paired,2.4520800414981125,48,0.2
query_sparsity,rbf_unpaired,1.903995612330884,48,0.2
query_sparsity,rbf_combined,1.6511228371665727,48,0.2
query_sparsity,rbf_paired,2.3345052288437356,49,0.2
query_sparsity,rbf_unpaired,1.7897069903177316,49,0.2
query_sparsity,rbf_combined,1.5110599164032539,49,0.2
query_sparsity,rbf_paired,2.2892136901217373,0,0.3
query_sparsity,rbf_unpaired,1.6507400027131118,0,0.3
query_sparsity,rbf_combined,1.4990036693631603,0,0.3
query_sparsity,rbf_paired,2.4157452119740483,1,0.3
query_sparsity,rbf_unpaired,1.9558683582466108,1,0.3
query_sparsity,rbf_combined,1.737960448089103,1,0.3
query_sparsity,rbf_paired,2.2039754284471136,2,0.3
query_sparsity,rbf_unpaired,1.7023767753850927,2,0.3
query_sparsity,rbf_combined,1.394532358395225,2,0.3
query_sparsity,rbf_paired,2.2932935538348387,3,0.3
query_sparsity,rbf_unpaired,1.8840993318943404,3,0.3
query_sparsity,rbf_combined,1.5510751388549333,3,0.3
query_sparsity,rbf_paired,2.245561400628142,4,0.3
query_sparsity,rbf_unpaired,1.7568851539251904,4,0.3
query_sparsity,rbf_combined,1.532731537671927,4,0.3
query_sparsity,rbf_paired,2.4062514321461688,5,0.3
query_sparsity,rbf_unpaired,1.911091114077642,5,0.3
query_sparsity,rbf_combined,1.577340128597014,5,0.3
query_sparsity,rbf_paired,2.26914737990227,6,0.3
query_sparsity,rbf_unpaired,1.7050267370219543,6,0.3
query_sparsity,rbf_combined,1.5038797875868186,6,0.3
query_sparsity,rbf_paired,1.9680919023873178,7,0.3
query_sparsity,rbf_unpaired,1.3897956758343,7,0.3
query_sparsity,rbf_combined,1.2810746901863304,7,0.3
query_sparsity,rbf_paired,2.386147166091957,8,0.3
query_sparsity,rbf_unpaired,1.9227488937142196,8,0.3
query_sparsity,rbf_combined,1.6811624469210837,8,0.3
query_sparsity,rbf_paired,2.4513553319722554,9,0.3
query_sparsity,rbf_unpaired,1.799842586120168,9,0.3
query_sparsity,rbf_combined,1.6028393179200275,9,0.3
query_sparsity,rbf_paired,2.4280612361350027,10,0.3
query_sparsity,rbf_unpaired,1.8487060871747552,10,0.3
query_sparsity,rbf_combined,1.542784179201945,10,0.3
query_sparsity,rbf_paired,2.276676740403142,11,0.3
query_sparsity,rbf_unpaired,1.9789068549555526,11,0.3
query_sparsity,rbf_combined,1.522540022328465,11,0.3
query_sparsity,rbf_paired,2.4464675987899125,12,0.3
query_sparsity,rbf_unpaired,2.364120434898701,12,0.3
query_sparsity,rbf_combined,1.5723151260156243,12,0.3
query_sparsity,rbf_paired,2.7175741192978533,13,0.3
query_sparsity,rbf_unpaired,2.3284187432209715,13,0.3
query_sparsity,rbf_combined,1.7760042182054923,13,0.3
query_sparsity,rbf_paired,2.4205317849213133,14,0.3
query_sparsity,rbf_unpaired,1.7739635879247717,14,0.3
query_sparsity,rbf_combined,1.614895809605645,14,0.3
query_sparsity,rbf_paired,2.3174398248532855,15,0.3
query_sparsity,rbf_unpaired,1.5856382658961985,15,0.3
query_sparsity,rbf_combined,1.5072633892834821,15,0.3
query_sparsity,rbf_paired,2.090299272191065,16,0.3
query_sparsity,rbf_unpaired,1.6502129124632516,16,0.3
query_sparsity,rbf_combined,1.4491875210356522,16,0.3
query_sparsity,rbf_paired,2.1713202507375775,17,0.3
query_sparsity,rbf_unpaired,1.883385439338181,17,0.3
query_sparsity,rbf_combined,1.4667395980562148,17,0.3
query_sparsity,rbf_paired,2.5978055833535416,18,0.3
query_sparsity,rbf_unpaired,2.057197877680927,18,0.3
query_sparsity,rbf_combined,1.915759845417606,18,0.3
query_sparsity,rbf_paired,2.5117097406416318,19,0.3
query_sparsity,rbf_unpaired,2.0037826247550914,19,0.3
query_sparsity,rbf_combined,1.6738018016749296,19,0.3
query_sparsity,rbf_paired,2.2799763520628233,20,0.3
query_sparsity,rbf_unpaired,1.8514305069358075,20,0.3
query_sparsity,rbf_combined,1.5937066802894804,20,0.3
query_sparsity,rbf_paired,2.3990115724449854,21,0.3
query_sparsity,rbf_unpaired,2.063817534694816,21,0.3
query_sparsity,rbf_combined,1.6969078044010095,21,0.3
query_sparsity,rbf_paired,2.4513900770821713,22,0.3
query_sparsity,rbf_unpaired,2.0924302380141278,22,0.3
query_sparsity,rbf_combined,1.707200149733021,22,0.3
query_sparsity,rbf_paired,2.3954034269969493,23,0.3
query_sparsity,rbf_unpaired,1.7546352822062967,23,0.3
query_sparsity,rbf_combined,1.537123669875787,23,0.3
query_sparsity,rbf_paired,2.422407888351933,24,0.3
query_sparsity,rbf_unpaired,1.9139467480554526,24,0.3
query_sparsity,rbf_combined,1.6585971903657282,24,0.3
query_sparsity,rbf_paired,2.443095274381839,25,0.3
query_sparsity,rbf_unpaired,1.875539791506102,25,0.3
query_sparsity,rbf_combined,1.694122360978218,25,0.3
query_sparsity,rbf_paired,2.3337128935485354,26,0.3
query_sparsity,rbf_unpaired,1.8347432411769609,26,0.3
query_sparsity,rbf_combined,1.6528155904257327,26,0.3
query_sparsity,rbf_paired,2.18528564335779,27,0.3
query_sparsity,rbf_unpaired,1.714731761748702,27,0.3
query_sparsity,rbf_combined,1.4900192927184284,27,0.3
query_sparsity,rbf_paired,2.286266598698988,28,0.3
query_sparsity,rbf_unpaired,1.6130487741524806,28,0.3
query_sparsity,rbf_combined,1.3947063471607537,28,0.3
query_sparsity,rbf_paired,2.2497659765866813,29,0.3
query_sparsity,rbf_unpaired,1.8619326312718163,29,0.3
query_sparsity,rbf_combined,1.5301270809020817,29,0.3
query_sparsity,rbf_paired,2.371615150477632,30,0.3
query_sparsity,rbf_unpaired,1.758877864740496,30,0.3
query_sparsity,rbf_combined,1.592096136189261,30,0.3
query_sparsity,rbf_paired,2.662294443544329,31,0.3
query_sparsity,rbf_unpaired,2.1285739287045304,31,0.3
query_sparsity,rbf_combined,1.7724521275255194,31,0.3
query_sparsity,rbf_paired,2.176237809582558,32,0.3
query_sparsity,rbf_unpaired,1.69564858510633,32,0.3
query_sparsity,rbf_combined,1.4077088756213556,32,0.3
query_sparsity,rbf_paired,2.325339442713972,33,0.3
query_sparsity,rbf_unpaired,1.9015492165449646,33,0.3
query_sparsity,rbf_combined,1.5321219809415167,33,0.3
query_sparsity,rbf_paired,2.335038826861394,34,0.3
query_sparsity,rbf_unpaired,1.9020820378104377,34,0.3
query_sparsity,rbf_combined,1.6644836709265252,34,0.3
query_sparsity,rbf_paired,2.3735207287948987,35,0.3
query_sparsity,rbf_unpaired,1.9066671761361829,35,0.3
query_sparsity,rbf_combined,1.505518592087467,35,0.3
query_sparsity,rbf_paired,1.9834632251579605,36,0.3
query_sparsity,rbf_unpaired,1.5320714256788355,36,0.3
query_sparsity,rbf_combined,1.279119785872726,36,0.3
query_sparsity,rbf_paired,2.1889292856176743,37,0.3
query_sparsity,rbf_unpaired,1.7480606806241705,37,0.3
query_sparsity,rbf_combined,1.5489690608843465,37,0.3
query_sparsity,rbf_paired,2.1134323787336977,38,0.3
query_sparsity,rbf_unpaired,1.8022161558411358,38,0.3
query_sparsity,rbf_combined,1.4178880420686493,38,0.3
query_sparsity,rbf_paired,2.3786375099186405,39,0.3
query_sparsity,rbf_unpaired,1.7107598632301453,39,0.3
query_sparsity,rbf_combined,1.6200887561172683,39,0.3
query_sparsity,rbf_paired,2.53176891037187,40,0.3
query_sparsity,rbf_unpaired,2.094180621945655,40,0.3
query_sparsity,rbf_combined,1.694323262401964,40,0.3
query_sparsity,rbf_paired,2.6145925061312076,41,0.3
query_sparsity,rbf_unpaired,1.8889395440213916,41,0.3
query_sparsity,rbf_combined,1.7147048649251462,41,0.3
query_sparsity,rbf_paired,2.480933458409093,42,0.3
query_sparsity,rbf_unpaired,1.820955162873644,42,0.3
query_sparsity,rbf_combined,1.6640424446729336,42,0.3
query_sparsity,rbf_paired,2.4908969523051447,43,0.3
query_sparsity,rbf_unpaired,1.7148496575053613,43,0.3
query_sparsity,rbf_combined,1.5482623155502915,43,0.3
query_sparsity,rbf_paired,2.282193290596795,44,0.3
query_sparsity,rbf_unpaired,1.9810119669819106,44,0.3
query_sparsity,rbf_combined,1.5525293152200312,44,0.3
query_sparsity,rbf_paired,2.6089678241158083,45,0.3
query_sparsity,rbf_unpaired,2.1233397199600605,45,0.3
query_sparsity,rbf_combined,2.0506571569871723,45,0.3
query_sparsity,rbf_paired,2.3111074400826777,46,0.3
query_sparsity,rbf_unpaired,1.9032743833759183,46,0.3
query_sparsity,rbf_combined,1.6161226723040116,46,0.3
query_sparsity,rbf_paired,2.1094652423822757,47,0.3
query_sparsity,rbf_unpaired,1.7812698054716742,47,0.3
query_sparsity,rbf_combined,1.4189211207845513,47,0.3
query_sparsity,rbf_paired,2.460531170679241,48,0.3
query_sparsity,rbf_unpaired,1.934412157308928,48,0.3
query_sparsity,rbf_combined,1.6826079918567924,48,0.3
query_sparsity,rbf_paired,2.303324659778475,49,0.3
query_sparsity,rbf_unpaired,1.8111766523369932,49,0.3
query_sparsity,rbf_combined,1.4756058210111476,49,0.3
query_sparsity,rbf_paired,2.1244846046881585,0,0.5
query_sparsity,rbf_unpaired,1.581111157695071,0,0.5
query_sparsity,rbf_combined,1.4582916974489886,0,0.5
query_sparsity,rbf_paired,2.3962363115003544,1,0.5
query_sparsity,rbf_unpaired,1.9095335009799832,1,0.5
query_sparsity,rbf_combined,1.7047664803577796,1,0.5
query_sparsity,rbf_paired,2.067740396831885,2,0.5
query_sparsity,rbf_unpaired,1.7301285484538684,2,0.5
query_sparsity,rbf_combined,1.3553647289034856,2,0.5
query_sparsity,rbf_paired,2.151142617583579,3,0.5
query_sparsity,rbf_unpaired,1.7629199521374137,3,0.5
query_sparsity,rbf_combined,1.4892881975750087,3,0.5
query_sparsity,rbf_paired,2.2357065019631643,4,0.5
query_sparsity,rbf_unpaired,1.7360489143810511,4,0.5
query_sparsity,rbf_combined,1.5471445600583982,4,0.5
query_sparsity,rbf_paired,2.2730956953205914,5,0.5
query_sparsity,rbf_unpaired,1.6668680735145385,5,0.5
query_sparsity,rbf_combined,1.5919765403969568,5,0.5
query_sparsity,rbf_paired,2.25962113200645,6,0.5
query_sparsity,rbf_unpaired,1.730661550310884,6,0.5
query_sparsity,rbf_combined,1.469431031043952,6,0.5
query_sparsity,rbf_paired,1.8803192161124818,7,0.5
query_sparsity,rbf_unpaired,1.38151903772631,7,0.5
query_sparsity,rbf_combined,1.2481354031152514,7,0.5
query_sparsity,rbf_paired,2.3957148027895965,8,0.5
query_sparsity,rbf_unpaired,1.9319022216523627,8,0.5
query_sparsity,rbf_combined,1.6368918984035634,8,0.5
query_sparsity,rbf_paired,2.389010672366202,9,0.5
query_sparsity,rbf_unpaired,1.7774364675927368,9,0.5
query_sparsity,rbf_combined,1.5800065383690458,9,0.5
query_sparsity,rbf_paired,2.4075250908020234,10,0.5
query_sparsity,rbf_unpaired,1.7821580807411337,10,0.5
query_sparsity,rbf_combined,1.5477720895511657,10,0.5
query_sparsity,rbf_paired,2.178726826293305,11,0.5
query_sparsity,rbf_unpaired,1.6879336149496451,11,0.5
query_sparsity,rbf_combined,1.4899036244896338,11,0.5
query_sparsity,rbf_paired,2.391418160789194,12,0.5
query_sparsity,rbf_unpaired,2.040313687001187,12,0.5
query_sparsity,rbf_combined,1.5424593964783087,12,0.5
query_sparsity,rbf_paired,2.7024484741018604,13,0.5
query_sparsity,rbf_unpaired,2.262468833826396,13,0.5
query_sparsity,rbf_combined,1.8194424617496725,13,0.5
query_sparsity,rbf_paired,2.3225891356745003,14,0.5
query_sparsity,rbf_unpaired,1.72371023276417,14,0.5
query_sparsity,rbf_combined,1.6099900107737029,14,0.5
query_sparsity,rbf_paired,2.2417102096580885,15,0.5
query_sparsity,rbf_unpaired,1.5185428825298348,15,0.5
query_sparsity,rbf_combined,1.4754723492659538,15,0.5
query_sparsity,rbf_paired,2.0546264086383417,16,0.5
query_sparsity,rbf_unpaired,1.6629588867986582,16,0.5
query_sparsity,rbf_combined,1.3959044088049997,16,0.5
query_sparsity,rbf_paired,2.1214456259440833,17,0.5
query_sparsity,rbf_unpaired,1.823055464611238,17,0.5
query_sparsity,rbf_combined,1.4822459820356244,17,0.5
query_sparsity,rbf_paired,2.5419418803666276,18,0.5
query_sparsity,rbf_unpaired,2.059554794236239,18,0.5
query_sparsity,rbf_combined,1.9032227132306525,18,0.5
query_sparsity,rbf_paired,2.2877712820538476,19,0.5
query_sparsity,rbf_unpaired,1.9802031226968293,19,0.5
query_sparsity,rbf_combined,1.6628143086002711,19,0.5
query_sparsity,rbf_paired,2.2185226266842655,20,0.5
query_sparsity,rbf_unpaired,1.7949774235893576,20,0.5
query_sparsity,rbf_combined,1.6140429943819083,20,0.5
query_sparsity,rbf_paired,2.3734772394316592,21,0.5
query_sparsity,rbf_unpaired,2.0310709892174628,21,0.5
query_sparsity,rbf_combined,1.6471182900930148,21,0.5
query_sparsity,rbf_paired,2.4164152946853648,22,0.5
query_sparsity,rbf_unpaired,1.951781380909523,22,0.5
query_sparsity,rbf_combined,1.6563159697417875,22,0.5
query_sparsity,rbf_paired,2.309780083272568,23,0.5
query_sparsity,rbf_unpaired,1.6447294048862102,23,0.5
query_sparsity,rbf_combined,1.4912486921936403,23,0.5
query_sparsity,rbf_paired,2.3249841872996946,24,0.5
query_sparsity,rbf_unpaired,1.8866496316023138,24,0.5
query_sparsity,rbf_combined,1.6025940372496665,24,0.5
query_sparsity,rbf_paired,2.38552225996124,25,0.5
query_sparsity,rbf_unpaired,1.8598318725976062,25,0.5
query_sparsity,rbf_combined,1.7134884662329612,25,0.5
query_sparsity,rbf_paired,2.2730981513383264,26,0.5
query_sparsity,rbf_unpaired,1.8374385444718169,26,0.5
query_sparsity,rbf_combined,1.6155906734502272,26,0.5
query_sparsity,rbf_paired,2.047804934530408,27,0.5
query_sparsity,rbf_unpaired,1.7113342376741985,27,0.5
query_sparsity,rbf_combined,1.453027374355257,27,0.5
query_sparsity,rbf_paired,2.2386290078153483,28,0.5
query_sparsity,rbf_unpaired,1.5139230855759553,28,0.5
query_sparsity,rbf_combined,1.3887529027407162,28,0.5
query_sparsity,rbf_paired,2.19189720855745,29,0.5
query_sparsity,rbf_unpaired,1.7981818540966306,29,0.5
query_sparsity,rbf_combined,1.4667331376474881,29,0.5
query_sparsity,rbf_paired,2.3414627681315,30,0.5
query_sparsity,rbf_unpaired,1.7165226938350808,30,0.5
query_sparsity,rbf_combined,1.5978323924130364,30,0.5
query_sparsity,rbf_paired,2.7087750927070684,31,0.5
query_sparsity,rbf_unpaired,2.0744103782382477,31,0.5
query_sparsity,rbf_combined,1.7609665681661788,31,0.5
query_sparsity,rbf_paired,2.127336613309669,32,0.5
query_sparsity,rbf_unpaired,1.653725383673769,32,0.5
query_sparsity,rbf_combined,1.39569744589944,32,0.5
query_sparsity,rbf_paired,2.284883492610794,33,0.5
query_sparsity,rbf_unpaired,1.9305717629127503,33,0.5
query_sparsity,rbf_combined,1.5704729387801186,33,0.5
query_sparsity,rbf_paired,2.297007323064717,34,0.5
query_sparsity,rbf_unpaired,1.7693459578990938,34,0.5
query_sparsity,rbf_combined,1.6681187800814283,34,0.5
query_sparsity,rbf_paired,2.2835171486405246,35,0.5
query_sparsity,rbf_unpaired,1.7547129487858415,35,0.5
query_sparsity,rbf_combined,1.4993191393302736,35,0.5
query_sparsity,rbf_paired,1.9568052091692907,36,0.5
query_sparsity,rbf_unpaired,1.4810217757582878,36,0.5
query_sparsity,rbf_combined,1.280508060475263,36,0.5
query_sparsity,rbf_paired,2.163557722229922,37,0.5
query_sparsity,rbf_unpaired,1.6985028176688497,37,0.5
query_sparsity,rbf_combined,1.4944040956077334,37,0.5
query_sparsity,rbf_paired,2.0000003252693093,38,0.5
query_sparsity,rbf_unpaired,1.5805111636317328,38,0.5
query_sparsity,rbf_combined,1.4035541440813846,38,0.5
query_sparsity,rbf_paired,2.334816638188122,39,0.5
query_sparsity,rbf_unpaired,1.7695186930182274,39,0.5
query_sparsity,rbf_combined,1.667201800512818,39,0.5
query_sparsity,rbf_paired,2.328780056036452,40,0.5
query_sparsity,rbf_unpaired,2.0556021059125777,40,0.5
query_sparsity,rbf_combined,1.6441651699696376,40,0.5
query_sparsity,rbf_paired,2.592513287248235,41,0.5
query_sparsity,rbf_unpaired,1.9183749575912306,41,0.5
query_sparsity,rbf_combined,1.7334982680283244,41,0.5
query_sparsity,rbf_paired,2.4449381229202065,42,0.5
query_sparsity,rbf_unpaired,1.7900064791807753,42,0.5
query_sparsity,rbf_combined,1.609586932973077,42,0.5
query_sparsity,rbf_paired,2.3029156119665033,43,0.5
query_sparsity,rbf_unpaired,1.7908908790054947,43,0.5
query_sparsity,rbf_combined,1.5089379439539865,43,0.5
query_sparsity,rbf_paired,2.3278198016056226,44,0.5
query_sparsity,rbf_unpaired,2.0314359477110324,44,0.5
query_sparsity,rbf_combined,1.563843141764143,44,0.5
query_sparsity,rbf_paired,2.6476799084842577,45,0.5
query_sparsity,rbf_unpaired,2.1466127736010776,45,0.5
query_sparsity,rbf_combined,2.007650083202744,45,0.5
query_sparsity,rbf_paired,2.255279896129083,46,0.5
query_sparsity,rbf_unpaired,1.7508012581516395,46,0.5
query_sparsity,rbf_combined,1.558657858740634,46,0.5
query_sparsity,rbf_paired,1.97839940662974,47,0.5
query_sparsity,rbf_unpaired,1.858698716806589,47,0.5
query_sparsity,rbf_combined,1.4096601730466491,47,0.5
query_sparsity,rbf_paired,2.4334996247768874,48,0.5
query_sparsity,rbf_unpaired,1.8233061086376574,48,0.5
query_sparsity,rbf_combined,1.6225715293840983,48,0.5
query_sparsity,rbf_paired,2.228787407695221,49,0.5
query_sparsity,rbf_unpaired,1.809979226846783,49,0.5
query_sparsity,rbf_combined,1.4608782828425162,49,0.5
query_sparsity,rbf_paired,2.1178446679269234,0,0.7
query_sparsity,rbf_unpaired,1.57244417039508,0,0.7
query_sparsity,rbf_combined,1.4483741361576288,0,0.7
query_sparsity,rbf_paired,2.3263846316622674,1,0.7
query_sparsity,rbf_unpaired,1.9720760067465188,1,0.7
query_sparsity,rbf_combined,1.687792106447861,1,0.7
query_sparsity,rbf_paired,2.0565109346020343,2,0.7
query_sparsity,rbf_unpaired,1.6955642548357415,2,0.7
query_sparsity,rbf_combined,1.348891340119279,2,0.7
query_sparsity,rbf_paired,2.131761139075384,3,0.7
query_sparsity,rbf_unpaired,1.7740482357413847,3,0.7
query_sparsity,rbf_combined,1.5230362867520852,3,0.7
query_sparsity,rbf_paired,2.183294162014726,4,0.7
query_sparsity,rbf_unpaired,1.72284252797532,4,0.7
query_sparsity,rbf_combined,1.514418643889023,4,0.7
query_sparsity,rbf_paired,2.2923970461759273,5,0.7
query_sparsity,rbf_unpaired,1.6598629479215998,5,0.7
query_sparsity,rbf_combined,1.5715486030324939,5,0.7
query_sparsity,rbf_paired,2.2171552209414545,6,0.7
query_sparsity,rbf_unpaired,1.655746943857657,6,0.7
query_sparsity,rbf_combined,1.468936404760787,6,0.7
query_sparsity,rbf_paired,1.764937733261508,7,0.7
query_sparsity,rbf_unpaired,1.3991834682943514,7,0.7
query_sparsity,rbf_combined,1.2226132996643306,7,0.7
query_sparsity,rbf_paired,2.392425229264171,8,0.7
query_sparsity,rbf_unpaired,1.947685073020985,8,0.7
query_sparsity,rbf_combined,1.608305779581652,8,0.7
query_sparsity,rbf_paired,2.374995638172762,9,0.7
query_sparsity,rbf_unpaired,1.7638586469843014,9,0.7
query_sparsity,rbf_combined,1.541103153834365,9,0.7
query_sparsity,rbf_paired,2.3688913182342235,10,0.7
query_sparsity,rbf_unpaired,1.7696897129261118,10,0.7
query_sparsity,rbf_combined,1.5109849749164774,10,0.7
query_sparsity,rbf_paired,2.093732748687193,11,0.7
query_sparsity,rbf_unpaired,1.6760722925023679,11,0.7
query_sparsity,rbf_combined,1.451523827422536,11,0.7
query_sparsity,rbf_paired,2.415061098226149,12,0.7
query_sparsity,rbf_unpaired,2.2660911775769508,12,0.7
query_sparsity,rbf_combined,1.525552771624116,12,0.7
query_sparsity,rbf_paired,2.629968286526141,13,0.7
query_sparsity,rbf_unpaired,2.296513583386054,13,0.7
query_sparsity,rbf_combined,1.7866564736275827,13,0.7
query_sparsity,rbf_paired,2.2501401614354317,14,0.7
query_sparsity,rbf_unpaired,1.7099009171790653,14,0.7
query_sparsity,rbf_combined,1.5493601240440387,14,0.7
query_sparsity,rbf_paired,2.199463522918549,15,0.7
query_sparsity,rbf_unpaired,1.5476218524558591,15,0.7
query_sparsity,rbf_combined,1.4778948850851958,15,0.7
query_sparsity,rbf_paired,2.057600283004908,16,0.7
query_sparsity,rbf_unpaired,1.5825781218680357,16,0.7
query_sparsity,rbf_combined,1.4032209236418927,16,0.7
query_sparsity,rbf_paired,2.1100219411979477,17,0.7
query_sparsity,rbf_unpaired,1.8123665477072863,17,0.7
query_sparsity,rbf_combined,1.4444269681128545,17,0.7
query_sparsity,rbf_paired,2.4829855407122383,18,0.7
query_sparsity,rbf_unpaired,1.9760414828417057,18,0.7
query_sparsity,rbf_combined,1.9057773596442906,18,0.7
query_sparsity,rbf_paired,2.3847685597065005,19,0.7
query_sparsity,rbf_unpaired,1.9270083577459796,19,0.7
query_sparsity,rbf_combined,1.6527241313546794,19,0.7
query_sparsity,rbf_paired,2.2356975888097304,20,0.7
query_sparsity,rbf_unpaired,1.7572188881703936,20,0.7
query_sparsity,rbf_combined,1.5541151418164,20,0.7
query_sparsity,rbf_paired,2.340076678263449,21,0.7
query_sparsity,rbf_unpaired,2.0049090100555587,21,0.7
query_sparsity,rbf_combined,1.6336169004941252,21,0.7
query_sparsity,rbf_paired,2.1862530905084703,22,0.7
query_sparsity,rbf_unpaired,1.9068818949633446,22,0.7
query_sparsity,rbf_combined,1.654442714518917,22,0.7
query_sparsity,rbf_paired,2.333012997990866,23,0.7
query_sparsity,rbf_unpaired,1.7141695553281007,23,0.7
query_sparsity,rbf_combined,1.480329039919461,23,0.7
query_sparsity,rbf_paired,2.3084675404085857,24,0.7
query_sparsity,rbf_unpaired,1.850173604043413,24,0.7
query_sparsity,rbf_combined,1.580342193554339,24,0.7
query_sparsity,rbf_paired,2.3823406263928257,25,0.7
query_sparsity,rbf_unpaired,1.7908862699725883,25,0.7
query_sparsity,rbf_combined,1.6799163704305966,25,0.7
query_sparsity,rbf_paired,2.2619361745225603,26,0.7
query_sparsity,rbf_unpaired,1.8711864031504668,26,0.7
query_sparsity,rbf_combined,1.6134879170226695,26,0.7
query_sparsity,rbf_paired,2.0220806245026264,27,0.7
query_sparsity,rbf_unpaired,1.6117455056751895,27,0.7
query_sparsity,rbf_combined,1.434184278643972,27,0.7
query_sparsity,rbf_paired,2.2408080228247593,28,0.7
query_sparsity,rbf_unpaired,1.509221010977475,28,0.7
query_sparsity,rbf_combined,1.387330792436019,28,0.7
query_sparsity,rbf_paired,2.088983094962752,29,0.7
query_sparsity,rbf_unpaired,1.6092699197896234,29,0.7
query_sparsity,rbf_combined,1.4680809130656318,29,0.7
query_sparsity,rbf_paired,2.269212669554035,30,0.7
query_sparsity,rbf_unpaired,1.6871408919338209,30,0.7
query_sparsity,rbf_combined,1.5998912614180365,30,0.7
query_sparsity,rbf_paired,2.666809446116216,31,0.7
query_sparsity,rbf_unpaired,2.0645514881703217,31,0.7
query_sparsity,rbf_combined,1.71483796636135,31,0.7
query_sparsity,rbf_paired,2.0629875561336593,32,0.7
query_sparsity,rbf_unpaired,1.646932368820567,32,0.7
query_sparsity,rbf_combined,1.3511860747913933,32,0.7
query_sparsity,rbf_paired,2.242401972860114,33,0.7
query_sparsity,rbf_unpaired,1.8744012029860249,33,0.7
query_sparsity,rbf_combined,1.5447519609793379,33,0.7
query_sparsity,rbf_paired,2.251280125139601,34,0.7
query_sparsity,rbf_unpaired,1.8486551715155377,34,0.7
query_sparsity,rbf_combined,1.6106690369493484,34,0.7
query_sparsity,rbf_paired,2.1480643647300823,35,0.7
query_sparsity,rbf_unpaired,1.6435278369053439,35,0.7
query_sparsity,rbf_combined,1.4495264442683145,35,0.7
query_sparsity,rbf_paired,1.9012143208371488,36,0.7
query_sparsity,rbf_unpaired,1.4879884309970195,36,0.7
query_sparsity,rbf_combined,1.2716846291891744,36,0.7
query_sparsity,rbf_paired,2.139818301238529,37,0.7
query_sparsity,rbf_unpaired,1.7038997688751842,37,0.7
query_sparsity,rbf_combined,1.486085582877005,37,0.7
query_sparsity,rbf_paired,2.0307531779973225,38,0.7
query_sparsity,rbf_unpaired,1.734668966094415,38,0.7
query_sparsity,rbf_combined,1.3918164152954804,38,0.7
query_sparsity,rbf_paired,2.2541151429338515,39,0.7
query_sparsity,rbf_unpaired,1.6899039992965652,39,0.7
query_sparsity,rbf_combined,1.6039099779364756,39,0.7
query_sparsity,rbf_paired,2.354324202880248,40,0.7
query_sparsity,rbf_unpaired,1.9157069202127528,40,0.7
query_sparsity,rbf_combined,1.6230954570851677,40,0.7
query_sparsity,rbf_paired,2.4278899266489398,41,0.7
query_sparsity,rbf_unpaired,1.8750846402592052,41,0.7
query_sparsity,rbf_combined,1.7023020732941745,41,0.7
query_sparsity,rbf_paired,2.3764446941072883,42,0.7
query_sparsity,rbf_unpaired,1.8682959583512135,42,0.7
query_sparsity,rbf_combined,1.6063407769249947,42,0.7
query_sparsity,rbf_paired,2.1919674465022263,43,0.7
query_sparsity,rbf_unpaired,1.6871344290511807,43,0.7
query_sparsity,rbf_combined,1.480000165668416,43,0.7
query_sparsity,rbf_paired,2.2794149628987133,44,0.7
query_sparsity,rbf_unpaired,2.0032694121386156,44,0.7
query_sparsity,rbf_combined,1.5521792683387083,44,0.7
query_sparsity,rbf_paired,2.6095551983603786,45,0.7
query_sparsity,rbf_unpaired,2.1294359317593203,45,0.7
query_sparsity,rbf_combined,1.978997774712579,45,0.7
query_sparsity,rbf_paired,2.1287402252169003,46,0.7
query_sparsity,rbf_unpaired,1.69348396577769,46,0.7
query_sparsity,rbf_combined,1.5040745188671636,46,0.7
query_sparsity,rbf_paired,1.8625782736088796,47,0.7
query_sparsity,rbf_unpaired,1.920532557420443,47,0.7
query_sparsity,rbf_combined,1.3921231919968524,47,0.7
query_sparsity,rbf_paired,2.364057724968384,48,0.7
query_sparsity,rbf_unpaired,1.809636674201248,48,0.7
query_sparsity,rbf_combined,1.6016217761746285,48,0.7
query_sparsity,rbf_paired,2.1809242047245463,49,0.7
query_sparsity,rbf_unpaired,1.6885832376191492,49,0.7
query_sparsity,rbf_combined,1.4364183399375217,49,0.7
query_sparsity,rbf_paired,2.1195125355454874,0,1.0
query_sparsity,rbf_unpaired,1.5954117746969003,0,1.0
query_sparsity,rbf_combined,1.4499040639704839,0,1.0
query_sparsity,rbf_paired,2.3878144764371716,1,1.0
query_sparsity,rbf_unpaired,1.892647867654072,1,1.0
query_sparsity,rbf_combined,1.6849635330009762,1,1.0
query_sparsity,rbf_paired,2.028248844309251,2,1.0
query_sparsity,rbf_unpaired,1.7223042040923608,2,1.0
query_sparsity,rbf_combined,1.332907811629474,2,1.0
query_sparsity,rbf_paired,2.1220840273713777,3,1.0
query_sparsity,rbf_unpaired,1.7595357068575277,3,1.0
query_sparsity,rbf_combined,1.480394408746665,3,1.0
query_sparsity,rbf_paired,2.219512373992786,4,1.0
query_sparsity,rbf_unpaired,1.7157008066158543,4,1.0
query_sparsity,rbf_combined,1.5121814386818155,4,1.0
query_sparsity,rbf_paired,2.1696671408364976,5,1.0
query_sparsity,rbf_unpaired,1.6492594635073243,5,1.0
query_sparsity,rbf_combined,1.5719334481461473,5,1.0
query_sparsity,rbf_paired,2.2080271966724423,6,1.0
query_sparsity,rbf_unpaired,1.6348567750333198,6,1.0
query_sparsity,rbf_combined,1.4502050267107576,6,1.0
query_sparsity,rbf_paired,1.780656925014639,7,1.0
query_sparsity,rbf_unpaired,1.3852295169203506,7,1.0
query_sparsity,rbf_combined,1.2249693432662823,7,1.0
query_sparsity,rbf_paired,2.365114912824943,8,1.0
query_sparsity,rbf_unpaired,1.9087061454277112,8,1.0
query_sparsity,rbf_combined,1.6138923511909176,8,1.0
query_sparsity,rbf_paired,2.371636491831297,9,1.0
query_sparsity,rbf_unpaired,1.776798912859656,9,1.0
query_sparsity,rbf_combined,1.5453556379511701,9,1.0
query_sparsity,rbf_paired,2.3739366687015715,10,1.0
query_sparsity,rbf_unpaired,1.7605723354075902,10,1.0
query_sparsity,rbf_combined,1.4942836732558396,10,1.0
query_sparsity,rbf_paired,2.0318231177435098,11,1.0
query_sparsity,rbf_unpaired,1.653162916348755,11,1.0
query_sparsity,rbf_combined,1.4667344509570632,11,1.0
query_sparsity,rbf_paired,2.3749896191862527,12,1.0
query_sparsity,rbf_unpaired,2.269517381917258,12,1.0
query_sparsity,rbf_combined,1.5279153800874592,12,1.0
query_sparsity,rbf_paired,2.6573006776550407,13,1.0
query_sparsity,rbf_unpaired,2.3118605376927306,13,1.0
query_sparsity,rbf_combined,1.7702635144809677,13,1.0
query_sparsity,rbf_paired,2.2839984848921406,14,1.0
query_sparsity,rbf_unpaired,1.7099351808558325,14,1.0
query_sparsity,rbf_combined,1.55341785485287,14,1.0
query_sparsity,rbf_paired,2.1355756281083638,15,1.0
query_sparsity,rbf_unpaired,1.520380433579455,15,1.0
query_sparsity,rbf_combined,1.4528977121633548,15,1.0
query_sparsity,rbf_paired,2.0033441275433495,16,1.0
query_sparsity,rbf_unpaired,1.5816460429306656,16,1.0
query_sparsity,rbf_combined,1.3985582857873666,16,1.0
query_sparsity,rbf_paired,2.132783423357622,17,1.0
query_sparsity,rbf_unpaired,1.8041174106778677,17,1.0
query_sparsity,rbf_combined,1.4549765712282052,17,1.0
query_sparsity,rbf_paired,2.380842166346489,18,1.0
query_sparsity,rbf_unpaired,1.9663178341366923,18,1.0
query_sparsity,rbf_combined,1.8751015854180642,18,1.0
query_sparsity,rbf_paired,2.2265633159724367,19,1.0
query_sparsity,rbf_unpaired,1.9278908285604108,19,1.0
query_sparsity,rbf_combined,1.6460908380033212,19,1.0
query_sparsity,rbf_paired,2.193621286031735,20,1.0
query_sparsity,rbf_unpaired,1.755891621307073,20,1.0
query_sparsity,rbf_combined,1.5696476555992251,20,1.0
query_sparsity,rbf_paired,2.335321795154078,21,1.0
query_sparsity,rbf_unpaired,2.027498403390892,21,1.0
query_sparsity,rbf_combined,1.6445794397941313,21,1.0
query_sparsity,rbf_paired,2.3169344522932676,22,1.0
query_sparsity,rbf_unpaired,1.9305577880718772,22,1.0
query_sparsity,rbf_combined,1.6358226120154995,22,1.0
query_sparsity,rbf_paired,2.3011366108122946,23,1.0
query_sparsity,rbf_unpaired,1.6724376477376586,23,1.0
query_sparsity,rbf_combined,1.4605315746328162,23,1.0
query_sparsity,rbf_paired,2.322273964658703,24,1.0
query_sparsity,rbf_unpaired,1.8568264609554446,24,1.0
query_sparsity,rbf_combined,1.5755613605280536,24,1.0
query_sparsity,rbf_paired,2.325225771691279,25,1.0
query_sparsity,rbf_unpaired,1.8120036013458836,25,1.0
query_sparsity,rbf_combined,1.6585141198674633,25,1.0
query_sparsity,rbf_paired,2.2485282406345717,26,1.0
query_sparsity,rbf_unpaired,1.900530683683675,26,1.0
query_sparsity,rbf_combined,1.6035747197864265,26,1.0
query_sparsity,rbf_paired,2.060284340271682,27,1.0
query_sparsity,rbf_unpaired,1.5940123124759296,27,1.0
query_sparsity,rbf_combined,1.4516612754129194,27,1.0
query_sparsity,rbf_paired,2.2128101203490904,28,1.0
query_sparsity,rbf_unpaired,1.4917548805956966,28,1.0
query_sparsity,rbf_combined,1.357331394415993,28,1.0
query_sparsity,rbf_paired,2.131390600013981,29,1.0
query_sparsity,rbf_unpaired,1.6063009703348707,29,1.0
query_sparsity,rbf_combined,1.4599000587335558,29,1.0
query_sparsity,rbf_paired,2.2824475156117052,30,1.0
query_sparsity,rbf_unpaired,1.6965323679043427,30,1.0
query_sparsity,rbf_combined,1.5859266377000822,30,1.0
query_sparsity,rbf_paired,2.6312734630259635,31,1.0
query_sparsity,rbf_unpaired,2.0142866814530493,31,1.0
query_sparsity,rbf_combined,1.6767939972544323,31,1.0
query_sparsity,rbf_paired,2.0798882764673357,32,1.0
query_sparsity,rbf_unpaired,1.6602403438762294,32,1.0
query_sparsity,rbf_combined,1.356932300159536,32,1.0
query_sparsity,rbf_paired,2.201373263937603,33,1.0
query_sparsity,rbf_unpaired,1.9018921792946746,33,1.0
query_sparsity,rbf_combined,1.5278393364078282,33,1.0
query_sparsity,rbf_paired,2.1681115356054916,34,1.0
query_sparsity,rbf_unpaired,1.7018227167929632,34,1.0
query_sparsity,rbf_combined,1.6148187724611063,34,1.0
query_sparsity,rbf_paired,2.1607764279996475,35,1.0
query_sparsity,rbf_unpaired,1.6842631451143082,35,1.0
query_sparsity,rbf_combined,1.469429300847928,35,1.0
query_sparsity,rbf_paired,1.8786219429560356,36,1.0
query_sparsity,rbf_unpaired,1.3592734905721067,36,1.0
query_sparsity,rbf_combined,1.2500120957646659,36,1.0
query_sparsity,rbf_paired,2.0831084134651303,37,1.0
query_sparsity,rbf_unpaired,1.7112347410861173,37,1.0
query_sparsity,rbf_combined,1.4821756586879395,37,1.0
query_sparsity,rbf_paired,1.939626018697989,38,1.0
query_sparsity,rbf_unpaired,1.713782125421751,38,1.0
query_sparsity,rbf_combined,1.3928286790439233,38,1.0
query_sparsity,rbf_paired,2.2953525864860835,39,1.0
query_sparsity,rbf_unpaired,1.7185148857674657,39,1.0
query_sparsity,rbf_combined,1.6227773936099645,39,1.0
query_sparsity,rbf_paired,2.3028478511396635,40,1.0
query_sparsity,rbf_unpaired,2.0268537331932253,40,1.0
query_sparsity,rbf_combined,1.6318521149211966,40,1.0
query_sparsity,rbf_paired,2.409343914783282,41,1.0
query_sparsity,rbf_unpaired,1.871020921174211,41,1.0
query_sparsity,rbf_combined,1.6863293454133212,41,1.0
query_sparsity,rbf_paired,2.2892733673167953,42,1.0
query_sparsity,rbf_unpaired,1.8364873392291337,42,1.0
query_sparsity,rbf_combined,1.5894526723672031,42,1.0
query_sparsity,rbf_paired,1.999284139753276,43,1.0
query_sparsity,rbf_unpaired,1.6938315803306092,43,1.0
query_sparsity,rbf_combined,1.4719313356070376,43,1.0
query_sparsity,rbf_paired,2.2680406495898873,44,1.0
query_sparsity,rbf_unpaired,2.0005348987961367,44,1.0
query_sparsity,rbf_combined,1.5315651140225606,44,1.0
query_sparsity,rbf_paired,2.5855053861755026,45,1.0
query_sparsity,rbf_unpaired,2.15725497438299,45,1.0
query_sparsity,rbf_combined,1.9735014849739991,45,1.0
query_sparsity,rbf_paired,2.174545972999881,46,1.0
query_sparsity,rbf_unpaired,1.5725771663119101,46,1.0
query_sparsity,rbf_combined,1.5104456727414002,46,1.0
query_sparsity,rbf_paired,1.883619014539438,47,1.0
query_sparsity,rbf_unpaired,1.895264545917567,47,1.0
query_sparsity,rbf_combined,1.3610169883107495,47,1.0
query_sparsity,rbf_paired,2.2692669318676377,48,1.0
query_sparsity,rbf_unpaired,1.8243797890134397,48,1.0
query_sparsity,rbf_combined,1.5856901511321624,48,1.0
query_sparsity,rbf_paired,2.193497361394649,49,1.0
query_sparsity,rbf_unpaired,1.7838709159411454,49,1.0
query_sparsity,rbf_combined,1.4224979793207366,49,1.0
