experiment,estimator,rmse,seed,task_spread
task_spread,rbf_paired,0.23277451025672552,0,0.1
task_spread,rbf_unpaired,0.17628020380156043,0,0.1
task_spread,rbf_combined,0.1626446792598398,0,0.1
task_spread,rbf_paired,0.2662126759609877,1,0.1
task_spread,rbf_unpaired,0.19528087358532362,1,0.1
task_spread,rbf_combined,0.1764824117894572,1,0.1
task_spread,rbf_paired,0.22803033667322534,2,0.1
task_spread,rbf_unpaired,0.17698899716780778,2,0.1
task_spread,rbf_combined,0.16209934868548367,2,0.1
task_spread,rbf_paired,0.23813502339698164,3,0.1
task_spread,rbf_unpaired,0.18918663347703193,3,0.1
task_spread,rbf_combined,0.16627408576972882,3,0.1
task_spread,rbf_paired,0.2422519626515235,4,0.1
task_spread,rbf_unpaired,0.19450917921575558,4,0.1
task_spread,rbf_combined,0.1732649499894152,4,0.1
task_spread,rbf_paired,0.24889644637925476,5,0.1
task_spread,rbf_unpaired,0.17878636329963707,5,0.1
task_spread,rbf_combined,0.17720853777210355,5,0.1
task_spread,rbf_paired,0.24445174479825083,6,0.1
task_spread,rbf_unpaired,0.17414176540440962,6,0.1
task_spread,rbf_combined,0.16898479977704028,6,0.1
task_spread,rbf_paired,0.21145157014449967,7,0.1
task_spread,rbf_unpaired,0.16655882957849788,7,0.1
task_spread,rbf_combined,0.1540925752728692,7,0.1
task_spread,rbf_paired,0.25886344440641845,8,0.1
task_spread,rbf_unpaired,0.20453121693169862,8,0.1
task_spread,rbf_combined,0.18221249134801543,8,0.1
task_spread,rbf_paired,0.2632275752009307,9,0.1
task_spread,rbf_unpaired,0.186609498417807,9,0.1
task_spread,rbf_combined,0.1732747282009829,9,0.1
task_spread,rbf_paired,0.26027389221063674,10,0.1
task_spread,rbf_unpaired,0.17464476454551087,10,0.1
task_spread,rbf_combined,0.1709648554171369,10,0.1
task_spread,rbf_paired,0.23061216810457472,11,0.1
task_spread,rbf_unpaired,0.18266981108080038,11,0.1
task_spread,rbf_combined,0.17019664701149287,11,0.1
task_spread,rbf_paired,0.26459055363055284,12,0.1
task_spread,rbf_unpaired,0.20615266243948355,12,0.1
task_spread,rbf_combined,0.1795963246212336,12,0.1
task_spread,rbf_paired,0.2889376237348636,13,0.1
task_spread,rbf_unpaired,0.22063057614155507,13,0.1
task_spread,rbf_combined,0.1951748112740174,13,0.1
task_spread,rbf_paired,0.25368437256680976,14,0.1
task_spread,rbf_unpaired,0.1754380229633974,14,0.1
task_spread,rbf_combined,0.1692891767504675,14,0.1
task_spread,rbf_paired,0.24147959768722477,15,0.1
task_spread,rbf_unpaired,0.17511908332601156,15,0.1
task_spread,rbf_combined,0.1677588160982178,15,0.1
task_spread,rbf_paired,0.2311845820423076,16,0.1
task_spread,rbf_unpaired,0.1775325363757668,16,0.1
task_spread,rbf_combined,0.16244763126745154,16,0.1
task_spread,rbf_paired,0.24243006156015795,17,0.1
task_spread,rbf_unpaired,0.2000321413462951,17,0.1
task_spread,rbf_combined,0.1710162099524824,17,0.1
task_spread,rbf_paired,0.2686868386498261,18,0.1
task_spread,rbf_unpaired,0.20450420758776677,18,0.1
task_spread,rbf_combined,0.20108820418082599,18,0.1
task_spread,rbf_paired,0.24642943772344814,19,0.1
task_spread,rbf_unpaired,0.1870420549216173,19,0.1
task_spread,rbf_combined,0.17952608658773078,19,0.1
task_spread,rbf_paired,0.24497126747000403,20,0.1
task_spread,rbf_unpaired,0.2028705476988072,20,0.1
task_spread,rbf_combined,0.1782090791509204,20,0.1
task_spread,rbf_paired,0.26195744066286974,21,0.1
task_spread,rbf_unpaired,0.20881302456187253,21,0.1
task_spread,rbf_combined,0.17651712165203948,21,0.1
task_spread,rbf_paired,0.2547986798202064,22,0.1
task_spread,rbf_unpaired,0.20048709755217592,22,0.1
task_spread,rbf_combined,0.17725205613435127,22,0.1
task_spread,rbf_paired,0.2542086030984148,23,0.1
task_spread,rbf_unpaired,0.19292648439626842,23,0.1
task_spread,rbf_combined,0.1667596491018504,23,0.1
task_spread,rbf_paired,0.25596868336027656,24,0.1
task_spread,rbf_unpaired,0.21515212715570003,24,0.1
task_spread,rbf_combined,0.18557739186831843,24,0.1
task_spread,rbf_paired,0.2574209475713304,25,0.1
task_spread,rbf_unpaired,0.18794894701434342,25,0.1
task_spread,rbf_combined,0.18392872065235558,25,0.1
task_spread,rbf_paired,0.25217195858015123,26,0.1
task_spread,rbf_unpaired,0.19091670178046877,26,0.1
task_spread,rbf_combined,0.1817918384542939,26,0.1
task_spread,rbf_paired,0.23180526985596267,27,0.1
task_spread,rbf_unpaired,0.17400429007165868,27,0.1
task_spread,rbf_combined,0.16674566123659265,27,0.1
task_spread,rbf_paired,0.2422725448894982,28,0.1
task_spread,rbf_unpaired,0.16972764221025055,28,0.1
task_spread,rbf_combined,0.161044934089903,28,0.1
task_spread,rbf_paired,0.23753098368346115,29,0.1
task_spread,rbf_unpaired,0.19500075520300478,29,0.1
task_spread,rbf_combined,0.17118112650025114,29,0.1
task_spread,rbf_paired,0.25140869292178025,30,0.1
task_spread,rbf_unpaired,0.179763729629814,30,0.1
task_spread,rbf_combined,0.17146010828491293,30,0.1
task_spread,rbf_paired,0.2842173117402904,31,0.1
task_spread,rbf_unpaired,0.21799091433926138,31,0.1
task_spread,rbf_combined,0.1819126659906994,31,0.1
task_spread,rbf_paired,0.23539937145701126,32,0.1
task_spread,rbf_unpaired,0.19244269194255462,32,0.1
task_spread,rbf_combined,0.16207427835764168,32,0.1
task_spread,rbf_paired,0.24881719900821092,33,0.1
task_spread,rbf_unpaired,0.18880107558189194,33,0.1
task_spread,rbf_combined,0.17026670189782217,33,0.1
task_spread,rbf_paired,0.24333431978108633,34,0.1
task_spread,rbf_unpaired,0.1832992447164401,34,0.1
task_spread,rbf_combined,0.17764993460796819,34,0.1
task_spread,rbf_paired,0.24374803795046876,35,0.1
task_spread,rbf_unpaired,0.1698052003302495,35,0.1
task_spread,rbf_combined,0.16288114883615748,35,0.1
task_spread,rbf_paired,0.2151259152317466,36,0.1
task_spread,rbf_unpaired,0.16133067294437564,36,0.1
task_spread,rbf_combined,0.15281024562844117,36,0.1
task_spread,rbf_paired,0.2344949257002434,37,0.1
task_spread,rbf_unpaired,0.1936579325705953,37,0.1
task_spread,rbf_combined,0.16311835671207014,37,0.1
task_spread,rbf_paired,0.22929482946523866,38,0.1
task_spread,rbf_unpaired,0.18782975889375544,38,0.1
task_spread,rbf_combined,0.16646089188996788,38,0.1
task_spread,rbf_paired,0.257150642876017,39,0.1
task_spread,rbf_unpaired,0.17736428179114172,39,0.1
task_spread,rbf_combined,0.17394611137496505,39,0.1
task_spread,rbf_paired,0.25699142473339115,40,0.1
task_spread,rbf_unpaired,0.18896189412416114,40,0.1
task_spread,rbf_combined,0.18034600142700108,40,0.1
task_spread,rbf_paired,0.26921918511515563,41,0.1
task_spread,rbf_unpaired,0.20208307414053273,41,0.1
task_spread,rbf_combined,0.18067057048731183,41,0.1
task_spread,rbf_paired,0.2554142093995366,42,0.1
task_spread,rbf_unpaired,0.18164418560780884,42,0.1
task_spread,rbf_combined,0.17449877776166411,42,0.1
task_spread,rbf_paired,0.23449510815972457,43,0.1
task_spread,rbf_unpaired,0.16993153559571816,43,0.1
task_spread,rbf_combined,0.1646053096793532,43,0.1
task_spread,rbf_paired,0.2514652818416441,44,0.1
task_spread,rbf_unpaired,0.21346488851861112,44,0.1
task_spread,rbf_combined,0.1750751874315398,44,0.1
task_spread,rbf_paired,0.2772509425253929,45,0.1
task_spread,rbf_unpaired,0.19153177592166104,45,0.1
task_spread,rbf_combined,0.18763719015989022,45,0.1
task_spread,rbf_paired,0.2464674216042848,46,0.1
task_spread,rbf_unpaired,0.203893206547349,46,0.1
task_spread,rbf_combined,0.17317196789214268,46,0.1
task_spread,rbf_paired,0.21523935441169811,47,0.1
task_spread,rbf_unpaired,0.17802937872641555,47,0.1
task_spread,rbf_combined,0.1600665811789056,47,0.1
task_spread,rbf_paired,0.25532558590872173,48,0.1
task_spread,rbf_unpaired,0.2016935825749352,48,0.1
task_spread,rbf_combined,0.17484582236918286,48,0.1
task_spread,rbf_paired,0.2447053186715908,49,0.1
task_spread,rbf_unpaired,0.1808927771843294,49,0.1
task_spread,rbf_combined,0.16612480145448907,49,0.1
task_spread,rbf_paired,0.5358599938497417,0,0.25
task_spread,rbf_unpaired,0.37298572662008084,0,0.25
task_spread,rbf_combined,0.3344904644220256,0,0.25
task_spread,rbf_paired,0.6083437935441365,1,0.25
task_spread,rbf_unpaired,0.4291764004714716,1,0.25
task_spread,rbf_combined,0.36448284317560664,1,0.25
task_spread,rbf_paired,0.5160831889199273,2,0.25
task_spread,rbf_unpaired,0.3742982999792033,2,0.25
task_spread,rbf_combined,0.3162485889701621,2,0.25
task_spread,rbf_paired,0.5417622237004568,3,0.25
task_spread,rbf_unpaired,0.4014105027064709,3,0.25
task_spread,rbf_combined,0.33778163526701205,3,0.25
task_spread,rbf_paired,0.5585485322299786,4,0.25
task_spread,rbf_unpaired,0.4220292897750791,4,0.25
task_spread,rbf_combined,0.35579476580627206,4,0.25
task_spread,rbf_paired,0.5571067102147207,5,0.25
task_spread,rbf_unpaired,0.3634376678383736,5,0.25
task_spread,rbf_combined,0.35732725644367147,5,0.25
task_spread,rbf_paired,0.5609567813567954,6,0.25
task_spread,rbf_unpaired,0.36181050782882535,6,0.25
task_spread,rbf_combined,0.34456988021154616,6,0.25
task_spread,rbf_paired,0.46040196209298845,7,0.25
task_spread,rbf_unpaired,0.33283799606654085,7,0.25
task_spread,rbf_combined,0.2873538396498326,7,0.25
task_spread,rbf_paired,0.5992480208014113,8,0.25
task_spread,rbf_unpaired,0.45007463583367047,8,0.25
task_spread,rbf_combined,0.37950180519160587,8,0.25
task_spread,rbf_paired,0.6040145910882002,9,0.25
task_spread,rbf_unpaired,0.4399540285839924,9,0.25
task_spread,rbf_combined,0.3579029020105476,9,0.25
task_spread,rbf_paired,0.6006441105189064,10,0.25
task_spread,rbf_unpaired,0.36336880966628043,10,0.25
task_spread,rbf_combined,0.3454283287882522,10,0.25
task_spread,rbf_paired,0.5202653791266534,11,0.25
task_spread,rbf_unpaired,0.3816133056965407,11,0.25
task_spread,rbf_combined,0.337663594635039,11,0.25
task_spread,rbf_paired,0.6055392137753116,12,0.25
task_spread,rbf_unpaired,0.5085876774756374,12,0.25
task_spread,rbf_combined,0.3676207423345566,12,0.25
task_spread,rbf_paired,0.6771388984100134,13,0.25
task_spread,rbf_unpaired,0.5512601791320684,13,0.25
task_spread,rbf_combined,0.413988077728286,13,0.25
task_spread,rbf_paired,0.5834656620509705,14,0.25
task_spread,rbf_unpaired,0.36810070202349254,14,0.25
task_spread,rbf_combined,0.3514018846072281,14,0.25
task_spread,rbf_paired,0.5454746311436403,15,0.25
task_spread,rbf_unpaired,0.35453313988653695,15,0.25
task_spread,rbf_combined,0.3339823674248507,15,0.25
task_spread,rbf_paired,0.5183555121683301,16,0.25
task_spread,rbf_unpaired,0.3655215956353069,16,0.25
task_spread,rbf_combined,0.3236095548563823,16,0.25
task_spread,rbf_paired,0.5470502877433392,17,0.25
task_spread,rbf_unpaired,0.43452162555298945,17,0.25
task_spread,rbf_combined,0.3488637662662555,17,0.25
task_spread,rbf_paired,0.609392766485006,18,0.25
task_spread,rbf_unpaired,0.4385625961348776,18,0.25
task_spread,rbf_combined,0.4277961667885047,18,0.25
task_spread,rbf_paired,0.5690930592250157,19,0.25
task_spread,rbf_unpaired,0.39215565151490756,19,0.25
task_spread,rbf_combined,0.3733864307381584,19,0.25
task_spread,rbf_paired,0.5590924647624708,20,0.25
task_spread,rbf_unpaired,0.4318229171224772,20,0.25
task_spread,rbf_combined,0.3745933099174578,20,0.25
task_spread,rbf_paired,0.5974222698328989,21,0.25
task_spread,rbf_unpaired,0.4882234692004086,21,0.25
task_spread,rbf_combined,0.37398464750980437,21,0.25
task_spread,rbf_paired,0.5883956113452165,22,0.25
task_spread,rbf_unpaired,0.442523948799915,22,0.25
task_spread,rbf_combined,0.3733708115537836,22,0.25
task_spread,rbf_paired,0.5860238970779698,23,0.25
task_spread,rbf_unpaired,0.40795246989615874,23,0.25
task_spread,rbf_combined,0.3368490581502234,23,0.25
task_spread,rbf_paired,0.5911736283068127,24,0.25
task_spread,rbf_unpaired,0.47250547593470643,24,0.25
task_spread,rbf_combined,0.37818141280895623,24,0.25
task_spread,rbf_paired,0.5923607123399715,25,0.25
task_spread,rbf_unpaired,0.39682568546916364,25,0.25
task_spread,rbf_combined,0.38115220985136256,25,0.25
task_spread,rbf_paired,0.5726077571617769,26,0.25
task_spread,rbf_unpaired,0.4232765633490905,26,0.25
task_spread,rbf_combined,0.37556373783363495,26,0.25
task_spread,rbf_paired,0.5276276359910437,27,0.25
task_spread,rbf_unpaired,0.3580785074193865,27,0.25
task_spread,rbf_combined,0.3372047394010133,27,0.25
task_spread,rbf_paired,0.5599246174409136,28,0.25
task_spread,rbf_unpaired,0.3561496139653127,28,0.25
task_spread,rbf_combined,0.3213213342290446,28,0.25
task_spread,rbf_paired,0.5399047300365826,29,0.25
task_spread,rbf_unpaired,0.4110976876534775,29,0.25
task_spread,rbf_combined,0.34972277356502723,29,0.25
task_spread,rbf_paired,0.5796217597159267,30,0.25
task_spread,rbf_unpaired,0.37958680014042284,30,0.25
task_spread,rbf_combined,0.3593247575983186,30,0.25
task_spread,rbf_paired,0.6640087179295151,31,0.25
task_spread,rbf_unpaired,0.48670427110038456,31,0.25
task_spread,rbf_combined,0.3798950225996356,31,0.25
task_spread,rbf_paired,0.5290339074653524,32,0.25
task_spread,rbf_unpaired,0.3973398792939268,32,0.25
task_spread,rbf_combined,0.3127910756804992,32,0.25
task_spread,rbf_paired,0.5645312669378497,33,0.25
task_spread,rbf_unpaired,0.41155061163436896,33,0.25
task_spread,rbf_combined,0.34343769278226366,33,0.25
task_spread,rbf_paired,0.5522097618530644,34,0.25
task_spread,rbf_unpaired,0.38754878474339116,34,0.25
task_spread,rbf_combined,0.3736016174567403,34,0.25
task_spread,rbf_paired,0.5546864787996555,35,0.25
task_spread,rbf_unpaired,0.3456596867722906,35,0.25
task_spread,rbf_combined,0.33338014131472893,35,0.25
task_spread,rbf_paired,0.4817375013223953,36,0.25
task_spread,rbf_unpaired,0.31187303444432957,36,0.25
task_spread,rbf_combined,0.29342695608352093,36,0.25
task_spread,rbf_paired,0.5319597080533899,37,0.25
task_spread,rbf_unpaired,0.4134756319668241,37,0.25
task_spread,rbf_combined,0.3322262078111167,37,0.25
task_spread,rbf_paired,0.5061787850657075,38,0.25
task_spread,rbf_unpaired,0.39395870794232557,38,0.25
task_spread,rbf_combined,0.33067854906961425,38,0.25
task_spread,rbf_paired,0.5888813405387529,39,0.25
task_spread,rbf_unpaired,0.38158705385695807,39,0.25
task_spread,rbf_combined,0.3585471969581231,39,0.25
task_spread,rbf_paired,0.5869555862636014,40,0.25
task_spread,rbf_unpaired,0.41707277509438007,40,0.25
task_spread,rbf_combined,0.37564833513677826,40,0.25
task_spread,rbf_paired,0.6183894453558738,41,0.25
task_spread,rbf_unpaired,0.4102202354865729,41,0.25
task_spread,rbf_combined,0.3785158383449055,41,0.25
task_spread,rbf_paired,0.5833212904914893,42,0.25
task_spread,rbf_unpaired,0.38147744528596056,42,0.25
task_spread,rbf_combined,0.36029037983301543,42,0.25
task_spread,rbf_paired,0.5256914042939257,43,0.25
task_spread,rbf_unpaired,0.3521797361854252,43,0.25
task_spread,rbf_combined,0.3331169747051057,43,0.25
task_spread,rbf_paired,0.5780981647890521,44,0.25
task_spread,rbf_unpaired,0.4698532879948721,44,0.25
task_spread,rbf_combined,0.36277094026442736,44,0.25
task_spread,rbf_paired,0.6529779478910052,45,0.25
task_spread,rbf_unpaired,0.43862195788678887,45,0.25
task_spread,rbf_combined,0.42002585296949424,45,0.25
task_spread,rbf_paired,0.5587474807095948,46,0.25
task_spread,rbf_unpaired,0.42702960460710016,46,0.25
task_spread,rbf_combined,0.35527946724895676,46,0.25
task_spread,rbf_paired,0.4808360179601699,47,0.25
task_spread,rbf_unpaired,0.3984367716219883,47,0.25
task_spread,rbf_combined,0.3163156565642603,47,0.25
task_spread,rbf_paired,0.5846112546010588,48,0.25
task_spread,rbf_unpaired,0.4324297041664554,48,0.25
task_spread,rbf_combined,0.36843185543238044,48,0.25
task_spread,rbf_paired,0.5580313766052899,49,0.25
task_spread,rbf_unpaired,0.3729684227083398,49,0.25
task_spread,rbf_combined,0.33207665684993565,49,0.25
task_spread,rbf_paired,1.060817941554434,0,0.5
task_spread,rbf_unpaired,0.7479195451863858,0,0.5
task_spread,rbf_combined,0.6639652062387741,0,0.5
task_spread,rbf_paired,1.2008418824173388,1,0.5
task_spread,rbf_unpaired,0.8724346942891287,1,0.5
task_spread,rbf_combined,0.7393084103607133,1,0.5
task_spread,rbf_paired,1.0187920328754152,2,0.5
task_spread,rbf_unpaired,0.8126596689248244,2,0.5
task_spread,rbf_combined,0.6143916514891545,2,0.5
task_spread,rbf_paired,1.06564310619989,3,0.5
task_spread,rbf_unpaired,0.8583149518352057,3,0.5
task_spread,rbf_combined,0.6819692068067965,3,0.5
task_spread,rbf_paired,1.1092489689688474,4,0.5
task_spread,rbf_unpaired,0.8267612198292936,4,0.5
task_spread,rbf_combined,0.699661370669799,4,0.5
task_spread,rbf_paired,1.093075708952978,5,0.5
task_spread,rbf_unpaired,0.7312984563105375,5,0.5
task_spread,rbf_combined,0.7091487818172167,5,0.5
task_spread,rbf_paired,1.1038533095592058,6,0.5
task_spread,rbf_unpaired,0.7136124064564737,6,0.5
task_spread,rbf_combined,0.6788148251976605,6,0.5
task_spread,rbf_paired,0.8978156255245731,7,0.5
task_spread,rbf_unpaired,0.662289475002077,7,0.5
task_spread,rbf_combined,0.5573011083982158,7,0.5
task_spread,rbf_paired,1.182804099876183,8,0.5
task_spread,rbf_unpaired,0.9147653130535188,8,0.5
task_spread,rbf_combined,0.7505887512428682,8,0.5
task_spread,rbf_paired,1.1920236207853308,9,0.5
task_spread,rbf_unpaired,0.8703000475124291,9,0.5
task_spread,rbf_combined,0.7118724073148515,9,0.5
task_spread,rbf_paired,1.1906799492708078,10,0.5
task_spread,rbf_unpaired,0.7365307783926439,10,0.5
task_spread,rbf_combined,0.6867617818689151,10,0.5
task_spread,rbf_paired,1.0241900411873877,11,0.5
task_spread,rbf_unpaired,0.7600543803251062,11,0.5
task_spread,rbf_combined,0.6693776513101168,11,0.5
task_spread,rbf_paired,1.1932798568794074,12,0.5
task_spread,rbf_unpaired,1.0133985373491274,12,0.5
task_spread,rbf_combined,0.7191565856245045,12,0.5
task_spread,rbf_paired,1.331033337146773,13,0.5
task_spread,rbf_unpaired,1.118070021599604,13,0.5
task_spread,rbf_combined,0.8215565581580455,13,0.5
task_spread,rbf_paired,1.1518582054566906,14,0.5
task_spread,rbf_unpaired,0.7437847903709571,14,0.5
task_spread,rbf_combined,0.7048215720915679,14,0.5
task_spread,rbf_paired,1.0729179409397456,15,0.5
task_spread,rbf_unpaired,0.7071507155974522,15,0.5
task_spread,rbf_combined,0.6648777486736129,15,0.5
task_spread,rbf_paired,1.0136776287387697,16,0.5
task_spread,rbf_unpaired,0.7174119351052185,16,0.5
task_spread,rbf_combined,0.640904411385964,16,0.5
task_spread,rbf_paired,1.0729489241698251,17,0.5
task_spread,rbf_unpaired,0.8608532720430035,17,0.5
task_spread,rbf_combined,0.6872115955315047,17,0.5
task_spread,rbf_paired,1.1983170829176963,18,0.5
task_spread,rbf_unpaired,0.8865636036049972,18,0.5
task_spread,rbf_combined,0.8508341654583175,18,0.5
task_spread,rbf_paired,1.1203921295985961,19,0.5
task_spread,rbf_unpaired,0.7819157422216176,19,0.5
task_spread,rbf_combined,0.7476881382189847,19,0.5
task_spread,rbf_paired,1.100508616259532,20,0.5
task_spread,rbf_unpaired,0.8398941813997561,20,0.5
task_spread,rbf_combined,0.7362207345414767,20,0.5
task_spread,rbf_paired,1.1774893526372636,21,0.5
task_spread,rbf_unpaired,0.9776090006536247,21,0.5
task_spread,rbf_combined,0.7516972100312203,21,0.5
task_spread,rbf_paired,1.162465247661982,22,0.5
task_spread,rbf_unpaired,0.9061659992307666,22,0.5
task_spread,rbf_combined,0.7465592739969503,22,0.5
task_spread,rbf_paired,1.1578424482496907,23,0.5
task_spread,rbf_unpaired,0.8034045912871575,23,0.5
task_spread,rbf_combined,0.6663685397712108,23,0.5
task_spread,rbf_paired,1.1642367332960728,24,0.5
task_spread,rbf_unpaired,0.8356447735272337,24,0.5
task_spread,rbf_combined,0.7432214795802605,24,0.5
task_spread,rbf_paired,1.1687334620802279,25,0.5
task_spread,rbf_unpaired,0.8398245162264283,25,0.5
task_spread,rbf_combined,0.7690619717432909,25,0.5
task_spread,rbf_paired,1.1314565120030118,26,0.5
task_spread,rbf_unpaired,0.873918454128893,26,0.5
task_spread,rbf_combined,0.7465773136974323,26,0.5
task_spread,rbf_paired,1.0412712304168112,27,0.5
task_spread,rbf_unpaired,0.7144223632428324,27,0.5
task_spread,rbf_combined,0.6636902694583845,27,0.5
task_spread,rbf_paired,1.1078986629263343,28,0.5
task_spread,rbf_unpaired,0.7105761558589142,28,0.5
task_spread,rbf_combined,0.6341869166856412,28,0.5
task_spread,rbf_paired,1.0713788305220873,29,0.5
task_spread,rbf_unpaired,0.7943172959186116,29,0.5
task_spread,rbf_combined,0.6905570477371858,29,0.5
task_spread,rbf_paired,1.1468417392628811,30,0.5
task_spread,rbf_unpaired,0.7635673014101055,30,0.5
task_spread,rbf_combined,0.7170302777717281,30,0.5
task_spread,rbf_paired,1.3163277123107764,31,0.5
task_spread,rbf_unpaired,0.9672398000734623,31,0.5
task_spread,rbf_combined,0.7608375237513341,31,0.5
task_spread,rbf_paired,1.0427200973867565,32,0.5
task_spread,rbf_unpaired,0.7819214292803119,32,0.5
task_spread,rbf_combined,0.615136300132469,32,0.5
task_spread,rbf_paired,1.1109958159806086,33,0.5
task_spread,rbf_unpaired,0.8627815364493427,33,0.5
task_spread,rbf_combined,0.6856436397662486,33,0.5
task_spread,rbf_paired,1.087089522039072,34,0.5
task_spread,rbf_unpaired,0.7853695059775788,34,0.5
task_spread,rbf_combined,0.745057494846777,34,0.5
task_spread,rbf_paired,1.090071196848643,35,0.5
task_spread,rbf_unpaired,0.7039840970913275,35,0.5
task_spread,rbf_combined,0.6715865447207313,35,0.5
task_spread,rbf_paired,0.9463966045512561,36,0.5
task_spread,rbf_unpaired,0.6083142970904892,36,0.5
task_spread,rbf_combined,0.5715726514687236,36,0.5
task_spread,rbf_paired,1.0500972969535403,37,0.5
task_spread,rbf_unpaired,0.8162501137759036,37,0.5
task_spread,rbf_combined,0.6688213109504748,37,0.5
task_spread,rbf_paired,0.9865870628844188,38,0.5
task_spread,rbf_unpaired,0.7706853578135813,38,0.5
task_spread,rbf_combined,0.6461540329783443,38,0.5
task_spread,rbf_paired,1.1588963078018681,39,0.5
task_spread,rbf_unpaired,0.7781771752092197,39,0.5
task_spread,rbf_combined,0.7208835766104761,39,0.5
task_spread,rbf_paired,1.1554115669984562,40,0.5
task_spread,rbf_unpaired,0.9215513257065762,40,0.5
task_spread,rbf_combined,0.7502120831280115,40,0.5
task_spread,rbf_paired,1.2135783245939462,41,0.5
task_spread,rbf_unpaired,0.8104714441148649,41,0.5
task_spread,rbf_combined,0.7536645240210452,41,0.5
task_spread,rbf_paired,1.1476245312054294,42,0.5
task_spread,rbf_unpaired,0.7767751626489366,42,0.5
task_spread,rbf_combined,0.7201778634148923,42,0.5
task_spread,rbf_paired,1.0188325579212825,43,0.5
task_spread,rbf_unpaired,0.7225703284418487,43,0.5
task_spread,rbf_combined,0.666982794579894,43,0.5
task_spread,rbf_paired,1.1373478538294555,44,0.5
task_spread,rbf_unpaired,0.9336875894423993,44,0.5
task_spread,rbf_combined,0.7178802403074553,44,0.5
task_spread,rbf_paired,1.2960847596590996,45,0.5
task_spread,rbf_unpaired,0.9849245227557961,45,0.5
task_spread,rbf_combined,0.8622630243368331,45,0.5
task_spread,rbf_paired,1.0915968261797164,46,0.5
task_spread,rbf_unpaired,0.7598476549533929,46,0.5
task_spread,rbf_combined,0.7033309246708447,46,0.5
task_spread,rbf_paired,0.9471887568126907,47,0.5
task_spread,rbf_unpaired,0.8197359679461745,47,0.5
task_spread,rbf_combined,0.6225111278021932,47,0.5
task_spread,rbf_paired,1.1468157437364193,48,0.5
task_spread,rbf_unpaired,0.8720053335198897,48,0.5
task_spread,rbf_combined,0.7370364217429473,48,0.5
task_spread,rbf_paired,1.097225527550066,49,0.5
task_spread,rbf_unpaired,0.752743319401046,49,0.5
task_spread,rbf_combined,0.6505799380074141,49,0.5
task_spread,rbf_paired,2.1195125355454874,0,1.0
task_spread,rbf_unpaired,1.5954117746969003,0,1.0
task_spread,rbf_combined,1.4499040639704839,0,1.0
task_spread,rbf_paired,2.3878144764371716,1,1.0
task_spread,rbf_unpaired,1.892647867654072,1,1.0
task_spread,rbf_combined,1.6849635330009762,1,1.0
task_spread,rbf_paired,2.028248844309251,2,1.0
task_spread,rbf_unpaired,1.7223042040923608,2,1.0
task_spread,rbf_combined,1.332907811629474,2,1.0
task_spread,rbf_paired,2.1220840273713777,3,1.0
task_spread,rbf_unpaired,1.7595357068575277,3,1.0
task_spread,rbf_combined,1.480394408746665,3,1.0
task_spread,rbf_paired,2.219512373992786,4,1.0
task_spread,rbf_unpaired,1.7157008066158543,4,1.0
task_spread,rbf_combined,1.5121814386818155,4,1.0
task_spread,rbf_paired,2.1696671408364976,5,1.0
task_spread,rbf_unpaired,1.6492594635073243,5,1.0
task_spread,rbf_combined,1.5719334481461473,5,1.0
task_spread,rbf_paired,2.2080271966724423,6,1.0
task_spread,rbf_unpaired,1.6348567750333198,6,1.0
task_spread,rbf_combined,1.4502050267107576,6,1.0
task_spread,rbf_paired,1.780656925014639,7,1.0
task_spread,rbf_unpaired,1.3852295169203506,7,1.0
task_spread,rbf_combined,1.2249693432662823,7,1.0
task_spread,rbf_paired,2.365114912824943,8,1.0
task_spread,rbf_unpaired,1.9087061454277112,8,1.0
task_spread,rbf_combined,1.6138923511909176,8,1.0
task_spread,rbf_paired,2.371636491831297,9,1.0
task_spread,rbf_unpaired,1.776798912859656,9,1.0
task_spread,rbf_combined,1.5453556379511701,9,1.0
task_spread,rbf_paired,2.3739366687015715,10,1.0
task_spread,rbf_unpaired,1.7605723354075902,10,1.0
task_spread,rbf_combined,1.4942836732558396,10,1.0
task_spread,rbf_paired,2.0318231177435098,11,1.0
task_spread,rbf_unpaired,1.653162916348755,11,1.0
task_spread,rbf_combined,1.4667344509570632,11,1.0
task_spread,rbf_paired,2.3749896191862527,12,1.0
task_spread,rbf_unpaired,2.269517381917258,12,1.0
task_spread,rbf_combined,1.5279153800874592,12,1.0
task_spread,rbf_paired,2.6573006776550407,13,1.0
task_spread,rbf_unpaired,2.3118605376927306,13,1.0
task_spread,rbf_combined,1.7702635144809677,13,1.0
task_spread,rbf_paired,2.2839984848921406,14,1.0
task_spread,rbf_unpaired,1.7099351808558325,14,1.0
task_spread,rbf_combined,1.55341785485287,14,1.0
task_spread,rbf_paired,2.1355756281083638,15,1.0
task_spread,rbf_unpaired,1.520380433579455,15,1.0
task_spread,rbf_combined,1.4528977121633548,15,1.0
task_spread,rbf_paired,2.0033441275433495,16,1.0
task_spread,rbf_unpaired,1.5816460429306656,16,1.0
task_spread,rbf_combined,1.3985582857873666,16,1.0
task_spread,rbf_paired,2.132783423357622,17,1.0
task_spread,rbf_unpaired,1.8041174106778677,17,1.0
task_spread,rbf_combined,1.4549765712282052,17,1.0
task_spread,rbf_paired,2.380842166346489,18,1.0
task_spread,rbf_unpaired,1.9663178341366923,18,1.0
task_spread,rbf_combined,1.8751015854180642,18,1.0
task_spread,rbf_paired,2.2265633159724367,19,1.0
task_spread,rbf_unpaired,1.9278908285604108,19,1.0
task_spread,rbf_combined,1.6460908380033212,19,1.0
task_spread,rbf_paired,2.193621286031735,20,1.0
task_spread,rbf_unpaired,1.755891621307073,20,1.0
task_spread,rbf_combined,1.5696476555992251,20,1.0
task_spread,rbf_paired,2.335321795154078,21,1.0
task_spread,rbf_unpaired,2.027498403390892,21,1.0
task_spread,rbf_combined,1.6445794397941313,21,1.0
task_spread,rbf_paired,2.3169344522932676,22,1.0
task_spread,rbf_unpaired,1.9305577880718772,22,1.0
task_spread,rbf_combined,1.6358226120154995,22,1.0
task_spread,rbf_paired,2.3011366108122946,23,1.0
task_spread,rbf_unpaired,1.6724376477376586,23,1.0
task_spread,rbf_combined,1.4605315746328162,23,1.0
task_spread,rbf_paired,2.322273964658703,24,1.0
task_spread,rbf_unpaired,1.8568264609554446,24,1.0
task_spread,rbf_combined,1.5755613605280536,24,1.0
task_spread,rbf_paired,2.325225771691279,25,1.0
task_spread,rbf_unpaired,1.8120036013458836,25,1.0
task_spread,rbf_combined,1.6585141198674633,25,1.0
task_spread,rbf_paired,2.2485282406345717,26,1.0
task_spread,rbf_unpaired,1.900530683683675,26,1.0
task_spread,rbf_combined,1.6035747197864265,26,1.0
task_spread,rbf_paired,2.060284340271682,27,1.0
task_spread,rbf_unpaired,1.5940123124759296,27,1.0
task_spread,rbf_combined,1.4516612754129194,27,1.0
task_spread,rbf_paired,2.2128101203490904,28,1.0
task_spread,rbf_unpaired,1.4917548805956966,28,1.0
task_spread,rbf_combined,1.357331394415993,28,1.0
task_spread,rbf_paired,2.131390600013981,29,1.0
task_spread,rbf_unpaired,1.6063009703348707,29,1.0
task_spread,rbf_combined,1.4599000587335558,29,1.0
task_spread,rbf_paired,2.2824475156117052,30,1.0
task_spread,rbf_unpaired,1.6965323679043427,30,1.0
task_spread,rbf_combined,1.5859266377000822,30,1.0
task_spread,rbf_paired,2.6312734630259635,31,1.0
task_spread,rbf_unpaired,2.0142866814530493,31,1.0
task_spread,rbf_combined,1.6767939972544323,31,1.0
task_spread,rbf_paired,2.0798882764673357,32,1.0
task_spread,rbf_unpaired,1.6602403438762294,32,1.0
task_spread,rbf_combined,1.356932300159536,32,1.0
task_spread,rbf_paired,2.201373263937603,33,1.0
task_spread,rbf_unpaired,1.9018921792946746,33,1.0
task_spread,rbf_combined,1.5278393364078282,33,1.0
task_spread,rbf_paired,2.1681115356054916,34,1.0
task_spread,rbf_unpaired,1.7018227167929632,34,1.0
task_spread,rbf_combined,1.6148187724611063,34,1.0
task_spread,rbf_paired,2.1607764279996475,35,1.0
task_spread,rbf_unpaired,1.6842631451143082,35,1.0
task_spread,rbf_combined,1.469429300847928,35,1.0
task_spread,rbf_paired,1.8786219429560356,36,1.0
task_spread,rbf_unpaired,1.3592734905721067,36,1.0
task_spread,rbf_combined,1.2500120957646659,36,1.0
task_spread,rbf_paired,2.0831084134651303,37,1.0
task_spread,rbf_unpaired,1.7112347410861173,37,1.0
task_spread,rbf_combined,1.4821756586879395,37,1.0
task_spread,rbf_paired,1.939626018697989,38,1.0
task_spread,rbf_unpaired,1.713782125421751,38,1.0
task_spread,rbf_combined,1.3928286790439233,38,1.0
task_spread,rbf_paired,2.2953525864860835,39,1.0
task_spread,rbf_unpaired,1.7185148857674657,39,1.0
task_spread,rbf_combined,1.6227773936099645,39,1.0
task_spread,rbf_paired,2.3028478511396635,40,1.0
task_spread,rbf_unpaired,2.0268537331932253,40,1.0
task_spread,rbf_combined,1.6318521149211966,40,1.0
task_spread,rbf_paired,2.409343914783282,41,1.0
task_spread,rbf_unpaired,1.871020921174211,41,1.0
task_spread,rbf_combined,1.6863293454133212,41,1.0
task_spread,rbf_paired,2.2892733673167953,42,1.0
task_spread,rbf_unpaired,1.8364873392291337,42,1.0
task_spread,rbf_combined,1.5894526723672031,42,1.0
task_spread,rbf_paired,1.999284139753276,43,1.0
task_spread,rbf_unpaired,1.6938315803306092,43,1.0
task_spread,rbf_combined,1.4719313356070376,43,1.0
task_spread,rbf_paired,2.2680406495898873,44,1.0
task_spread,rbf_unpaired,2.0005348987961367,44,1.0
task_spread,rbf_combined,1.5315651140225606,44,1.0
task_spread,rbf_paired,2.5855053861755026,45,1.0
task_spread,rbf_unpaired,2.15725497438299,45,1.0
task_spread,rbf_combined,1.9735014849739991,45,1.0
task_spread,rbf_paired,2.174545972999881,46,1.0
task_spread,rbf_unpaired,1.5725771663119101,46,1.0
task_spread,rbf_combined,1.5104456727414002,46,1.0
task_spread,rbf_paired,1.883619014539438,47,1.0
task_spread,rbf_unpaired,1.895264545917567,47,1.0
task_spread,rbf_combined,1.3610169883107495,47,1.0
task_spread,rbf_paired,2.2692669318676377,48,1.0
task_spread,rbf_unpaired,1.8243797890134397,48,1.0
task_spread,rbf_combined,1.5856901511321624,48,1.0
task_spread,rbf_paired,2.193497361394649,49,1.0
task_spread,rbf_unpaired,1.7838709159411454,49,1.0
task_spread,rbf_combined,1.4224979793207366,49,1.0
task_spread,rbf_paired,4.239141503349915,0,2.0
task_spread,rbf_unpaired,3.6604987545895837,0,2.0
task_spread,rbf_combined,3.426563322265499,0,2.0
task_spread,rbf_paired,4.765897720586709,1,2.0
task_spread,rbf_unpaired,4.383735875874494,1,2.0
task_spread,rbf_combined,4.017649209436362,1,2.0
task_spread,rbf_paired,4.052280310876017,2,2.0
task_spread,rbf_unpaired,3.810407565594606,2,2.0
task_spread,rbf_combined,3.308571105185584,2,2.0
task_spread,rbf_paired,4.247599446719391,3,2.0
task_spread,rbf_unpaired,4.353910995269677,3,2.0
task_spread,rbf_combined,3.5733378661477917,3,2.0
task_spread,rbf_paired,4.43501140594604,4,2.0
task_spread,rbf_unpaired,4.086589292711047,4,2.0
task_spread,rbf_combined,3.6244369931605895,4,2.0
task_spread,rbf_paired,4.322467088248467,5,2.0
task_spread,rbf_unpaired,4.084795916106769,5,2.0
task_spread,rbf_combined,3.934782048905877,5,2.0
task_spread,rbf_paired,4.412745133565221,6,2.0
task_spread,rbf_unpaired,3.8601457437336917,6,2.0
task_spread,rbf_combined,3.5120555886575975,6,2.0
task_spread,rbf_paired,3.5665199626837882,7,2.0
task_spread,rbf_unpaired,3.162310193069256,7,2.0
task_spread,rbf_combined,3.0114246650447356,7,2.0
task_spread,rbf_paired,4.735373705186547,8,2.0
task_spread,rbf_unpaired,4.32721223972794,8,2.0
task_spread,rbf_combined,3.7109622338279733,8,2.0
task_spread,rbf_paired,4.7405635528230965,9,2.0
task_spread,rbf_unpaired,4.1152239974084885,9,2.0
task_spread,rbf_combined,3.631497410365801,9,2.0
task_spread,rbf_paired,4.743129679546314,10,2.0
task_spread,rbf_unpaired,4.378508834888728,10,2.0
task_spread,rbf_combined,3.867591453072317,10,2.0
task_spread,rbf_paired,4.057351782600136,11,2.0
task_spread,rbf_unpaired,4.410448761631095,11,2.0
task_spread,rbf_combined,3.6770582828518026,11,2.0
task_spread,rbf_paired,4.760562054132558,12,2.0
task_spread,rbf_unpaired,4.849807518615711,12,2.0
task_spread,rbf_combined,3.722528482303634,12,2.0
task_spread,rbf_paired,5.301897397405985,13,2.0
task_spread,rbf_unpaired,4.839157727047095,13,2.0
task_spread,rbf_combined,4.255909042384273,13,2.0
task_spread,rbf_paired,4.564633179240832,14,2.0
task_spread,rbf_unpaired,4.316957797166039,14,2.0
task_spread,rbf_combined,3.827145228384622,14,2.0
task_spread,rbf_paired,4.269354526941728,15,2.0
task_spread,rbf_unpaired,3.8397971267140636,15,2.0
task_spread,rbf_combined,3.5696123610664827,15,2.0
task_spread,rbf_paired,4.000765724404821,16,2.0
task_spread,rbf_unpaired,3.7009958313515785,16,2.0
task_spread,rbf_combined,3.3639248640808317,16,2.0
task_spread,rbf_paired,4.256014254831041,17,2.0
task_spread,rbf_unpaired,3.9638275917746766,17,2.0
task_spread,rbf_combined,3.3813575916747043,17,2.0
task_spread,rbf_paired,4.763123495502039,18,2.0
task_spread,rbf_unpaired,4.730047742441525,18,2.0
task_spread,rbf_combined,4.380096255411107,18,2.0
task_spread,rbf_paired,4.447831341261629,19,2.0
task_spread,rbf_unpaired,4.596326205858189,19,2.0
task_spread,rbf_combined,4.014323617175283,19,2.0
task_spread,rbf_paired,4.392270810800829,20,2.0
task_spread,rbf_unpaired,3.912167847249568,20,2.0
task_spread,rbf_combined,3.630429254839176,20,2.0
task_spread,rbf_paired,4.661381526511447,21,2.0
task_spread,rbf_unpaired,4.318571005339694,21,2.0
task_spread,rbf_combined,3.831059936992736,21,2.0
task_spread,rbf_paired,4.632060231384012,22,2.0
task_spread,rbf_unpaired,4.641515715942994,22,2.0
task_spread,rbf_combined,3.9734649370909243,22,2.0
task_spread,rbf_paired,4.589978480151169,23,2.0
task_spread,rbf_unpaired,4.0191694448233495,23,2.0
task_spread,rbf_combined,3.5103190994115296,23,2.0
task_spread,rbf_paired,4.635526357929582,24,2.0
task_spread,rbf_unpaired,4.089883638375264,24,2.0
task_spread,rbf_combined,3.61674701568034,24,2.0
task_spread,rbf_paired,4.64361677084973,25,2.0
task_spread,rbf_unpaired,4.176926493218086,25,2.0
task_spread,rbf_combined,3.945217221805403,25,2.0
task_spread,rbf_paired,4.493506651761677,26,2.0
task_spread,rbf_unpaired,4.1475659076030285,26,2.0
task_spread,rbf_combined,3.763777904894096,26,2.0
task_spread,rbf_paired,4.115249483954757,27,2.0
task_spread,rbf_unpaired,3.89549842258313,27,2.0
task_spread,rbf_combined,3.4808835400665417,27,2.0
task_spread,rbf_paired,4.432262418855101,28,2.0
task_spread,rbf_unpaired,3.536943905707788,28,2.0
task_spread,rbf_combined,3.1716551717686436,28,2.0
task_spread,rbf_paired,4.228162734818767,29,2.0
task_spread,rbf_unpaired,4.050465254961777,29,2.0
task_spread,rbf_combined,3.3530500829255185,29,2.0
task_spread,rbf_paired,4.564585489994035,30,2.0
task_spread,rbf_unpaired,4.091452322556155,30,2.0
task_spread,rbf_combined,3.9165561459575073,30,2.0
task_spread,rbf_paired,5.262416626476549,31,2.0
task_spread,rbf_unpaired,4.93405302721076,31,2.0
task_spread,rbf_combined,4.322047655671303,31,2.0
task_spread,rbf_paired,4.182275995959294,32,2.0
task_spread,rbf_unpaired,3.779417320809156,32,2.0
task_spread,rbf_combined,3.2793262409729667,32,2.0
task_spread,rbf_paired,4.388252764046818,33,2.0
task_spread,rbf_unpaired,4.402194957654643,33,2.0
task_spread,rbf_combined,3.7989679233734654,33,2.0
task_spread,rbf_paired,4.331192830897709,34,2.0
task_spread,rbf_unpaired,4.275721193603433,34,2.0
task_spread,rbf_combined,3.7870315539703405,34,2.0
task_spread,rbf_paired,4.309386701040121,35,2.0
task_spread,rbf_unpaired,3.897964728803847,35,2.0
task_spread,rbf_combined,3.594728835424059,35,2.0
task_spread,rbf_paired,3.751701970759897,36,2.0
task_spread,rbf_unpaired,3.4580533334105974,36,2.0
task_spread,rbf_combined,3.1338263206320347,36,2.0
task_spread,rbf_paired,4.159714632177047,37,2.0
task_spread,rbf_unpaired,3.9922478379668402,37,2.0
task_spread,rbf_combined,3.5461379648533193,37,2.0
task_spread,rbf_paired,3.848253800038909,38,2.0
task_spread,rbf_unpaired,3.7739957284766152,38,2.0
task_spread,rbf_combined,3.272142863131471,38,2.0
task_spread,rbf_paired,4.576531640532618,39,2.0
task_spread,rbf_unpaired,4.269886909905693,39,2.0
task_spread,rbf_combined,3.8963004842525124,39,2.0
task_spread,rbf_paired,4.606777354894016,40,2.0
task_spread,rbf_unpaired,4.669495425882326,40,2.0
task_spread,rbf_combined,3.882748194151355,40,2.0
task_spread,rbf_paired,4.824823871830811,41,2.0
task_spread,rbf_unpaired,4.644204768067478,41,2.0
task_spread,rbf_combined,4.257273622525883,41,2.0
task_spread,rbf_paired,4.571583780099136,42,2.0
task_spread,rbf_unpaired,4.532146675584039,42,2.0
task_spread,rbf_combined,3.8219502830006524,42,2.0
task_spread,rbf_paired,4.00366290228756,43,2.0
task_spread,rbf_unpaired,4.160604555177087,43,2.0
task_spread,rbf_combined,3.613558656155168,43,2.0
task_spread,rbf_paired,4.52521542065054,44,2.0
task_spread,rbf_unpaired,4.353346233175886,44,2.0
task_spread,rbf_combined,3.6076399730305453,44,2.0
task_spread,rbf_paired,5.166424412655643,45,2.0
task_spread,rbf_unpaired,4.669024961846297,45,2.0
task_spread,rbf_combined,4.661967738067839,45,2.0
task_spread,rbf_paired,4.337357417614196,46,2.0
task_spread,rbf_unpaired,4.127066882290946,46,2.0
task_spread,rbf_combined,3.483637534322874,46,2.0
task_spread,rbf_paired,3.761290081750815,47,2.0
task_spread,rbf_unpaired,4.086819184106297,47,2.0
task_spread,rbf_combined,3.2559535162191864,47,2.0
task_spread,rbf_paired,4.536381094148207,48,2.0
task_spread,rbf_unpaired,4.664638021094163,48,2.0
task_spread,rbf_combined,3.757423071531038,48,2.0
task_spread,rbf_paired,4.389388375448675,49,2.0
task_spread,rbf_unpaired,3.7549499770799795,49,2.0
task_spread,rbf_combined,3.390544060531967,49,2.0
task_spread,rbf_paired,10.607537169070913,0,5.0
task_spread,rbf_unpaired,11.164892161519663,0,5.0
task_spread,rbf_combined,10.169827118969435,0,5.0
task_spread,rbf_paired,11.915066033477052,1,5.0
task_spread,rbf_unpaired,12.557065173345489,1,5.0
task_spread,rbf_combined,11.912877111745344,1,5.0
task_spread,rbf_paired,10.150611652253232,2,5.0
task_spread,rbf_unpaired,10.907384641833728,2,5.0
task_spread,rbf_combined,10.42746955344446,2,5.0
task_spread,rbf_paired,10.613907217963721,3,5.0
task_spread,rbf_unpaired,12.081809212062396,3,5.0
task_spread,rbf_combined,10.84368250801038,3,5.0
task_spread,rbf_paired,11.089488107082605,4,5.0
task_spread,rbf_unpaired,12.09566558861106,4,5.0
task_spread,rbf_combined,11.647342460545596,4,5.0
task_spread,rbf_paired,10.801131352650648,5,5.0
task_spread,rbf_unpaired,12.208694842945786,5,5.0
task_spread,rbf_combined,11.854643210528128,5,5.0
task_spread,rbf_paired,11.022626823096992,6,5.0
task_spread,rbf_unpaired,11.473651891271158,6,5.0
task_spread,rbf_combined,10.977814474489502,6,5.0
task_spread,rbf_paired,8.918294976583818,7,5.0
task_spread,rbf_unpaired,9.516927980425988,7,5.0
task_spread,rbf_combined,9.176602601089742,7,5.0
task_spread,rbf_paired,11.836917769235606,8,5.0
task_spread,rbf_unpaired,12.384792026470974,8,5.0
task_spread,rbf_combined,11.233511203205618,8,5.0
task_spread,rbf_paired,11.857014181156973,9,5.0
task_spread,rbf_unpaired,11.901127332077033,9,5.0
task_spread,rbf_combined,10.90944080163394,9,5.0
task_spread,rbf_paired,11.865560344005809,10,5.0
task_spread,rbf_unpaired,12.242029504919776,10,5.0
task_spread,rbf_combined,11.601561338098666,10,5.0
task_spread,rbf_paired,10.130948226876825,11,5.0
task_spread,rbf_unpaired,11.988637926718866,11,5.0
task_spread,rbf_combined,11.147264214760344,11,5.0
task_spread,rbf_paired,11.898739929203211,12,5.0
task_spread,rbf_unpaired,12.228408739460617,12,5.0
task_spread,rbf_combined,11.805072766328914,12,5.0
task_spread,rbf_paired,13.259920404035405,13,5.0
task_spread,rbf_unpaired,13.662102873642185,13,5.0
task_spread,rbf_combined,13.059662957662844,13,5.0
task_spread,rbf_paired,11.392336650472954,14,5.0
task_spread,rbf_unpaired,12.196076985202902,14,5.0
task_spread,rbf_combined,11.922424539025313,14,5.0
task_spread,rbf_paired,10.68267499408185,15,5.0
task_spread,rbf_unpaired,11.156069260722196,15,5.0
task_spread,rbf_combined,10.92343488881814,15,5.0
task_spread,rbf_paired,10.002065085094376,16,5.0
task_spread,rbf_unpaired,10.892258189480076,16,5.0
task_spread,rbf_combined,10.15552843451314,16,5.0
task_spread,rbf_paired,10.638143283793424,17,5.0
task_spread,rbf_unpaired,11.103072919013742,17,5.0
task_spread,rbf_combined,10.368640769757272,17,5.0
task_spread,rbf_paired,11.904392733392012,18,5.0
task_spread,rbf_unpaired,13.893676417206704,18,5.0
task_spread,rbf_combined,12.678197844894942,18,5.0
task_spread,rbf_paired,11.135124615725978,19,5.0
task_spread,rbf_unpaired,13.024258404378203,19,5.0
task_spread,rbf_combined,12.784503562081577,19,5.0
task_spread,rbf_paired,10.981913713814428,20,5.0
task_spread,rbf_unpaired,11.603418066915935,20,5.0
task_spread,rbf_combined,11.018384956894328,20,5.0
task_spread,rbf_paired,11.644680062136219,21,5.0
task_spread,rbf_unpaired,11.77683056368092,21,5.0
task_spread,rbf_combined,11.267747347131086,21,5.0
task_spread,rbf_paired,11.582429281615784,22,5.0
task_spread,rbf_unpaired,12.74387821609401,22,5.0
task_spread,rbf_combined,12.39830199610467,22,5.0
task_spread,rbf_paired,11.465778934891595,23,5.0
task_spread,rbf_unpaired,12.528453800292652,23,5.0
task_spread,rbf_combined,11.342243333724042,23,5.0
task_spread,rbf_paired,11.590743670101446,24,5.0
task_spread,rbf_unpaired,11.958920873721826,24,5.0
task_spread,rbf_combined,11.129353138927792,24,5.0
task_spread,rbf_paired,11.604258647970877,25,5.0
task_spread,rbf_unpaired,11.66781773339603,25,5.0
task_spread,rbf_combined,11.616251170756463,25,5.0
task_spread,rbf_paired,11.241152003098902,26,5.0
task_spread,rbf_unpaired,11.463546026013637,26,5.0
task_spread,rbf_combined,11.085572160629514,26,5.0
task_spread,rbf_paired,10.28733372995287,27,5.0
task_spread,rbf_unpaired,11.026718995317811,27,5.0
task_spread,rbf_combined,11.038388915732371,27,5.0
task_spread,rbf_paired,11.07083822043096,28,5.0
task_spread,rbf_unpaired,11.009537809183863,28,5.0
task_spread,rbf_combined,10.276021305959501,28,5.0
task_spread,rbf_paired,10.570125160650374,29,5.0
task_spread,rbf_unpaired,11.115042070544972,29,5.0
task_spread,rbf_combined,10.167721604415645,29,5.0
task_spread,rbf_paired,11.423083930032613,30,5.0
task_spread,rbf_unpaired,12.031837784361258,30,5.0
task_spread,rbf_combined,11.985455611584205,30,5.0
task_spread,rbf_paired,13.145749244903413,31,5.0
task_spread,rbf_unpaired,13.750068490492268,31,5.0
task_spread,rbf_combined,13.19919890956566,31,5.0
task_spread,rbf_paired,10.431919341735375,32,5.0
task_spread,rbf_unpaired,11.22413476498807,32,5.0
task_spread,rbf_combined,10.321614925886031,32,5.0
task_spread,rbf_paired,10.954795731019953,33,5.0
task_spread,rbf_unpaired,11.797891679777528,33,5.0
task_spread,rbf_combined,11.54710491492019,33,5.0
task_spread,rbf_paired,10.80846268558365,34,5.0
task_spread,rbf_unpaired,11.81028512757792,34,5.0
task_spread,rbf_combined,11.446890261565187,34,5.0
task_spread,rbf_paired,10.767562213735598,35,5.0
task_spread,rbf_unpaired,11.095395781381876,35,5.0
task_spread,rbf_combined,10.837566511502061,35,5.0
task_spread,rbf_paired,9.364997295269006,36,5.0
task_spread,rbf_unpaired,10.220091384847318,36,5.0
task_spread,rbf_combined,9.373720201102715,36,5.0
task_spread,rbf_paired,10.391498053181303,37,5.0
task_spread,rbf_unpaired,11.274374151537204,37,5.0
task_spread,rbf_combined,10.608572466516826,37,5.0
task_spread,rbf_paired,9.597312815860338,38,5.0
task_spread,rbf_unpaired,10.539124528536238,38,5.0
task_spread,rbf_combined,10.127315339169465,38,5.0
task_spread,rbf_paired,11.433764206730242,39,5.0
task_spread,rbf_unpaired,12.533244609679247,39,5.0
task_spread,rbf_combined,11.969973515463943,39,5.0
task_spread,rbf_paired,11.524268990863257,40,5.0
task_spread,rbf_unpaired,12.781963099059569,40,5.0
task_spread,rbf_combined,12.022721417683897,40,5.0
task_spread,rbf_paired,12.073686167434195,41,5.0
task_spread,rbf_unpaired,13.073285222671801,41,5.0
task_spread,rbf_combined,12.819410474193024,41,5.0
task_spread,rbf_paired,11.42530428894291,42,5.0
task_spread,rbf_unpaired,12.486134270306792,42,5.0
task_spread,rbf_combined,11.963357661591424,42,5.0
task_spread,rbf_paired,10.013975956751583,43,5.0
task_spread,rbf_unpaired,12.465555441766666,43,5.0
task_spread,rbf_combined,11.24752519744402,43,5.0
task_spread,rbf_paired,11.313820205342404,44,5.0
task_spread,rbf_unpaired,11.868938915350368,44,5.0
task_spread,rbf_combined,10.78769311944694,44,5.0
task_spread,rbf_paired,12.920863829962848,45,5.0
task_spread,rbf_unpaired,13.28122015966535,45,5.0
task_spread,rbf_combined,13.1205411629347,45,5.0
task_spread,rbf_paired,10.811709704354476,46,5.0
task_spread,rbf_unpaired,12.228044271383604,46,5.0
task_spread,rbf_combined,10.472488224604701,46,5.0
task_spread,rbf_paired,9.39716973686506,47,5.0
task_spread,rbf_unpaired,10.822514299198073,47,5.0
task_spread,rbf_combined,10.313373400295127,47,5.0
task_spread,rbf_paired,11.298233720439303,48,5.0
task_spread,rbf_unpaired,12.371244481411063,48,5.0
task_spread,rbf_combined,11.279017984411041,48,5.0
task_spread,rbf_paired,10.978800926267452,49,5.0
task_spread,rbf_unpaired,11.551370060282736,49,5.0
task_spread,rbf_combined,10.76418264166258,49,5.0
