obs_prob,n_models,query_obs,seed,method,mae,predictor,alpha
0.4,95,1,0,combined,0.1449189365727177,knn,0.55
0.4,95,1,0,matcomplete,0.13844283860017126,knn,0.55
0.4,95,1,0,ensemble,0.13696269114540893,knn,0.55
0.4,95,1,1,combined,0.15175852602456608,knn,0.45
0.4,95,1,1,matcomplete,0.13873470245864264,knn,0.45
0.4,95,1,1,ensemble,0.13530425079985475,knn,0.45
0.4,95,1,2,combined,0.1370570093337556,knn,0.7000000000000001
0.4,95,1,2,matcomplete,0.12790977306039716,knn,0.7000000000000001
0.4,95,1,2,ensemble,0.12588284388019563,knn,0.7000000000000001
0.4,95,1,3,combined,0.16062696578846922,knn,0.8
0.4,95,1,3,matcomplete,0.16319039050608664,knn,0.8
0.4,95,1,3,ensemble,0.15458863251635452,knn,0.8
0.4,95,1,4,combined,0.17052275561365748,knn,0.2
0.4,95,1,4,matcomplete,0.16169473949815238,knn,0.2
0.4,95,1,4,ensemble,0.15483095695336488,knn,0.2
0.4,95,1,5,combined,0.15354612664791042,knn,0.5
0.4,95,1,5,matcomplete,0.1534510099628117,knn,0.5
0.4,95,1,5,ensemble,0.14474646004102434,knn,0.5
0.4,95,1,6,combined,0.16739465539206977,knn,0.25
0.4,95,1,6,matcomplete,0.1512262037436728,knn,0.25
0.4,95,1,6,ensemble,0.15116320812146364,knn,0.25
0.4,95,1,7,combined,0.15308188667543826,knn,0.75
0.4,95,1,7,matcomplete,0.14931628121026325,knn,0.75
0.4,95,1,7,ensemble,0.1460039683311224,knn,0.75
0.4,95,1,8,combined,0.15878886034959389,knn,0.45
0.4,95,1,8,matcomplete,0.14950211446068112,knn,0.45
0.4,95,1,8,ensemble,0.1437766327910679,knn,0.45
0.4,95,1,9,combined,0.15860195674109687,knn,0.45
0.4,95,1,9,matcomplete,0.1496709024986547,knn,0.45
0.4,95,1,9,ensemble,0.14844701587451067,knn,0.45
0.4,95,1,10,combined,0.1611419072938774,knn,0.25
0.4,95,1,10,matcomplete,0.15308252929433508,knn,0.25
0.4,95,1,10,ensemble,0.15225129367137444,knn,0.25
0.4,95,1,11,combined,0.17068239394963827,knn,0.35000000000000003
0.4,95,1,11,matcomplete,0.16241707939342861,knn,0.35000000000000003
0.4,95,1,11,ensemble,0.15506475834594372,knn,0.35000000000000003
0.4,95,1,12,combined,0.14787315964623432,knn,0.45
0.4,95,1,12,matcomplete,0.14606448266126987,knn,0.45
0.4,95,1,12,ensemble,0.13595561139447884,knn,0.45
0.4,95,1,13,combined,0.1685259854564972,knn,0.65
0.4,95,1,13,matcomplete,0.1565022183537936,knn,0.65
0.4,95,1,13,ensemble,0.14783307011595004,knn,0.65
0.4,95,1,14,combined,0.16535266921523709,knn,0.4
0.4,95,1,14,matcomplete,0.167627357538022,knn,0.4
0.4,95,1,14,ensemble,0.1542337533188994,knn,0.4
0.4,95,2,0,combined,0.11099536394691577,knn,0.4
0.4,95,2,0,matcomplete,0.11182563765581736,knn,0.4
0.4,95,2,0,ensemble,0.1080545953617539,knn,0.4
0.4,95,2,1,combined,0.11038161577405932,knn,0.7000000000000001
0.4,95,2,1,matcomplete,0.10816049100445065,knn,0.7000000000000001
0.4,95,2,1,ensemble,0.10419922646813959,knn,0.7000000000000001
0.4,95,2,2,combined,0.11798054356086621,knn,0.6000000000000001
0.4,95,2,2,matcomplete,0.11405861390344729,knn,0.6000000000000001
0.4,95,2,2,ensemble,0.10810760539577043,knn,0.6000000000000001
0.4,95,2,3,combined,0.10951488471991634,knn,0.6000000000000001
0.4,95,2,3,matcomplete,0.11590559391428382,knn,0.6000000000000001
0.4,95,2,3,ensemble,0.10690225085284542,knn,0.6000000000000001
0.4,95,2,4,combined,0.1206233399151056,knn,0.9500000000000001
0.4,95,2,4,matcomplete,0.116568159333904,knn,0.9500000000000001
0.4,95,2,4,ensemble,0.1185309292484538,knn,0.9500000000000001
0.4,95,2,5,combined,0.10497828228419406,knn,0.65
0.4,95,2,5,matcomplete,0.10465899433131921,knn,0.65
0.4,95,2,5,ensemble,0.09888881653352177,knn,0.65
0.4,95,2,6,combined,0.1226183714015252,knn,0.65
0.4,95,2,6,matcomplete,0.12172969463365406,knn,0.65
0.4,95,2,6,ensemble,0.11577085581207543,knn,0.65
0.4,95,2,7,combined,0.12515256616416476,knn,0.35000000000000003
0.4,95,2,7,matcomplete,0.11770376433121572,knn,0.35000000000000003
0.4,95,2,7,ensemble,0.11488668337688952,knn,0.35000000000000003
0.4,95,2,8,combined,0.12609753744247257,knn,0.4
0.4,95,2,8,matcomplete,0.12061365963586823,knn,0.4
0.4,95,2,8,ensemble,0.11711199545377785,knn,0.4
0.4,95,2,9,combined,0.10832160417395804,knn,0.25
0.4,95,2,9,matcomplete,0.11801703396540353,knn,0.25
0.4,95,2,9,ensemble,0.11083344510463218,knn,0.25
0.4,95,2,10,combined,0.11984822603903254,knn,0.25
0.4,95,2,10,matcomplete,0.11986163008258047,knn,0.25
0.4,95,2,10,ensemble,0.11498315865109289,knn,0.25
0.4,95,2,11,combined,0.10735290724473731,knn,0.35000000000000003
0.4,95,2,11,matcomplete,0.10772228884129456,knn,0.35000000000000003
0.4,95,2,11,ensemble,0.10262457546517448,knn,0.35000000000000003
0.4,95,2,12,combined,0.11098774108638611,knn,0.2
0.4,95,2,12,matcomplete,0.10979817494664035,knn,0.2
0.4,95,2,12,ensemble,0.10720462513242442,knn,0.2
0.4,95,2,13,combined,0.10957918552330206,knn,0.75
0.4,95,2,13,matcomplete,0.10860933192333809,knn,0.75
0.4,95,2,13,ensemble,0.10602308708301703,knn,0.75
0.4,95,2,14,combined,0.11618497570137865,knn,0.4
0.4,95,2,14,matcomplete,0.1160557375244991,knn,0.4
0.4,95,2,14,ensemble,0.1099416362593351,knn,0.4
0.4,95,4,0,combined,0.09945702624412532,knn,0.30000000000000004
0.4,95,4,0,matcomplete,0.10544700984107938,knn,0.30000000000000004
0.4,95,4,0,ensemble,0.10057500495564922,knn,0.30000000000000004
0.4,95,4,1,combined,0.0857706935450958,knn,0.4
0.4,95,4,1,matcomplete,0.08525902943415255,knn,0.4
0.4,95,4,1,ensemble,0.07992912876557885,knn,0.4
0.4,95,4,2,combined,0.09521045410998658,knn,0.55
0.4,95,4,2,matcomplete,0.09767853079648006,knn,0.55
0.4,95,4,2,ensemble,0.09048134906456601,knn,0.55
0.4,95,4,3,combined,0.08186393018841398,knn,0.4
0.4,95,4,3,matcomplete,0.07610650409466808,knn,0.4
0.4,95,4,3,ensemble,0.07280091358742888,knn,0.4
0.4,95,4,4,combined,0.09824490310177926,knn,0.65
0.4,95,4,4,matcomplete,0.09064857813014285,knn,0.65
0.4,95,4,4,ensemble,0.0880658931661933,knn,0.65
0.4,95,4,5,combined,0.09608866541560598,knn,0.7000000000000001
0.4,95,4,5,matcomplete,0.08770576084140441,knn,0.7000000000000001
0.4,95,4,5,ensemble,0.090717907058137,knn,0.7000000000000001
0.4,95,4,6,combined,0.08751740227263774,knn,0.6000000000000001
0.4,95,4,6,matcomplete,0.08257781960030415,knn,0.6000000000000001
0.4,95,4,6,ensemble,0.08043707024615311,knn,0.6000000000000001
0.4,95,4,7,combined,0.08909373669779506,knn,0.8500000000000001
0.4,95,4,7,matcomplete,0.07516753386027078,knn,0.8500000000000001
0.4,95,4,7,ensemble,0.08482264164400923,knn,0.8500000000000001
0.4,95,4,8,combined,0.08990851443465847,knn,0.25
0.4,95,4,8,matcomplete,0.08364908522857283,knn,0.25
0.4,95,4,8,ensemble,0.08029267212505914,knn,0.25
0.4,95,4,9,combined,0.08748727606515534,knn,0.30000000000000004
0.4,95,4,9,matcomplete,0.08523427680763886,knn,0.30000000000000004
0.4,95,4,9,ensemble,0.08265854735134519,knn,0.30000000000000004
0.4,95,4,10,combined,0.0948051691717762,knn,0.2
0.4,95,4,10,matcomplete,0.08431051238768988,knn,0.2
0.4,95,4,10,ensemble,0.08435146689157969,knn,0.2
0.4,95,4,11,combined,0.10239541461321344,knn,0.2
0.4,95,4,11,matcomplete,0.1010506516016743,knn,0.2
0.4,95,4,11,ensemble,0.09828953324150365,knn,0.2
0.4,95,4,12,combined,0.08330108204802032,knn,0.30000000000000004
0.4,95,4,12,matcomplete,0.09114982280817227,knn,0.30000000000000004
0.4,95,4,12,ensemble,0.08487097865305057,knn,0.30000000000000004
0.4,95,4,13,combined,0.09279074924060483,knn,0.4
0.4,95,4,13,matcomplete,0.09022995942179092,knn,0.4
0.4,95,4,13,ensemble,0.0858537756149876,knn,0.4
0.4,95,4,14,combined,0.09917654297644511,knn,0.8
0.4,95,4,14,matcomplete,0.08670270942065778,knn,0.8
0.4,95,4,14,ensemble,0.0936457282119154,knn,0.8
0.4,95,8,0,combined,0.07092318926464364,knn,0.2
0.4,95,8,0,matcomplete,0.07148580359968722,knn,0.2
0.4,95,8,0,ensemble,0.06956474473430713,knn,0.2
0.4,95,8,1,combined,0.06974396065956144,knn,0.4
0.4,95,8,1,matcomplete,0.06474810312742242,knn,0.4
0.4,95,8,1,ensemble,0.06225035842555163,knn,0.4
0.4,95,8,2,combined,0.07408937058251763,knn,0.55
0.4,95,8,2,matcomplete,0.0697952221887564,knn,0.55
0.4,95,8,2,ensemble,0.06863782212535413,knn,0.55
0.4,95,8,3,combined,0.06693787034208791,knn,0.35000000000000003
0.4,95,8,3,matcomplete,0.0667684717148605,knn,0.35000000000000003
0.4,95,8,3,ensemble,0.06276423587284538,knn,0.35000000000000003
0.4,95,8,4,combined,0.07887740840633599,knn,0.35000000000000003
0.4,95,8,4,matcomplete,0.06612755565453272,knn,0.35000000000000003
0.4,95,8,4,ensemble,0.062445296396537085,knn,0.35000000000000003
0.4,95,8,5,combined,0.08923489228575215,knn,0.5
0.4,95,8,5,matcomplete,0.0781833939186794,knn,0.5
0.4,95,8,5,ensemble,0.08002017039695829,knn,0.5
0.4,95,8,6,combined,0.06828840631994182,knn,0.1
0.4,95,8,6,matcomplete,0.06518036300894983,knn,0.1
0.4,95,8,6,ensemble,0.06394707490625437,knn,0.1
0.4,95,8,7,combined,0.07437787341681382,knn,0.7000000000000001
0.4,95,8,7,matcomplete,0.0749270967982028,knn,0.7000000000000001
0.4,95,8,7,ensemble,0.07017677824859347,knn,0.7000000000000001
0.4,95,8,8,combined,0.08043566347311204,knn,0.30000000000000004
0.4,95,8,8,matcomplete,0.07324446191121226,knn,0.30000000000000004
0.4,95,8,8,ensemble,0.07209640311155296,knn,0.30000000000000004
0.4,95,8,9,combined,0.0673598965825202,knn,0.05
0.4,95,8,9,matcomplete,0.0571939047839959,knn,0.05
0.4,95,8,9,ensemble,0.056769132794105726,knn,0.05
0.4,95,8,10,combined,0.07153689162016912,knn,0.15000000000000002
0.4,95,8,10,matcomplete,0.06361321271555799,knn,0.15000000000000002
0.4,95,8,10,ensemble,0.06330015397364738,knn,0.15000000000000002
0.4,95,8,11,combined,0.07349919892636304,knn,0.15000000000000002
0.4,95,8,11,matcomplete,0.06676492729399185,knn,0.15000000000000002
0.4,95,8,11,ensemble,0.06585226374138435,knn,0.15000000000000002
0.4,95,8,12,combined,0.07112507212742848,knn,0.35000000000000003
0.4,95,8,12,matcomplete,0.06669759358617831,knn,0.35000000000000003
0.4,95,8,12,ensemble,0.06396857209272462,knn,0.35000000000000003
0.4,95,8,13,combined,0.07023825494108762,knn,1.0
0.4,95,8,13,matcomplete,0.06595242845283247,knn,1.0
0.4,95,8,13,ensemble,0.07023825494108762,knn,1.0
0.4,95,8,14,combined,0.07620214996316728,knn,0.35000000000000003
0.4,95,8,14,matcomplete,0.06376216021564628,knn,0.35000000000000003
0.4,95,8,14,ensemble,0.06467152225291505,knn,0.35000000000000003
0.4,95,16,0,combined,0.06210894995159705,knn,0.15000000000000002
0.4,95,16,0,matcomplete,0.06099934092118438,knn,0.15000000000000002
0.4,95,16,0,ensemble,0.05864509689510968,knn,0.15000000000000002
0.4,95,16,1,combined,0.059335966243297664,knn,0.6000000000000001
0.4,95,16,1,matcomplete,0.048319013975687934,knn,0.6000000000000001
0.4,95,16,1,ensemble,0.052009365441139564,knn,0.6000000000000001
0.4,95,16,2,combined,0.06479527059761134,knn,0.30000000000000004
0.4,95,16,2,matcomplete,0.0556581519267441,knn,0.30000000000000004
0.4,95,16,2,ensemble,0.05302380332737512,knn,0.30000000000000004
0.4,95,16,3,combined,0.06435374575315497,knn,0.2
0.4,95,16,3,matcomplete,0.061081191853202745,knn,0.2
0.4,95,16,3,ensemble,0.05891495425913375,knn,0.2
0.4,95,16,4,combined,0.06973934572399018,knn,0.45
0.4,95,16,4,matcomplete,0.05818670958332027,knn,0.45
0.4,95,16,4,ensemble,0.056330247861968386,knn,0.45
0.4,95,16,5,combined,0.06544384417191161,knn,0.5
0.4,95,16,5,matcomplete,0.05924648779568432,knn,0.5
0.4,95,16,5,ensemble,0.058137682055156494,knn,0.5
0.4,95,16,6,combined,0.06119556765592778,knn,0.2
0.4,95,16,6,matcomplete,0.058106738272401696,knn,0.2
0.4,95,16,6,ensemble,0.05651636716947893,knn,0.2
0.4,95,16,7,combined,0.07087779910852107,knn,0.55
0.4,95,16,7,matcomplete,0.05885725421864207,knn,0.55
0.4,95,16,7,ensemble,0.060636784911990496,knn,0.55
0.4,95,16,8,combined,0.06114763254854557,knn,0.2
0.4,95,16,8,matcomplete,0.05080674749926265,knn,0.2
0.4,95,16,8,ensemble,0.05070276886797742,knn,0.2
0.4,95,16,9,combined,0.05805451929052608,knn,0.1
0.4,95,16,9,matcomplete,0.05006390611760543,knn,0.1
0.4,95,16,9,ensemble,0.04957615422093906,knn,0.1
0.4,95,16,10,combined,0.06258625480293027,knn,0.25
0.4,95,16,10,matcomplete,0.05394308466711976,knn,0.25
0.4,95,16,10,ensemble,0.05421911453785035,knn,0.25
0.4,95,16,11,combined,0.06334547691295951,knn,0.55
0.4,95,16,11,matcomplete,0.05523469124340139,knn,0.55
0.4,95,16,11,ensemble,0.05724197688167096,knn,0.55
0.4,95,16,12,combined,0.06121043513277732,knn,0.2
0.4,95,16,12,matcomplete,0.05166691806847063,knn,0.2
0.4,95,16,12,ensemble,0.04990540749323373,knn,0.2
0.4,95,16,13,combined,0.06455633238014101,knn,0.30000000000000004
0.4,95,16,13,matcomplete,0.05809681316701664,knn,0.30000000000000004
0.4,95,16,13,ensemble,0.05536494572612586,knn,0.30000000000000004
0.4,95,16,14,combined,0.0728273541609977,knn,0.25
0.4,95,16,14,matcomplete,0.0608533868664244,knn,0.25
0.4,95,16,14,ensemble,0.061358487158699286,knn,0.25
0.4,95,32,0,combined,0.05871535611828996,knn,0.15000000000000002
0.4,95,32,0,matcomplete,0.05476146956619979,knn,0.15000000000000002
0.4,95,32,0,ensemble,0.05259715478899912,knn,0.15000000000000002
0.4,95,32,1,combined,0.05861424310864261,knn,0.45
0.4,95,32,1,matcomplete,0.045632781509517446,knn,0.45
0.4,95,32,1,ensemble,0.047444612918771875,knn,0.45
0.4,95,32,2,combined,0.057542648288811664,knn,0.35000000000000003
0.4,95,32,2,matcomplete,0.047466003772556935,knn,0.35000000000000003
0.4,95,32,2,ensemble,0.046803693292056636,knn,0.35000000000000003
0.4,95,32,3,combined,0.05251029594543384,knn,0.25
0.4,95,32,3,matcomplete,0.052096377113287955,knn,0.25
0.4,95,32,3,ensemble,0.04937068314102963,knn,0.25
0.4,95,32,4,combined,0.06279802364302982,knn,0.5
0.4,95,32,4,matcomplete,0.04913861816177071,knn,0.5
0.4,95,32,4,ensemble,0.0475931673973627,knn,0.5
0.4,95,32,5,combined,0.06105643466128306,knn,0.2
0.4,95,32,5,matcomplete,0.049746210072467933,knn,0.2
0.4,95,32,5,ensemble,0.05005921337076925,knn,0.2
0.4,95,32,6,combined,0.05374410784536963,knn,0.15000000000000002
0.4,95,32,6,matcomplete,0.04622866839798212,knn,0.15000000000000002
0.4,95,32,6,ensemble,0.04454581391340217,knn,0.15000000000000002
0.4,95,32,7,combined,0.05908684581226822,knn,0.65
0.4,95,32,7,matcomplete,0.049149220452255574,knn,0.65
0.4,95,32,7,ensemble,0.05064247639408472,knn,0.65
0.4,95,32,8,combined,0.05383544952256871,knn,0.35000000000000003
0.4,95,32,8,matcomplete,0.04395596057712308,knn,0.35000000000000003
0.4,95,32,8,ensemble,0.04383545048229745,knn,0.35000000000000003
0.4,95,32,9,combined,0.05058526021921672,knn,0.25
0.4,95,32,9,matcomplete,0.03983757188060408,knn,0.25
0.4,95,32,9,ensemble,0.03937665886271336,knn,0.25
0.4,95,32,10,combined,0.06009832627333009,knn,0.15000000000000002
0.4,95,32,10,matcomplete,0.05157918161066512,knn,0.15000000000000002
0.4,95,32,10,ensemble,0.050774915215362704,knn,0.15000000000000002
0.4,95,32,11,combined,0.06317764910923196,knn,0.2
0.4,95,32,11,matcomplete,0.05398971662535896,knn,0.2
0.4,95,32,11,ensemble,0.05401595091326737,knn,0.2
0.4,95,32,12,combined,0.054634777672591436,knn,0.45
0.4,95,32,12,matcomplete,0.04966166752789376,knn,0.45
0.4,95,32,12,ensemble,0.04689085596054385,knn,0.45
0.4,95,32,13,combined,0.0495505412850224,knn,0.6000000000000001
0.4,95,32,13,matcomplete,0.04458784673924705,knn,0.6000000000000001
0.4,95,32,13,ensemble,0.04486580784553305,knn,0.6000000000000001
0.4,95,32,14,combined,0.06291230940967972,knn,0.45
0.4,95,32,14,matcomplete,0.05478455809526458,knn,0.45
0.4,95,32,14,ensemble,0.05494412581915397,knn,0.45
