obs_prob,n_models,seed,method,mae,predictor,alpha
0.1,95,0,combined,0.12793635431678,knn,0.35000000000000003
0.1,95,0,matcomplete,0.13723637652340756,knn,0.35000000000000003
0.1,95,0,ensemble,0.10747198970037068,knn,0.35000000000000003
0.1,95,1,combined,0.11751142710949802,knn,0.8500000000000001
0.1,95,1,matcomplete,0.11213835120176568,knn,0.8500000000000001
0.1,95,1,ensemble,0.1114176728515264,knn,0.8500000000000001
0.1,95,2,combined,0.11602882034085422,knn,0.1
0.1,95,2,matcomplete,0.11923100833350662,knn,0.1
0.1,95,2,ensemble,0.11295665980684699,knn,0.1
0.1,95,3,combined,0.11032423821342363,knn,1.0
0.1,95,3,matcomplete,0.1214065393665175,knn,1.0
0.1,95,3,ensemble,0.11032423821342363,knn,1.0
0.1,95,4,combined,0.11860680252088308,knn,0.35000000000000003
0.1,95,4,matcomplete,0.12351267118215278,knn,0.35000000000000003
0.1,95,4,ensemble,0.09786277076088827,knn,0.35000000000000003
0.1,95,5,combined,0.12494740753274462,knn,0.65
0.1,95,5,matcomplete,0.13843187721609024,knn,0.65
0.1,95,5,ensemble,0.11078292530530261,knn,0.65
0.1,95,6,combined,0.11913872482400252,knn,0.8
0.1,95,6,matcomplete,0.10308983630052078,knn,0.8
0.1,95,6,ensemble,0.11220708982781608,knn,0.8
0.1,95,7,combined,0.12624570176676483,knn,0.6000000000000001
0.1,95,7,matcomplete,0.14138114703178956,knn,0.6000000000000001
0.1,95,7,ensemble,0.10265496207810426,knn,0.6000000000000001
0.1,95,8,combined,0.1294496684608513,knn,0.5
0.1,95,8,matcomplete,0.12312731357021031,knn,0.5
0.1,95,8,ensemble,0.10005894411510052,knn,0.5
0.1,95,9,combined,0.1295413078738731,knn,0.5
0.1,95,9,matcomplete,0.11832316520693126,knn,0.5
0.1,95,9,ensemble,0.11429080113061175,knn,0.5
0.1,95,10,combined,0.11559744054738466,knn,0.65
0.1,95,10,matcomplete,0.09429393866590173,knn,0.65
0.1,95,10,ensemble,0.09842313114315411,knn,0.65
0.1,95,11,combined,0.11763314598206989,knn,0.55
0.1,95,11,matcomplete,0.11811230569310814,knn,0.55
0.1,95,11,ensemble,0.10230228792336199,knn,0.55
0.1,95,12,combined,0.11517632213597362,knn,1.0
0.1,95,12,matcomplete,0.12254587181982474,knn,1.0
0.1,95,12,ensemble,0.11517632213597362,knn,1.0
0.1,95,13,combined,0.1284473628861502,knn,0.8500000000000001
0.1,95,13,matcomplete,0.1573763465717181,knn,0.8500000000000001
0.1,95,13,ensemble,0.12375962444756858,knn,0.8500000000000001
0.1,95,14,combined,0.11164532220003513,knn,0.55
0.1,95,14,matcomplete,0.09605043061647463,knn,0.55
0.1,95,14,ensemble,0.09156297232029172,knn,0.55
0.1,95,15,combined,0.1273275964811544,knn,0.7000000000000001
0.1,95,15,matcomplete,0.11312945889892165,knn,0.7000000000000001
0.1,95,15,ensemble,0.10858473083898518,knn,0.7000000000000001
0.1,95,16,combined,0.136152861442042,knn,0.55
0.1,95,16,matcomplete,0.13693385816723055,knn,0.55
0.1,95,16,ensemble,0.09944215920151542,knn,0.55
0.1,95,17,combined,0.1216664366176339,knn,0.8500000000000001
0.1,95,17,matcomplete,0.11792260291285532,knn,0.8500000000000001
0.1,95,17,ensemble,0.11543629476660142,knn,0.8500000000000001
0.1,95,18,combined,0.11796066090221484,knn,0.6000000000000001
0.1,95,18,matcomplete,0.14579896515941143,knn,0.6000000000000001
0.1,95,18,ensemble,0.11554119479099681,knn,0.6000000000000001
0.1,95,19,combined,0.12414879467490697,knn,1.0
0.1,95,19,matcomplete,0.10415030578775483,knn,1.0
0.1,95,19,ensemble,0.12414879467490697,knn,1.0
0.2,95,0,combined,0.09020903751435087,knn,0.45
0.2,95,0,matcomplete,0.10683765893944734,knn,0.45
0.2,95,0,ensemble,0.0854208550972307,knn,0.45
0.2,95,1,combined,0.1117763603926941,knn,0.7000000000000001
0.2,95,1,matcomplete,0.1060542701193007,knn,0.7000000000000001
0.2,95,1,ensemble,0.09849613773675159,knn,0.7000000000000001
0.2,95,2,combined,0.10304320392379872,knn,0.7000000000000001
0.2,95,2,matcomplete,0.10830512812834166,knn,0.7000000000000001
0.2,95,2,ensemble,0.0966561276949262,knn,0.7000000000000001
0.2,95,3,combined,0.09119199450503833,knn,0.8
0.2,95,3,matcomplete,0.1080998476918533,knn,0.8
0.2,95,3,ensemble,0.08720059546204355,knn,0.8
0.2,95,4,combined,0.10101169276036075,knn,0.55
0.2,95,4,matcomplete,0.11422971776947502,knn,0.55
0.2,95,4,ensemble,0.09322385570099635,knn,0.55
0.2,95,5,combined,0.11169922227806457,knn,0.5
0.2,95,5,matcomplete,0.11989750445580732,knn,0.5
0.2,95,5,ensemble,0.09761936654581355,knn,0.5
0.2,95,6,combined,0.10669363016131904,knn,0.7000000000000001
0.2,95,6,matcomplete,0.11502266159580143,knn,0.7000000000000001
0.2,95,6,ensemble,0.10391682280122964,knn,0.7000000000000001
0.2,95,7,combined,0.09673939142090376,knn,0.5
0.2,95,7,matcomplete,0.11383640413663113,knn,0.5
0.2,95,7,ensemble,0.09181462299382365,knn,0.5
0.2,95,8,combined,0.11172730529867607,knn,0.4
0.2,95,8,matcomplete,0.10680755080287446,knn,0.4
0.2,95,8,ensemble,0.10143791792351052,knn,0.4
0.2,95,9,combined,0.1003714614168754,knn,0.55
0.2,95,9,matcomplete,0.10782258748958054,knn,0.55
0.2,95,9,ensemble,0.0911687158596225,knn,0.55
0.2,95,10,combined,0.10391177159443392,knn,0.4
0.2,95,10,matcomplete,0.1179425663364168,knn,0.4
0.2,95,10,ensemble,0.09546265128030726,knn,0.4
0.2,95,11,combined,0.0949908442868325,knn,0.5
0.2,95,11,matcomplete,0.10045272659067271,knn,0.5
0.2,95,11,ensemble,0.08437391622460533,knn,0.5
0.2,95,12,combined,0.100427932371771,knn,0.6000000000000001
0.2,95,12,matcomplete,0.10156980517018746,knn,0.6000000000000001
0.2,95,12,ensemble,0.09297648059957053,knn,0.6000000000000001
0.2,95,13,combined,0.11370019829112109,knn,0.5
0.2,95,13,matcomplete,0.10564993396595432,knn,0.5
0.2,95,13,ensemble,0.10139776139818524,knn,0.5
0.2,95,14,combined,0.10231365977374181,knn,0.55
0.2,95,14,matcomplete,0.09293081181533937,knn,0.55
0.2,95,14,ensemble,0.09224903947878277,knn,0.55
0.2,95,15,combined,0.10743511016915279,knn,0.5
0.2,95,15,matcomplete,0.10836910886685629,knn,0.5
0.2,95,15,ensemble,0.09338972844392782,knn,0.5
0.2,95,16,combined,0.11542631222985747,knn,0.65
0.2,95,16,matcomplete,0.11350480725591036,knn,0.65
0.2,95,16,ensemble,0.10063928479654019,knn,0.65
0.2,95,17,combined,0.10305724885827874,knn,0.8
0.2,95,17,matcomplete,0.09631485884326717,knn,0.8
0.2,95,17,ensemble,0.09583904881620038,knn,0.8
0.2,95,18,combined,0.09864850656672688,knn,0.55
0.2,95,18,matcomplete,0.12423059148144791,knn,0.55
0.2,95,18,ensemble,0.09626064013741954,knn,0.55
0.2,95,19,combined,0.10824788543818888,knn,0.6000000000000001
0.2,95,19,matcomplete,0.11141889150909416,knn,0.6000000000000001
0.2,95,19,ensemble,0.09674732263223733,knn,0.6000000000000001
0.3,95,0,combined,0.08569695657218225,knn,0.55
0.3,95,0,matcomplete,0.12335190589155515,knn,0.55
0.3,95,0,ensemble,0.08769363568593634,knn,0.55
0.3,95,1,combined,0.09158136084031121,knn,0.9
0.3,95,1,matcomplete,0.10366171581369298,knn,0.9
0.3,95,1,ensemble,0.08829945561456028,knn,0.9
0.3,95,2,combined,0.09006224143840924,knn,0.65
0.3,95,2,matcomplete,0.08706442005117142,knn,0.65
0.3,95,2,ensemble,0.08228564609022666,knn,0.65
0.3,95,3,combined,0.08903088100426305,knn,0.55
0.3,95,3,matcomplete,0.0933105738421004,knn,0.55
0.3,95,3,ensemble,0.08180674195136707,knn,0.55
0.3,95,4,combined,0.09545054715319724,knn,0.55
0.3,95,4,matcomplete,0.11432483305600731,knn,0.55
0.3,95,4,ensemble,0.08729000653153694,knn,0.55
0.3,95,5,combined,0.09123832965274892,knn,0.7000000000000001
0.3,95,5,matcomplete,0.08610135077480044,knn,0.7000000000000001
0.3,95,5,ensemble,0.08478617393756593,knn,0.7000000000000001
0.3,95,6,combined,0.09303025386845111,knn,0.8500000000000001
0.3,95,6,matcomplete,0.10643422795842031,knn,0.8500000000000001
0.3,95,6,ensemble,0.09257228874845401,knn,0.8500000000000001
0.3,95,7,combined,0.09190241240028325,knn,0.5
0.3,95,7,matcomplete,0.12083588811586347,knn,0.5
0.3,95,7,ensemble,0.09253554955383919,knn,0.5
0.3,95,8,combined,0.09096455810277991,knn,0.4
0.3,95,8,matcomplete,0.09264889030240094,knn,0.4
0.3,95,8,ensemble,0.08401646283825825,knn,0.4
0.3,95,9,combined,0.09192846726120035,knn,0.30000000000000004
0.3,95,9,matcomplete,0.08580522484678349,knn,0.30000000000000004
0.3,95,9,ensemble,0.08214675010677734,knn,0.30000000000000004
0.3,95,10,combined,0.09347878583777007,knn,0.30000000000000004
0.3,95,10,matcomplete,0.09056753491171576,knn,0.30000000000000004
0.3,95,10,ensemble,0.08308315000434023,knn,0.30000000000000004
0.3,95,11,combined,0.0946985783299152,knn,0.45
0.3,95,11,matcomplete,0.09446786335310685,knn,0.45
0.3,95,11,ensemble,0.080647546098179,knn,0.45
0.3,95,12,combined,0.08954865925596343,knn,0.5
0.3,95,12,matcomplete,0.09851162053880068,knn,0.5
0.3,95,12,ensemble,0.08241434394787267,knn,0.5
0.3,95,13,combined,0.10510780412814798,knn,0.6000000000000001
0.3,95,13,matcomplete,0.08423929013622178,knn,0.6000000000000001
0.3,95,13,ensemble,0.09118335038261831,knn,0.6000000000000001
0.3,95,14,combined,0.08908486178620502,knn,0.7000000000000001
0.3,95,14,matcomplete,0.09117868063094882,knn,0.7000000000000001
0.3,95,14,ensemble,0.08341052298287976,knn,0.7000000000000001
0.3,95,15,combined,0.09510687105245078,knn,0.65
0.3,95,15,matcomplete,0.10633678995838727,knn,0.65
0.3,95,15,ensemble,0.08877426581129709,knn,0.65
0.3,95,16,combined,0.09256637725143183,knn,0.55
0.3,95,16,matcomplete,0.08560053591354104,knn,0.55
0.3,95,16,ensemble,0.08486992635956964,knn,0.55
0.3,95,17,combined,0.09327737891234877,knn,0.55
0.3,95,17,matcomplete,0.08944143919093946,knn,0.55
0.3,95,17,ensemble,0.08443886313692729,knn,0.55
0.3,95,18,combined,0.09265634974642242,knn,0.45
0.3,95,18,matcomplete,0.09451400387179346,knn,0.45
0.3,95,18,ensemble,0.08627652811848231,knn,0.45
0.3,95,19,combined,0.09664603633860458,knn,0.4
0.3,95,19,matcomplete,0.10020708420939987,knn,0.4
0.3,95,19,ensemble,0.09235114491999223,knn,0.4
0.5,95,0,combined,0.07261503799533256,knn,0.75
0.5,95,0,matcomplete,0.09060126307413609,knn,0.75
0.5,95,0,ensemble,0.06752842962332146,knn,0.75
0.5,95,1,combined,0.08366297220834638,knn,0.5
0.5,95,1,matcomplete,0.10305323538049081,knn,0.5
0.5,95,1,ensemble,0.08302242175054399,knn,0.5
0.5,95,2,combined,0.08001344339231958,knn,0.65
0.5,95,2,matcomplete,0.08652137037919967,knn,0.65
0.5,95,2,ensemble,0.07544965409449242,knn,0.65
0.5,95,3,combined,0.07552239312364604,knn,0.35000000000000003
0.5,95,3,matcomplete,0.08370094468567346,knn,0.35000000000000003
0.5,95,3,ensemble,0.0747538027219225,knn,0.35000000000000003
0.5,95,4,combined,0.08297305770119134,knn,0.35000000000000003
0.5,95,4,matcomplete,0.08346651481305822,knn,0.35000000000000003
0.5,95,4,ensemble,0.07709599839390355,knn,0.35000000000000003
0.5,95,5,combined,0.08402564599813113,knn,0.45
0.5,95,5,matcomplete,0.0740548481161641,knn,0.45
0.5,95,5,ensemble,0.07383048870729973,knn,0.45
0.5,95,6,combined,0.07742461386789722,knn,0.65
0.5,95,6,matcomplete,0.08469134212141062,knn,0.65
0.5,95,6,ensemble,0.07535819830928131,knn,0.65
0.5,95,7,combined,0.08376382246631248,knn,0.55
0.5,95,7,matcomplete,0.08623875243490262,knn,0.55
0.5,95,7,ensemble,0.07660721764649714,knn,0.55
0.5,95,8,combined,0.08060509523392415,knn,0.4
0.5,95,8,matcomplete,0.07276681119380397,knn,0.4
0.5,95,8,ensemble,0.07015295469908575,knn,0.4
0.5,95,9,combined,0.07782977227513155,knn,0.4
0.5,95,9,matcomplete,0.08386921079168114,knn,0.4
0.5,95,9,ensemble,0.07543765827049506,knn,0.4
0.5,95,10,combined,0.07395008476639481,knn,0.65
0.5,95,10,matcomplete,0.08810009323150915,knn,0.65
0.5,95,10,ensemble,0.0705569200205862,knn,0.65
0.5,95,11,combined,0.08272475913454219,knn,0.45
0.5,95,11,matcomplete,0.09357614166938523,knn,0.45
0.5,95,11,ensemble,0.08207097410729412,knn,0.45
0.5,95,12,combined,0.07919666202765113,knn,0.7000000000000001
0.5,95,12,matcomplete,0.08443474281713731,knn,0.7000000000000001
0.5,95,12,ensemble,0.07542291166734544,knn,0.7000000000000001
0.5,95,13,combined,0.06940887389509834,knn,0.55
0.5,95,13,matcomplete,0.08077265626287711,knn,0.55
0.5,95,13,ensemble,0.06862725598877337,knn,0.55
0.5,95,14,combined,0.0765425510778576,knn,0.55
0.5,95,14,matcomplete,0.0875150168063164,knn,0.55
0.5,95,14,ensemble,0.0757016148054338,knn,0.55
0.5,95,15,combined,0.07820284810027459,knn,0.5
0.5,95,15,matcomplete,0.09080110403906604,knn,0.5
0.5,95,15,ensemble,0.07589010136832247,knn,0.5
0.5,95,16,combined,0.0819909716917862,knn,0.55
0.5,95,16,matcomplete,0.08405426056903346,knn,0.55
0.5,95,16,ensemble,0.07756356146375575,knn,0.55
0.5,95,17,combined,0.073104702533699,knn,0.5
0.5,95,17,matcomplete,0.09692915501607044,knn,0.5
0.5,95,17,ensemble,0.07625515009060523,knn,0.5
0.5,95,18,combined,0.07659748170230407,knn,0.5
0.5,95,18,matcomplete,0.08878581906096814,knn,0.5
0.5,95,18,ensemble,0.07604924473519165,knn,0.5
0.5,95,19,combined,0.07607412501239927,knn,0.45
0.5,95,19,matcomplete,0.08084896305188279,knn,0.45
0.5,95,19,ensemble,0.07142988927930832,knn,0.45
0.7,95,0,combined,0.0683971283329097,knn,0.7000000000000001
0.7,95,0,matcomplete,0.08225234906288091,knn,0.7000000000000001
0.7,95,0,ensemble,0.06522546004245648,knn,0.7000000000000001
0.7,95,1,combined,0.07100900862540968,knn,0.55
0.7,95,1,matcomplete,0.08348897622669423,knn,0.55
0.7,95,1,ensemble,0.06819762849432726,knn,0.55
0.7,95,2,combined,0.07470530985369406,knn,0.6000000000000001
0.7,95,2,matcomplete,0.08279557547258799,knn,0.6000000000000001
0.7,95,2,ensemble,0.07217397650768671,knn,0.6000000000000001
0.7,95,3,combined,0.06839507516818241,knn,0.5
0.7,95,3,matcomplete,0.07019255764498906,knn,0.5
0.7,95,3,ensemble,0.06433572163855326,knn,0.5
0.7,95,4,combined,0.07259003802720543,knn,0.6000000000000001
0.7,95,4,matcomplete,0.08994730961243587,knn,0.6000000000000001
0.7,95,4,ensemble,0.07227518531018699,knn,0.6000000000000001
0.7,95,5,combined,0.06642653826289775,knn,0.65
0.7,95,5,matcomplete,0.0781828284638222,knn,0.65
0.7,95,5,ensemble,0.06424112314255118,knn,0.65
0.7,95,6,combined,0.07703262361665439,knn,0.7000000000000001
0.7,95,6,matcomplete,0.08646185097516369,knn,0.7000000000000001
0.7,95,6,ensemble,0.07619220626503857,knn,0.7000000000000001
0.7,95,7,combined,0.0738534643118949,knn,0.5
0.7,95,7,matcomplete,0.07321000834093959,knn,0.5
0.7,95,7,ensemble,0.06720759484763496,knn,0.5
0.7,95,8,combined,0.06551024714572336,knn,0.75
0.7,95,8,matcomplete,0.07521361685736135,knn,0.75
0.7,95,8,ensemble,0.0645196067889164,knn,0.75
0.7,95,9,combined,0.06593117907750741,knn,0.5
0.7,95,9,matcomplete,0.07759800939203973,knn,0.5
0.7,95,9,ensemble,0.0654788203729777,knn,0.5
0.7,95,10,combined,0.06545349059186119,knn,0.65
0.7,95,10,matcomplete,0.07700331709085678,knn,0.65
0.7,95,10,ensemble,0.06295019194392569,knn,0.65
0.7,95,11,combined,0.08089642099311818,knn,0.6000000000000001
0.7,95,11,matcomplete,0.09486085443969645,knn,0.6000000000000001
0.7,95,11,ensemble,0.0814259021002121,knn,0.6000000000000001
0.7,95,12,combined,0.07720332887868832,knn,0.45
0.7,95,12,matcomplete,0.08019280398308502,knn,0.45
0.7,95,12,ensemble,0.07539525053137236,knn,0.45
0.7,95,13,combined,0.06011086648508392,knn,0.8
0.7,95,13,matcomplete,0.07922669789743064,knn,0.8
0.7,95,13,ensemble,0.06050894903340485,knn,0.8
0.7,95,14,combined,0.0702645135251599,knn,0.55
0.7,95,14,matcomplete,0.0785161960922846,knn,0.55
0.7,95,14,ensemble,0.06698602203610132,knn,0.55
0.7,95,15,combined,0.06741693147844838,knn,0.65
0.7,95,15,matcomplete,0.08245801873060239,knn,0.65
0.7,95,15,ensemble,0.06735011813584528,knn,0.65
0.7,95,16,combined,0.06667721762937107,knn,0.7000000000000001
0.7,95,16,matcomplete,0.08433509961134171,knn,0.7000000000000001
0.7,95,16,ensemble,0.0675179227278709,knn,0.7000000000000001
0.7,95,17,combined,0.06916366197196694,knn,0.5
0.7,95,17,matcomplete,0.07396873428735819,knn,0.5
0.7,95,17,ensemble,0.06536719188303408,knn,0.5
0.7,95,18,combined,0.07067984535198328,knn,0.65
0.7,95,18,matcomplete,0.08691578234140394,knn,0.65
0.7,95,18,ensemble,0.07066444486317784,knn,0.65
0.7,95,19,combined,0.05856785745479014,knn,0.65
0.7,95,19,matcomplete,0.06547541727097973,knn,0.65
0.7,95,19,ensemble,0.05691034889030939,knn,0.65
0.9,95,0,combined,0.06303016761790449,knn,0.7000000000000001
0.9,95,0,matcomplete,0.08120067583376453,knn,0.7000000000000001
0.9,95,0,ensemble,0.06469630118872752,knn,0.7000000000000001
0.9,95,1,combined,0.06307490879789504,knn,0.7000000000000001
0.9,95,1,matcomplete,0.06971382432763318,knn,0.7000000000000001
0.9,95,1,ensemble,0.06180845432375348,knn,0.7000000000000001
0.9,95,2,combined,0.06926402717886507,knn,0.6000000000000001
0.9,95,2,matcomplete,0.09620608196656578,knn,0.6000000000000001
0.9,95,2,ensemble,0.07499524948631801,knn,0.6000000000000001
0.9,95,3,combined,0.05872974199703044,knn,0.6000000000000001
0.9,95,3,matcomplete,0.09141305948392217,knn,0.6000000000000001
0.9,95,3,ensemble,0.0645745276454195,knn,0.6000000000000001
0.9,95,4,combined,0.05870198808534955,knn,0.75
0.9,95,4,matcomplete,0.06331779998374597,knn,0.75
0.9,95,4,ensemble,0.05475845101451322,knn,0.75
0.9,95,5,combined,0.05521708595451668,knn,0.6000000000000001
0.9,95,5,matcomplete,0.08370271924733574,knn,0.6000000000000001
0.9,95,5,ensemble,0.06163371464274841,knn,0.6000000000000001
0.9,95,6,combined,0.05739900078592443,knn,0.7000000000000001
0.9,95,6,matcomplete,0.09470970420758687,knn,0.7000000000000001
0.9,95,6,ensemble,0.05899072868284116,knn,0.7000000000000001
0.9,95,7,combined,0.05869969421470282,knn,0.6000000000000001
0.9,95,7,matcomplete,0.06773072252024608,knn,0.6000000000000001
0.9,95,7,ensemble,0.0568105933144329,knn,0.6000000000000001
0.9,95,8,combined,0.06234164830930255,knn,0.6000000000000001
0.9,95,8,matcomplete,0.09327601620546414,knn,0.6000000000000001
0.9,95,8,ensemble,0.07100682412347768,knn,0.6000000000000001
0.9,95,9,combined,0.05178682542852273,knn,0.8
0.9,95,9,matcomplete,0.06750077990240763,knn,0.8
0.9,95,9,ensemble,0.05243115316341295,knn,0.8
0.9,95,10,combined,0.05881681854939243,knn,0.6000000000000001
0.9,95,10,matcomplete,0.06555530333070222,knn,0.6000000000000001
0.9,95,10,ensemble,0.05821156140958327,knn,0.6000000000000001
0.9,95,11,combined,0.06543000213145068,knn,0.65
0.9,95,11,matcomplete,0.06811060921962434,knn,0.65
0.9,95,11,ensemble,0.0630975938778395,knn,0.65
0.9,95,12,combined,0.06542455098758983,knn,0.7000000000000001
0.9,95,12,matcomplete,0.07113899656497119,knn,0.7000000000000001
0.9,95,12,ensemble,0.06303460360420801,knn,0.7000000000000001
0.9,95,13,combined,0.06539305005549571,knn,0.7000000000000001
0.9,95,13,matcomplete,0.07117988693746628,knn,0.7000000000000001
0.9,95,13,ensemble,0.062040195060566385,knn,0.7000000000000001
0.9,95,14,combined,0.06349973075475883,knn,0.7000000000000001
0.9,95,14,matcomplete,0.09378543617244123,knn,0.7000000000000001
0.9,95,14,ensemble,0.06793108154968734,knn,0.7000000000000001
0.9,95,15,combined,0.06531269457862486,knn,0.75
0.9,95,15,matcomplete,0.07466560047140296,knn,0.75
0.9,95,15,ensemble,0.06422923804510317,knn,0.75
0.9,95,16,combined,0.06312123467261861,knn,0.65
0.9,95,16,matcomplete,0.07202958388736938,knn,0.65
0.9,95,16,ensemble,0.06177350197573532,knn,0.65
0.9,95,17,combined,0.053947378028417016,knn,0.7000000000000001
0.9,95,17,matcomplete,0.05919114436940852,knn,0.7000000000000001
0.9,95,17,ensemble,0.05089519349551286,knn,0.7000000000000001
0.9,95,18,combined,0.044205072425749385,knn,0.65
0.9,95,18,matcomplete,0.05611189415360019,knn,0.65
0.9,95,18,ensemble,0.04626463346320618,knn,0.65
0.9,95,19,combined,0.04972476875102246,knn,0.7000000000000001
0.9,95,19,matcomplete,0.055407863525973836,knn,0.7000000000000001
0.9,95,19,ensemble,0.04857300831788341,knn,0.7000000000000001
