m_p,m_u,seed,estimator,mse
10,0,0,paired,0.02389370140316397
10,0,0,unpaired,
10,0,0,combined,0.02389370140316397
10,0,1,paired,0.022420358697000084
10,0,1,unpaired,
10,0,1,combined,0.022420358697000084
10,0,2,paired,0.01833622541102476
10,0,2,unpaired,
10,0,2,combined,0.01833622541102476
10,0,3,paired,0.09547930389514508
10,0,3,unpaired,
10,0,3,combined,0.09547930389514508
10,0,4,paired,0.020709905900341885
10,0,4,unpaired,
10,0,4,combined,0.020709905900341885
10,0,5,paired,0.18782385684493083
10,0,5,unpaired,
10,0,5,combined,0.18782385684493083
10,0,6,paired,0.10064513026079655
10,0,6,unpaired,
10,0,6,combined,0.10064513026079655
10,0,7,paired,0.02774599154673244
10,0,7,unpaired,
10,0,7,combined,0.02774599154673244
10,0,8,paired,0.046367665242260575
10,0,8,unpaired,
10,0,8,combined,0.046367665242260575
10,0,9,paired,0.025026843895129863
10,0,9,unpaired,
10,0,9,combined,0.025026843895129863
10,0,10,paired,0.06122025071380919
10,0,10,unpaired,
10,0,10,combined,0.06122025071380919
10,0,11,paired,0.02809322072337474
10,0,11,unpaired,
10,0,11,combined,0.02809322072337474
10,0,12,paired,0.016658722407094945
10,0,12,unpaired,
10,0,12,combined,0.016658722407094945
10,0,13,paired,0.05419014868368828
10,0,13,unpaired,
10,0,13,combined,0.05419014868368828
10,0,14,paired,0.05785411309170449
10,0,14,unpaired,
10,0,14,combined,0.05785411309170449
10,0,15,paired,0.08181398847747712
10,0,15,unpaired,
10,0,15,combined,0.08181398847747712
10,0,16,paired,0.0167258060292868
10,0,16,unpaired,
10,0,16,combined,0.0167258060292868
10,0,17,paired,0.07197759458224086
10,0,17,unpaired,
10,0,17,combined,0.07197759458224086
10,0,18,paired,0.013317862015504757
10,0,18,unpaired,
10,0,18,combined,0.013317862015504757
10,0,19,paired,0.0360797354322425
10,0,19,unpaired,
10,0,19,combined,0.0360797354322425
10,0,20,paired,0.022168568882870814
10,0,20,unpaired,
10,0,20,combined,0.022168568882870814
10,0,21,paired,0.07639671214113046
10,0,21,unpaired,
10,0,21,combined,0.07639671214113046
10,0,22,paired,0.013746458025884645
10,0,22,unpaired,
10,0,22,combined,0.013746458025884645
10,0,23,paired,0.16268708858420022
10,0,23,unpaired,
10,0,23,combined,0.16268708858420022
10,0,24,paired,0.02722762253331781
10,0,24,unpaired,
10,0,24,combined,0.02722762253331781
10,0,25,paired,0.010908255662772965
10,0,25,unpaired,
10,0,25,combined,0.010908255662772965
10,0,26,paired,0.062475369228223575
10,0,26,unpaired,
10,0,26,combined,0.062475369228223575
10,0,27,paired,0.039429790394722594
10,0,27,unpaired,
10,0,27,combined,0.039429790394722594
10,0,28,paired,0.024473122922145006
10,0,28,unpaired,
10,0,28,combined,0.024473122922145006
10,0,29,paired,0.022889400441543747
10,0,29,unpaired,
10,0,29,combined,0.022889400441543747
10,0,30,paired,0.008178511515304025
10,0,30,unpaired,
10,0,30,combined,0.008178511515304025
10,0,31,paired,0.03453615711126371
10,0,31,unpaired,
10,0,31,combined,0.03453615711126371
10,0,32,paired,0.023722333348614625
10,0,32,unpaired,
10,0,32,combined,0.023722333348614625
10,0,33,paired,0.09437698283182927
10,0,33,unpaired,
10,0,33,combined,0.09437698283182927
10,0,34,paired,0.08370137724760139
10,0,34,unpaired,
10,0,34,combined,0.08370137724760139
10,0,35,paired,0.08233516581110614
10,0,35,unpaired,
10,0,35,combined,0.08233516581110614
10,0,36,paired,0.016074543635642383
10,0,36,unpaired,
10,0,36,combined,0.016074543635642383
10,0,37,paired,0.080090639289176
10,0,37,unpaired,
10,0,37,combined,0.080090639289176
10,0,38,paired,0.12200467307257723
10,0,38,unpaired,
10,0,38,combined,0.12200467307257723
10,0,39,paired,0.05780776024574433
10,0,39,unpaired,
10,0,39,combined,0.05780776024574433
10,0,40,paired,0.0879404438932565
10,0,40,unpaired,
10,0,40,combined,0.0879404438932565
10,0,41,paired,0.033019030529945946
10,0,41,unpaired,
10,0,41,combined,0.033019030529945946
10,0,42,paired,0.03274228690402088
10,0,42,unpaired,
10,0,42,combined,0.03274228690402088
10,0,43,paired,0.010854087546827667
10,0,43,unpaired,
10,0,43,combined,0.010854087546827667
10,0,44,paired,0.006895206653312462
10,0,44,unpaired,
10,0,44,combined,0.006895206653312462
10,0,45,paired,0.01876417620710027
10,0,45,unpaired,
10,0,45,combined,0.01876417620710027
10,0,46,paired,0.06751895875000397
10,0,46,unpaired,
10,0,46,combined,0.06751895875000397
10,0,47,paired,0.05046783148737197
10,0,47,unpaired,
10,0,47,combined,0.05046783148737197
10,0,48,paired,0.01484023267687463
10,0,48,unpaired,
10,0,48,combined,0.01484023267687463
10,0,49,paired,0.02291792344853801
10,0,49,unpaired,
10,0,49,combined,0.02291792344853801
10,10,0,paired,0.02389370140316397
10,10,0,unpaired,0.26057990745041204
10,10,0,combined,0.074668768961513
10,10,1,paired,0.022420358697000084
10,10,1,unpaired,0.4262920248898209
10,10,1,combined,0.1276611862745942
10,10,2,paired,0.01833622541102476
10,10,2,unpaired,0.21700571946563732
10,10,2,combined,0.055321589123643135
10,10,3,paired,0.09547930389514508
10,10,3,unpaired,0.30046444590983057
10,10,3,combined,0.08099019082715658
10,10,4,paired,0.020709905900341885
10,10,4,unpaired,0.21241790588557993
10,10,4,combined,0.053999568787975474
10,10,5,paired,0.18782385684493083
10,10,5,unpaired,0.26207865957873416
10,10,5,combined,0.16424967659987202
10,10,6,paired,0.10064513026079655
10,10,6,unpaired,0.20666950059330225
10,10,6,combined,0.11130056663987194
10,10,7,paired,0.02774599154673244
10,10,7,unpaired,0.2131131096768876
10,10,7,combined,0.0651779680371904
10,10,8,paired,0.046367665242260575
10,10,8,unpaired,0.25986919502983985
10,10,8,combined,0.08794628066510156
10,10,9,paired,0.025026843895129863
10,10,9,unpaired,0.24777266293415212
10,10,9,combined,0.07215104802816065
10,10,10,paired,0.06122025071380919
10,10,10,unpaired,0.2079723743657096
10,10,10,combined,0.06912281559710375
10,10,11,paired,0.02809322072337474
10,10,11,unpaired,0.1870474053338685
10,10,11,combined,0.05458217074851213
10,10,12,paired,0.016658722407094945
10,10,12,unpaired,0.21630111339175379
10,10,12,combined,0.06287539007958287
10,10,13,paired,0.05419014868368828
10,10,13,unpaired,0.1606301468476444
10,10,13,combined,0.05726987191821356
10,10,14,paired,0.05785411309170449
10,10,14,unpaired,0.2741322323081563
10,10,14,combined,0.09759180273566931
10,10,15,paired,0.08181398847747712
10,10,15,unpaired,0.22968934893560566
10,10,15,combined,0.08095227777506203
10,10,16,paired,0.0167258060292868
10,10,16,unpaired,0.1927800765361587
10,10,16,combined,0.04732399764795218
10,10,17,paired,0.07197759458224086
10,10,17,unpaired,0.1961141646307916
10,10,17,combined,0.04719846440673458
10,10,18,paired,0.013317862015504757
10,10,18,unpaired,0.311117802024874
10,10,18,combined,0.08257431837127845
10,10,19,paired,0.0360797354322425
10,10,19,unpaired,0.21812673178283462
10,10,19,combined,0.05976428632058548
10,10,20,paired,0.022168568882870814
10,10,20,unpaired,0.3166156710369173
10,10,20,combined,0.08539982416214767
10,10,21,paired,0.07639671214113046
10,10,21,unpaired,0.28234904645883774
10,10,21,combined,0.05502023086429594
10,10,22,paired,0.013746458025884645
10,10,22,unpaired,0.23743169191323635
10,10,22,combined,0.06966095702897918
10,10,23,paired,0.16268708858420022
10,10,23,unpaired,0.29675905314047857
10,10,23,combined,0.1518245773887409
10,10,24,paired,0.02722762253331781
10,10,24,unpaired,0.2671419791018609
10,10,24,combined,0.07527226786649328
10,10,25,paired,0.010908255662772965
10,10,25,unpaired,0.19977843572032714
10,10,25,combined,0.05224956690455965
10,10,26,paired,0.062475369228223575
10,10,26,unpaired,0.1926704895869063
10,10,26,combined,0.059675362661849515
10,10,27,paired,0.039429790394722594
10,10,27,unpaired,0.19329452495708943
10,10,27,combined,0.059781007401099914
10,10,28,paired,0.024473122922145006
10,10,28,unpaired,0.1818815310818278
10,10,28,combined,0.061516573802327806
10,10,29,paired,0.022889400441543747
10,10,29,unpaired,0.24021873900210655
10,10,29,combined,0.06712097792111836
10,10,30,paired,0.008178511515304025
10,10,30,unpaired,0.33305117372262855
10,10,30,combined,0.0896921025374975
10,10,31,paired,0.03453615711126371
10,10,31,unpaired,0.34095735825413204
10,10,31,combined,0.09826253497990668
10,10,32,paired,0.023722333348614625
10,10,32,unpaired,0.3980704105778953
10,10,32,combined,0.13074320631072375
10,10,33,paired,0.09437698283182927
10,10,33,unpaired,0.20365279434558614
10,10,33,combined,0.11062078486783716
10,10,34,paired,0.08370137724760139
10,10,34,unpaired,0.21859821512384048
10,10,34,combined,0.08673744760884386
10,10,35,paired,0.08233516581110614
10,10,35,unpaired,0.24591421462288773
10,10,35,combined,0.09833943081810026
10,10,36,paired,0.016074543635642383
10,10,36,unpaired,0.21661758416436477
10,10,36,combined,0.05131869539490098
10,10,37,paired,0.080090639289176
10,10,37,unpaired,0.16538647734532888
10,10,37,combined,0.07076226509794474
10,10,38,paired,0.12200467307257723
10,10,38,unpaired,0.20290289870938358
10,10,38,combined,0.0646028350547788
10,10,39,paired,0.05780776024574433
10,10,39,unpaired,0.24189889738384454
10,10,39,combined,0.10313644426895249
10,10,40,paired,0.0879404438932565
10,10,40,unpaired,0.36301274974896325
10,10,40,combined,0.15256836111835936
10,10,41,paired,0.033019030529945946
10,10,41,unpaired,0.29675372416668966
10,10,41,combined,0.09441041062008813
10,10,42,paired,0.03274228690402088
10,10,42,unpaired,0.2591008682492056
10,10,42,combined,0.07985637790973928
10,10,43,paired,0.010854087546827667
10,10,43,unpaired,0.21788062297441718
10,10,43,combined,0.06249622610734536
10,10,44,paired,0.006895206653312462
10,10,44,unpaired,0.35057506572759783
10,10,44,combined,0.10219339021620123
10,10,45,paired,0.01876417620710027
10,10,45,unpaired,0.26602316921523833
10,10,45,combined,0.08299546521901541
10,10,46,paired,0.06751895875000397
10,10,46,unpaired,0.39290269454139604
10,10,46,combined,0.16165708865192535
10,10,47,paired,0.05046783148737197
10,10,47,unpaired,0.2453162078772115
10,10,47,combined,0.06998832662740896
10,10,48,paired,0.01484023267687463
10,10,48,unpaired,0.17424044803177707
10,10,48,combined,0.05068618040126472
10,10,49,paired,0.02291792344853801
10,10,49,unpaired,0.2637046815593482
10,10,49,combined,0.07622902884553755
10,25,0,paired,0.02389370140316397
10,25,0,unpaired,0.08101819233118136
10,25,0,combined,0.043635133947611586
10,25,1,paired,0.022420358697000084
10,25,1,unpaired,0.07130287759294922
10,25,1,combined,0.042229330276961234
10,25,2,paired,0.01833622541102476
10,25,2,unpaired,0.07764574626767973
10,25,2,combined,0.04193258787246679
10,25,3,paired,0.09547930389514508
10,25,3,unpaired,0.09709810694848255
10,25,3,combined,0.05356433562966564
10,25,4,paired,0.020709905900341885
10,25,4,unpaired,0.09623880470447407
10,25,4,combined,0.051912984616823664
10,25,5,paired,0.18782385684493083
10,25,5,unpaired,0.10621446109936192
10,25,5,combined,0.09857309623079616
10,25,6,paired,0.10064513026079655
10,25,6,unpaired,0.1177143651100506
10,25,6,combined,0.08549061753757453
10,25,7,paired,0.02774599154673244
10,25,7,unpaired,0.10040995901492641
10,25,7,combined,0.05920006928168694
10,25,8,paired,0.046367665242260575
10,25,8,unpaired,0.07625090452530185
10,25,8,combined,0.043816169386405805
10,25,9,paired,0.025026843895129863
10,25,9,unpaired,0.06756761976415544
10,25,9,combined,0.03907656279257928
10,25,10,paired,0.06122025071380919
10,25,10,unpaired,0.10707314624450787
10,25,10,combined,0.0613177993395947
10,25,11,paired,0.02809322072337474
10,25,11,unpaired,0.0867480923378252
10,25,11,combined,0.05054557924050859
10,25,12,paired,0.016658722407094945
10,25,12,unpaired,0.0932278929510587
10,25,12,combined,0.05010945894909594
10,25,13,paired,0.05419014868368828
10,25,13,unpaired,0.08410222290770546
10,25,13,combined,0.05930682180491247
10,25,14,paired,0.05785411309170449
10,25,14,unpaired,0.07124073634502483
10,25,14,combined,0.04227938647242584
10,25,15,paired,0.08181398847747712
10,25,15,unpaired,0.1380138326884125
10,25,15,combined,0.09412968399508821
10,25,16,paired,0.0167258060292868
10,25,16,unpaired,0.08426797622610531
10,25,16,combined,0.03848023900483408
10,25,17,paired,0.07197759458224086
10,25,17,unpaired,0.059208719429695494
10,25,17,combined,0.04132477465659649
10,25,18,paired,0.013317862015504757
10,25,18,unpaired,0.07821268726765673
10,25,18,combined,0.042051001030150206
10,25,19,paired,0.0360797354322425
10,25,19,unpaired,0.1095204371890704
10,25,19,combined,0.0602388810156475
10,25,20,paired,0.022168568882870814
10,25,20,unpaired,0.11872003380021852
10,25,20,combined,0.06783079415397594
10,25,21,paired,0.07639671214113046
10,25,21,unpaired,0.09470269761349606
10,25,21,combined,0.037372125877606834
10,25,22,paired,0.013746458025884645
10,25,22,unpaired,0.11982081596675945
10,25,22,combined,0.06641632432996193
10,25,23,paired,0.16268708858420022
10,25,23,unpaired,0.08679739451780072
10,25,23,combined,0.07456612911290478
10,25,24,paired,0.02722762253331781
10,25,24,unpaired,0.05748662972987838
10,25,24,combined,0.033118393051035304
10,25,25,paired,0.010908255662772965
10,25,25,unpaired,0.0701025291064403
10,25,25,combined,0.038081201344059526
10,25,26,paired,0.062475369228223575
10,25,26,unpaired,0.07525547302528723
10,25,26,combined,0.037525226301600864
10,25,27,paired,0.039429790394722594
10,25,27,unpaired,0.10212610150565173
10,25,27,combined,0.06411705004600168
10,25,28,paired,0.024473122922145006
10,25,28,unpaired,0.0882175566521747
10,25,28,combined,0.049364871866573325
10,25,29,paired,0.022889400441543747
10,25,29,unpaired,0.10582580767326617
10,25,29,combined,0.05374945034353498
10,25,30,paired,0.008178511515304025
10,25,30,unpaired,0.1368436417068422
10,25,30,combined,0.07161717323285093
10,25,31,paired,0.03453615711126371
10,25,31,unpaired,0.10869739564492445
10,25,31,combined,0.06338765399436416
10,25,32,paired,0.023722333348614625
10,25,32,unpaired,0.07030885943474616
10,25,32,combined,0.03946317521476904
10,25,33,paired,0.09437698283182927
10,25,33,unpaired,0.06985872968808593
10,25,33,combined,0.03923319946444456
10,25,34,paired,0.08370137724760139
10,25,34,unpaired,0.05512304631361158
10,25,34,combined,0.03586020104054445
10,25,35,paired,0.08233516581110614
10,25,35,unpaired,0.0704986530872911
10,25,35,combined,0.05154755026131123
10,25,36,paired,0.016074543635642383
10,25,36,unpaired,0.08674735399695069
10,25,36,combined,0.04478650759456862
10,25,37,paired,0.080090639289176
10,25,37,unpaired,0.08026787232775763
10,25,37,combined,0.05748567274861498
10,25,38,paired,0.12200467307257723
10,25,38,unpaired,0.08480060781523602
10,25,38,combined,0.04258177456045487
10,25,39,paired,0.05780776024574433
10,25,39,unpaired,0.0811285608926078
10,25,39,combined,0.04345419711070353
10,25,40,paired,0.0879404438932565
10,25,40,unpaired,0.08971614519034958
10,25,40,combined,0.07352405614924122
10,25,41,paired,0.033019030529945946
10,25,41,unpaired,0.08298360971039091
10,25,41,combined,0.042975596486755974
10,25,42,paired,0.03274228690402088
10,25,42,unpaired,0.14627055363023925
10,25,42,combined,0.08366311006574505
10,25,43,paired,0.010854087546827667
10,25,43,unpaired,0.08562593325354648
10,25,43,combined,0.045698760309115176
10,25,44,paired,0.006895206653312462
10,25,44,unpaired,0.14353961747190366
10,25,44,combined,0.08071846243666074
10,25,45,paired,0.01876417620710027
10,25,45,unpaired,0.11428054088778343
10,25,45,combined,0.0650807904479811
10,25,46,paired,0.06751895875000397
10,25,46,unpaired,0.10822645144985436
10,25,46,combined,0.07730132111998039
10,25,47,paired,0.05046783148737197
10,25,47,unpaired,0.08874814388984245
10,25,47,combined,0.05443476728103109
10,25,48,paired,0.01484023267687463
10,25,48,unpaired,0.10754352539734237
10,25,48,combined,0.05962463876475295
10,25,49,paired,0.02291792344853801
10,25,49,unpaired,0.11872663461817723
10,25,49,combined,0.06580569701085583
10,50,0,paired,0.02389370140316397
10,50,0,unpaired,0.040563828773885625
10,50,0,combined,0.02835436194248409
10,50,1,paired,0.022420358697000084
10,50,1,unpaired,0.05146065602471346
10,50,1,combined,0.037811465158212584
10,50,2,paired,0.01833622541102476
10,50,2,unpaired,0.04000030498861735
10,50,2,combined,0.02951938877572758
10,50,3,paired,0.09547930389514508
10,50,3,unpaired,0.03426500529489
10,50,3,combined,0.022232398606572376
10,50,4,paired,0.020709905900341885
10,50,4,unpaired,0.041101362739102226
10,50,4,combined,0.02920607354484086
10,50,5,paired,0.18782385684493083
10,50,5,unpaired,0.03605332049737012
10,50,5,combined,0.03673202830418947
10,50,6,paired,0.10064513026079655
10,50,6,unpaired,0.03233608188629621
10,50,6,combined,0.03160272767591667
10,50,7,paired,0.02774599154673244
10,50,7,unpaired,0.023298367800315217
10,50,7,combined,0.017906645190141887
10,50,8,paired,0.046367665242260575
10,50,8,unpaired,0.044784109497540234
10,50,8,combined,0.03206120930844495
10,50,9,paired,0.025026843895129863
10,50,9,unpaired,0.051045209389642875
10,50,9,combined,0.037617124803904604
10,50,10,paired,0.06122025071380919
10,50,10,unpaired,0.02997815491126674
10,50,10,combined,0.018495207311294986
10,50,11,paired,0.02809322072337474
10,50,11,unpaired,0.03931572041137618
10,50,11,combined,0.03185083437432702
10,50,12,paired,0.016658722407094945
10,50,12,unpaired,0.05769676788925136
10,50,12,combined,0.04056393462966144
10,50,13,paired,0.05419014868368828
10,50,13,unpaired,0.047036215198577945
10,50,13,combined,0.034049917027895456
10,50,14,paired,0.05785411309170449
10,50,14,unpaired,0.05547598323568843
10,50,14,combined,0.044128305985914704
10,50,15,paired,0.08181398847747712
10,50,15,unpaired,0.034717091984480676
10,50,15,combined,0.028815432884046647
10,50,16,paired,0.0167258060292868
10,50,16,unpaired,0.03957579430133619
10,50,16,combined,0.027895793356734786
10,50,17,paired,0.07197759458224086
10,50,17,unpaired,0.04606830561505176
10,50,17,combined,0.03379322588421109
10,50,18,paired,0.013317862015504757
10,50,18,unpaired,0.043837223656857625
10,50,18,combined,0.030116319063296017
10,50,19,paired,0.0360797354322425
10,50,19,unpaired,0.0354574799923538
10,50,19,combined,0.02430684947019191
10,50,20,paired,0.022168568882870814
10,50,20,unpaired,0.02888917363453099
10,50,20,combined,0.02009125995394218
10,50,21,paired,0.07639671214113046
10,50,21,unpaired,0.05484455634735303
10,50,21,combined,0.0400413743926096
10,50,22,paired,0.013746458025884645
10,50,22,unpaired,0.049991201150865285
10,50,22,combined,0.037304055270258485
10,50,23,paired,0.16268708858420022
10,50,23,unpaired,0.03567966694149763
10,50,23,combined,0.023194006922415418
10,50,24,paired,0.02722762253331781
10,50,24,unpaired,0.043556142675943384
10,50,24,combined,0.031202834251526132
10,50,25,paired,0.010908255662772965
10,50,25,unpaired,0.03724412652863175
10,50,25,combined,0.025060694139654734
10,50,26,paired,0.062475369228223575
10,50,26,unpaired,0.04983117740516189
10,50,26,combined,0.039654339398414576
10,50,27,paired,0.039429790394722594
10,50,27,unpaired,0.03629369165494196
10,50,27,combined,0.02759945828273252
10,50,28,paired,0.024473122922145006
10,50,28,unpaired,0.03327071713927708
10,50,28,combined,0.023054868897744392
10,50,29,paired,0.022889400441543747
10,50,29,unpaired,0.05585213822443518
10,50,29,combined,0.038690160774004854
10,50,30,paired,0.008178511515304025
10,50,30,unpaired,0.045094978327711574
10,50,30,combined,0.03003985084477608
10,50,31,paired,0.03453615711126371
10,50,31,unpaired,0.04981332150791314
10,50,31,combined,0.03811430627503006
10,50,32,paired,0.023722333348614625
10,50,32,unpaired,0.05351721368785261
10,50,32,combined,0.036128444053580976
10,50,33,paired,0.09437698283182927
10,50,33,unpaired,0.03403588365180389
10,50,33,combined,0.03186324234802024
10,50,34,paired,0.08370137724760139
10,50,34,unpaired,0.02895868219286505
10,50,34,combined,0.025706066734238302
10,50,35,paired,0.08233516581110614
10,50,35,unpaired,0.06284946790867676
10,50,35,combined,0.04872262553634757
10,50,36,paired,0.016074543635642383
10,50,36,unpaired,0.03376403054005829
10,50,36,combined,0.023219967375246543
10,50,37,paired,0.080090639289176
10,50,37,unpaired,0.041962767038439444
10,50,37,combined,0.030516241582590146
10,50,38,paired,0.12200467307257723
10,50,38,unpaired,0.03846954173283911
10,50,38,combined,0.03372120121517057
10,50,39,paired,0.05780776024574433
10,50,39,unpaired,0.037038579591866065
10,50,39,combined,0.034846046354440274
10,50,40,paired,0.0879404438932565
10,50,40,unpaired,0.0505595461977706
10,50,40,combined,0.03997959176596251
10,50,41,paired,0.033019030529945946
10,50,41,unpaired,0.03407278253439527
10,50,41,combined,0.027202241798415083
10,50,42,paired,0.03274228690402088
10,50,42,unpaired,0.047719185096491215
10,50,42,combined,0.03379323243850092
10,50,43,paired,0.010854087546827667
10,50,43,unpaired,0.03515031193906881
10,50,43,combined,0.02473887157899357
10,50,44,paired,0.006895206653312462
10,50,44,unpaired,0.07103281715809168
10,50,44,combined,0.05095891039354552
10,50,45,paired,0.01876417620710027
10,50,45,unpaired,0.03448972338143514
10,50,45,combined,0.024292745753131246
10,50,46,paired,0.06751895875000397
10,50,46,unpaired,0.042631381158968466
10,50,46,combined,0.0313568284869451
10,50,47,paired,0.05046783148737197
10,50,47,unpaired,0.0287024533889614
10,50,47,combined,0.021644452478878987
10,50,48,paired,0.01484023267687463
10,50,48,unpaired,0.05440609281704998
10,50,48,combined,0.039670297540121024
10,50,49,paired,0.02291792344853801
10,50,49,unpaired,0.04653768048684851
10,50,49,combined,0.03298284339863883
10,100,0,paired,0.02389370140316397
10,100,0,unpaired,0.024058035597853297
10,100,0,combined,0.02040588504655038
10,100,1,paired,0.022420358697000084
10,100,1,unpaired,0.026482243366031305
10,100,1,combined,0.022627637213159125
10,100,2,paired,0.01833622541102476
10,100,2,unpaired,0.021046651999683915
10,100,2,combined,0.017411734234860737
10,100,3,paired,0.09547930389514508
10,100,3,unpaired,0.021217028368120932
10,100,3,combined,0.014948257366412681
10,100,4,paired,0.020709905900341885
10,100,4,unpaired,0.020206606325811578
10,100,4,combined,0.017218038155786947
10,100,5,paired,0.18782385684493083
10,100,5,unpaired,0.024810579304997585
10,100,5,combined,0.023063909858491497
10,100,6,paired,0.10064513026079655
10,100,6,unpaired,0.016345383290725542
10,100,6,combined,0.015339017519391984
10,100,7,paired,0.02774599154673244
10,100,7,unpaired,0.015263337172572574
10,100,7,combined,0.013347558724954058
10,100,8,paired,0.046367665242260575
10,100,8,unpaired,0.02630924649566837
10,100,8,combined,0.02322990228630498
10,100,9,paired,0.025026843895129863
10,100,9,unpaired,0.02508527309685622
10,100,9,combined,0.020623849407524972
10,100,10,paired,0.06122025071380919
10,100,10,unpaired,0.011648294626389428
10,100,10,combined,0.00936207662899311
10,100,11,paired,0.02809322072337474
10,100,11,unpaired,0.019143966767866307
10,100,11,combined,0.01664187881647121
10,100,12,paired,0.016658722407094945
10,100,12,unpaired,0.014147291307023246
10,100,12,combined,0.012328127040153273
10,100,13,paired,0.05419014868368828
10,100,13,unpaired,0.02656218887263649
10,100,13,combined,0.023503179197375604
10,100,14,paired,0.05785411309170449
10,100,14,unpaired,0.024365287492652096
10,100,14,combined,0.019633744989125946
10,100,15,paired,0.08181398847747712
10,100,15,unpaired,0.015690495536939793
10,100,15,combined,0.014915754679666495
10,100,16,paired,0.0167258060292868
10,100,16,unpaired,0.02327798524407661
10,100,16,combined,0.01914042356698985
10,100,17,paired,0.07197759458224086
10,100,17,unpaired,0.02326644013229065
10,100,17,combined,0.018828838085118208
10,100,18,paired,0.013317862015504757
10,100,18,unpaired,0.018415142747170942
10,100,18,combined,0.015515117735051579
10,100,19,paired,0.0360797354322425
10,100,19,unpaired,0.026121025657543852
10,100,19,combined,0.021565431754296253
10,100,20,paired,0.022168568882870814
10,100,20,unpaired,0.013740124080222854
10,100,20,combined,0.0117900655457962
10,100,21,paired,0.07639671214113046
10,100,21,unpaired,0.021572335496349463
10,100,21,combined,0.017859737663987785
10,100,22,paired,0.013746458025884645
10,100,22,unpaired,0.02834764271241019
10,100,22,combined,0.024029982908801584
10,100,23,paired,0.16268708858420022
10,100,23,unpaired,0.018614384362532894
10,100,23,combined,0.02009908994139937
10,100,24,paired,0.02722762253331781
10,100,24,unpaired,0.02006657990204651
10,100,24,combined,0.016037039232077034
10,100,25,paired,0.010908255662772965
10,100,25,unpaired,0.018184573786905453
10,100,25,combined,0.015407837688876188
10,100,26,paired,0.062475369228223575
10,100,26,unpaired,0.016711741247633447
10,100,26,combined,0.013695365543956338
10,100,27,paired,0.039429790394722594
10,100,27,unpaired,0.015622240971860202
10,100,27,combined,0.013294327306342524
10,100,28,paired,0.024473122922145006
10,100,28,unpaired,0.02426946164080713
10,100,28,combined,0.021204593441645485
10,100,29,paired,0.022889400441543747
10,100,29,unpaired,0.018163115006165808
10,100,29,combined,0.014457744375206933
10,100,30,paired,0.008178511515304025
10,100,30,unpaired,0.03547730216936495
10,100,30,combined,0.029274959185618385
10,100,31,paired,0.03453615711126371
10,100,31,unpaired,0.020635883058217643
10,100,31,combined,0.016981758426793888
10,100,32,paired,0.023722333348614625
10,100,32,unpaired,0.02696489080318045
10,100,32,combined,0.02225639259168262
10,100,33,paired,0.09437698283182927
10,100,33,unpaired,0.02124763237215955
10,100,33,combined,0.018354484357026746
10,100,34,paired,0.08370137724760139
10,100,34,unpaired,0.020119704394919367
10,100,34,combined,0.016840019319873188
10,100,35,paired,0.08233516581110614
10,100,35,unpaired,0.02328135677535783
10,100,35,combined,0.018758235375237735
10,100,36,paired,0.016074543635642383
10,100,36,unpaired,0.019091537106819656
10,100,36,combined,0.016161073340219295
10,100,37,paired,0.080090639289176
10,100,37,unpaired,0.030081880314038995
10,100,37,combined,0.026018083723011298
10,100,38,paired,0.12200467307257723
10,100,38,unpaired,0.017555127248415063
10,100,38,combined,0.015222686543503165
10,100,39,paired,0.05780776024574433
10,100,39,unpaired,0.023938935593210243
10,100,39,combined,0.02314782368050549
10,100,40,paired,0.0879404438932565
10,100,40,unpaired,0.023788199627038903
10,100,40,combined,0.023071980332202056
10,100,41,paired,0.033019030529945946
10,100,41,unpaired,0.016946621301328374
10,100,41,combined,0.013589814140759934
10,100,42,paired,0.03274228690402088
10,100,42,unpaired,0.02521743402801776
10,100,42,combined,0.021061301982217555
10,100,43,paired,0.010854087546827667
10,100,43,unpaired,0.01949533901347535
10,100,43,combined,0.01619344482388299
10,100,44,paired,0.006895206653312462
10,100,44,unpaired,0.024143243240623533
10,100,44,combined,0.01953607039820686
10,100,45,paired,0.01876417620710027
10,100,45,unpaired,0.025460400016945467
10,100,45,combined,0.02212102767699633
10,100,46,paired,0.06751895875000397
10,100,46,unpaired,0.02356518805168666
10,100,46,combined,0.020066480701356432
10,100,47,paired,0.05046783148737197
10,100,47,unpaired,0.018638646064128375
10,100,47,combined,0.015485678153719621
10,100,48,paired,0.01484023267687463
10,100,48,unpaired,0.029610029142870524
10,100,48,combined,0.02497809873605762
10,100,49,paired,0.02291792344853801
10,100,49,unpaired,0.024065238322859464
10,100,49,combined,0.019570305814444914
10,200,0,paired,0.02389370140316397
10,200,0,unpaired,0.01565033440846653
10,200,0,combined,0.014289494520947252
10,200,1,paired,0.022420358697000084
10,200,1,unpaired,0.010559735144657039
10,200,1,combined,0.009494021378106472
10,200,2,paired,0.01833622541102476
10,200,2,unpaired,0.009047017044692367
10,200,2,combined,0.008096729180806936
10,200,3,paired,0.09547930389514508
10,200,3,unpaired,0.01259798784265127
10,200,3,combined,0.011285414214071489
10,200,4,paired,0.020709905900341885
10,200,4,unpaired,0.01626766946370076
10,200,4,combined,0.014934812869797181
10,200,5,paired,0.18782385684493083
10,200,5,unpaired,0.009680182230016253
10,200,5,combined,0.010159395195280746
10,200,6,paired,0.10064513026079655
10,200,6,unpaired,0.010536223729252425
10,200,6,combined,0.009076236936073427
10,200,7,paired,0.02774599154673244
10,200,7,unpaired,0.011471386841937778
10,200,7,combined,0.01065752672297024
10,200,8,paired,0.046367665242260575
10,200,8,unpaired,0.013620061104985214
10,200,8,combined,0.012061565033266226
10,200,9,paired,0.025026843895129863
10,200,9,unpaired,0.006886135455879939
10,200,9,combined,0.006351769830654281
10,200,10,paired,0.06122025071380919
10,200,10,unpaired,0.006381786955247446
10,200,10,combined,0.0061958994954204
10,200,11,paired,0.02809322072337474
10,200,11,unpaired,0.010871616287359961
10,200,11,combined,0.010051357381198478
10,200,12,paired,0.016658722407094945
10,200,12,unpaired,0.010836983177707243
10,200,12,combined,0.010010181781995704
10,200,13,paired,0.05419014868368828
10,200,13,unpaired,0.009594474258410507
10,200,13,combined,0.008977922227530041
10,200,14,paired,0.05785411309170449
10,200,14,unpaired,0.009612534810828088
10,200,14,combined,0.009206136362000308
10,200,15,paired,0.08181398847747712
10,200,15,unpaired,0.011266228596862873
10,200,15,combined,0.01007854886238223
10,200,16,paired,0.0167258060292868
10,200,16,unpaired,0.008274014660272857
10,200,16,combined,0.0073574390301476686
10,200,17,paired,0.07197759458224086
10,200,17,unpaired,0.010978568324199847
10,200,17,combined,0.010220990393010672
10,200,18,paired,0.013317862015504757
10,200,18,unpaired,0.007635595034324494
10,200,18,combined,0.006975776943972243
10,200,19,paired,0.0360797354322425
10,200,19,unpaired,0.01067209275919598
10,200,19,combined,0.00944615830879871
10,200,20,paired,0.022168568882870814
10,200,20,unpaired,0.012320630316196695
10,200,20,combined,0.01092560852269712
10,200,21,paired,0.07639671214113046
10,200,21,unpaired,0.007958687412566168
10,200,21,combined,0.008289952245242831
10,200,22,paired,0.013746458025884645
10,200,22,unpaired,0.012265588626446087
10,200,22,combined,0.011100827072291262
10,200,23,paired,0.16268708858420022
10,200,23,unpaired,0.007110100016675619
10,200,23,combined,0.0069052327223245525
10,200,24,paired,0.02722762253331781
10,200,24,unpaired,0.007571475469284073
10,200,24,combined,0.007127390363098412
10,200,25,paired,0.010908255662772965
10,200,25,unpaired,0.017833333861126743
10,200,25,combined,0.0165483669748049
10,200,26,paired,0.062475369228223575
10,200,26,unpaired,0.01088948737001971
10,200,26,combined,0.01003254584220869
10,200,27,paired,0.039429790394722594
10,200,27,unpaired,0.014409267608239665
10,200,27,combined,0.013815776772728793
10,200,28,paired,0.024473122922145006
10,200,28,unpaired,0.00849872311625436
10,200,28,combined,0.0076943852023346115
10,200,29,paired,0.022889400441543747
10,200,29,unpaired,0.009663295263290407
10,200,29,combined,0.00920405555722954
10,200,30,paired,0.008178511515304025
10,200,30,unpaired,0.008083216743559662
10,200,30,combined,0.007186807551855214
10,200,31,paired,0.03453615711126371
10,200,31,unpaired,0.009837467942181587
10,200,31,combined,0.008513602395201695
10,200,32,paired,0.023722333348614625
10,200,32,unpaired,0.01085007347439302
10,200,32,combined,0.00961163221660975
10,200,33,paired,0.09437698283182927
10,200,33,unpaired,0.007601424243290934
10,200,33,combined,0.007307016911611332
10,200,34,paired,0.08370137724760139
10,200,34,unpaired,0.012313349920319992
10,200,34,combined,0.010744918950659104
10,200,35,paired,0.08233516581110614
10,200,35,unpaired,0.009296056646730987
10,200,35,combined,0.00803426197095613
10,200,36,paired,0.016074543635642383
10,200,36,unpaired,0.010184227649457341
10,200,36,combined,0.009204993700804503
10,200,37,paired,0.080090639289176
10,200,37,unpaired,0.00825328224133864
10,200,37,combined,0.0068441417735238316
10,200,38,paired,0.12200467307257723
10,200,38,unpaired,0.009898002154311834
10,200,38,combined,0.00837325231698806
10,200,39,paired,0.05780776024574433
10,200,39,unpaired,0.00769970719882614
10,200,39,combined,0.00779125904756205
10,200,40,paired,0.0879404438932565
10,200,40,unpaired,0.012237146097245851
10,200,40,combined,0.011782635788971593
10,200,41,paired,0.033019030529945946
10,200,41,unpaired,0.011910037269986462
10,200,41,combined,0.011047482082825192
10,200,42,paired,0.03274228690402088
10,200,42,unpaired,0.008602378968431915
10,200,42,combined,0.008167384693102535
10,200,43,paired,0.010854087546827667
10,200,43,unpaired,0.008965101868312831
10,200,43,combined,0.007819868724247461
10,200,44,paired,0.006895206653312462
10,200,44,unpaired,0.009621782887589213
10,200,44,combined,0.00887166996264863
10,200,45,paired,0.01876417620710027
10,200,45,unpaired,0.012448022515652187
10,200,45,combined,0.01131374784366106
10,200,46,paired,0.06751895875000397
10,200,46,unpaired,0.008668956999208907
10,200,46,combined,0.008417897812493177
10,200,47,paired,0.05046783148737197
10,200,47,unpaired,0.0095251236661904
10,200,47,combined,0.009157604633360383
10,200,48,paired,0.01484023267687463
10,200,48,unpaired,0.013084394489872274
10,200,48,combined,0.01213018848732649
10,200,49,paired,0.02291792344853801
10,200,49,unpaired,0.009018569131001257
10,200,49,combined,0.00815774241101265
10,400,0,paired,0.02389370140316397
10,400,0,unpaired,0.006301412655363335
10,400,0,combined,0.006089426946804736
10,400,1,paired,0.022420358697000084
10,400,1,unpaired,0.003752931785283178
10,400,1,combined,0.003481520074466841
10,400,2,paired,0.01833622541102476
10,400,2,unpaired,0.004400057222786665
10,400,2,combined,0.004156935901257055
10,400,3,paired,0.09547930389514508
10,400,3,unpaired,0.0058519896726213294
10,400,3,combined,0.005723145120936625
10,400,4,paired,0.020709905900341885
10,400,4,unpaired,0.005870097551112436
10,400,4,combined,0.00560812176312746
10,400,5,paired,0.18782385684493083
10,400,5,unpaired,0.00596416298130389
10,400,5,combined,0.0062901266313365655
10,400,6,paired,0.10064513026079655
10,400,6,unpaired,0.004145424486896395
10,400,6,combined,0.0039835543177311715
10,400,7,paired,0.02774599154673244
10,400,7,unpaired,0.005562567041284375
10,400,7,combined,0.0053703226292129685
10,400,8,paired,0.046367665242260575
10,400,8,unpaired,0.004919677905166762
10,400,8,combined,0.004573747105036257
10,400,9,paired,0.025026843895129863
10,400,9,unpaired,0.00631883108098795
10,400,9,combined,0.0061183863998556355
10,400,10,paired,0.06122025071380919
10,400,10,unpaired,0.0034813651166352173
10,400,10,combined,0.0032693155833658973
10,400,11,paired,0.02809322072337474
10,400,11,unpaired,0.006595997486632855
10,400,11,combined,0.006363960386243454
10,400,12,paired,0.016658722407094945
10,400,12,unpaired,0.00407232299784478
10,400,12,combined,0.003844360155691743
10,400,13,paired,0.05419014868368828
10,400,13,unpaired,0.00878289705379746
10,400,13,combined,0.008532300231500051
10,400,14,paired,0.05785411309170449
10,400,14,unpaired,0.0036375231637483262
10,400,14,combined,0.0035238626090893844
10,400,15,paired,0.08181398847747712
10,400,15,unpaired,0.005187962008118713
10,400,15,combined,0.0052271273028734345
10,400,16,paired,0.0167258060292868
10,400,16,unpaired,0.0057822053237661115
10,400,16,combined,0.005404216680597146
10,400,17,paired,0.07197759458224086
10,400,17,unpaired,0.00586713209454
10,400,17,combined,0.005675195842050064
10,400,18,paired,0.013317862015504757
10,400,18,unpaired,0.003963923025321348
10,400,18,combined,0.0037751319463613865
10,400,19,paired,0.0360797354322425
10,400,19,unpaired,0.00528050249531481
10,400,19,combined,0.005042797998481675
10,400,20,paired,0.022168568882870814
10,400,20,unpaired,0.00395815801221422
10,400,20,combined,0.0037832982834104753
10,400,21,paired,0.07639671214113046
10,400,21,unpaired,0.006089663121192854
10,400,21,combined,0.00583423090480142
10,400,22,paired,0.013746458025884645
10,400,22,unpaired,0.006720662675794839
10,400,22,combined,0.00643145037021798
10,400,23,paired,0.16268708858420022
10,400,23,unpaired,0.004627559294609319
10,400,23,combined,0.0046875118067850885
10,400,24,paired,0.02722762253331781
10,400,24,unpaired,0.005668072531101849
10,400,24,combined,0.005592592379268635
10,400,25,paired,0.010908255662772965
10,400,25,unpaired,0.005038316049951827
10,400,25,combined,0.004800568441400404
10,400,26,paired,0.062475369228223575
10,400,26,unpaired,0.0031594463064916123
10,400,26,combined,0.0029261605503167437
10,400,27,paired,0.039429790394722594
10,400,27,unpaired,0.00428340165555534
10,400,27,combined,0.004047666902969617
10,400,28,paired,0.024473122922145006
10,400,28,unpaired,0.0051005630669009394
10,400,28,combined,0.004833269470024694
10,400,29,paired,0.022889400441543747
10,400,29,unpaired,0.0046087109866391005
10,400,29,combined,0.004472350167933967
10,400,30,paired,0.008178511515304025
10,400,30,unpaired,0.005006333163067659
10,400,30,combined,0.004806987633804795
10,400,31,paired,0.03453615711126371
10,400,31,unpaired,0.008017354767769427
10,400,31,combined,0.0074707611414208735
10,400,32,paired,0.023722333348614625
10,400,32,unpaired,0.005516165953998138
10,400,32,combined,0.005330838032335616
10,400,33,paired,0.09437698283182927
10,400,33,unpaired,0.0053327105372685075
10,400,33,combined,0.005166192213599989
10,400,34,paired,0.08370137724760139
10,400,34,unpaired,0.004454091400924013
10,400,34,combined,0.004239859809817236
10,400,35,paired,0.08233516581110614
10,400,35,unpaired,0.006194897918704542
10,400,35,combined,0.006184398209647423
10,400,36,paired,0.016074543635642383
10,400,36,unpaired,0.0037781903771007598
10,400,36,combined,0.0036690418446593052
10,400,37,paired,0.080090639289176
10,400,37,unpaired,0.004612449994727424
10,400,37,combined,0.004458887947902629
10,400,38,paired,0.12200467307257723
10,400,38,unpaired,0.006474334240246528
10,400,38,combined,0.006774397561376195
10,400,39,paired,0.05780776024574433
10,400,39,unpaired,0.00666338134764987
10,400,39,combined,0.006565877115585364
10,400,40,paired,0.0879404438932565
10,400,40,unpaired,0.007915465255030603
10,400,40,combined,0.008350557288651689
10,400,41,paired,0.033019030529945946
10,400,41,unpaired,0.0051091845163840945
10,400,41,combined,0.004790926898483244
10,400,42,paired,0.03274228690402088
10,400,42,unpaired,0.005178164345299513
10,400,42,combined,0.005068834844131508
10,400,43,paired,0.010854087546827667
10,400,43,unpaired,0.0031216125022847344
10,400,43,combined,0.003073271875403043
10,400,44,paired,0.006895206653312462
10,400,44,unpaired,0.006749765136905741
10,400,44,combined,0.006509142927061227
10,400,45,paired,0.01876417620710027
10,400,45,unpaired,0.004740736006584392
10,400,45,combined,0.004580430202798636
10,400,46,paired,0.06751895875000397
10,400,46,unpaired,0.0042043510865923325
10,400,46,combined,0.004055727688555005
10,400,47,paired,0.05046783148737197
10,400,47,unpaired,0.00466543870570275
10,400,47,combined,0.004604664236829633
10,400,48,paired,0.01484023267687463
10,400,48,unpaired,0.004860508987030044
10,400,48,combined,0.00461328767005705
10,400,49,paired,0.02291792344853801
10,400,49,unpaired,0.004352138176192812
10,400,49,combined,0.00423757296739313
10,800,0,paired,0.02389370140316397
10,800,0,unpaired,0.002163315415342365
10,800,0,combined,0.0020900943657768587
10,800,1,paired,0.022420358697000084
10,800,1,unpaired,0.0025495390266753203
10,800,1,combined,0.002453229777168019
10,800,2,paired,0.01833622541102476
10,800,2,unpaired,0.0033032447514352273
10,800,2,combined,0.003244165453474063
10,800,3,paired,0.09547930389514508
10,800,3,unpaired,0.002965110333959204
10,800,3,combined,0.0028525254779049455
10,800,4,paired,0.020709905900341885
10,800,4,unpaired,0.0032399082107254984
10,800,4,combined,0.003122742277081016
10,800,5,paired,0.18782385684493083
10,800,5,unpaired,0.00343845580571709
10,800,5,combined,0.00338802455277853
10,800,6,paired,0.10064513026079655
10,800,6,unpaired,0.002749687905095751
10,800,6,combined,0.0025645948039095027
10,800,7,paired,0.02774599154673244
10,800,7,unpaired,0.002075676800554132
10,800,7,combined,0.002008421541851074
10,800,8,paired,0.046367665242260575
10,800,8,unpaired,0.0028109997060859595
10,800,8,combined,0.0027177007971049207
10,800,9,paired,0.025026843895129863
10,800,9,unpaired,0.0037403797219497706
10,800,9,combined,0.0036412019687465827
10,800,10,paired,0.06122025071380919
10,800,10,unpaired,0.0023814362508471198
10,800,10,combined,0.002451364871357266
10,800,11,paired,0.02809322072337474
10,800,11,unpaired,0.00217411845527747
10,800,11,combined,0.0021548002118946634
10,800,12,paired,0.016658722407094945
10,800,12,unpaired,0.0029782515050303807
10,800,12,combined,0.0029046504718613616
10,800,13,paired,0.05419014868368828
10,800,13,unpaired,0.0034782715543964383
10,800,13,combined,0.003563707729699954
10,800,14,paired,0.05785411309170449
10,800,14,unpaired,0.0023256618316953182
10,800,14,combined,0.0022773910395667055
10,800,15,paired,0.08181398847747712
10,800,15,unpaired,0.00243549929825733
10,800,15,combined,0.0023721453771931105
10,800,16,paired,0.0167258060292868
10,800,16,unpaired,0.0035630360575370176
10,800,16,combined,0.0034577920232251574
10,800,17,paired,0.07197759458224086
10,800,17,unpaired,0.0032701601276066052
10,800,17,combined,0.0031896812614039902
10,800,18,paired,0.013317862015504757
10,800,18,unpaired,0.0021365196018359248
10,800,18,combined,0.0020664730616423853
10,800,19,paired,0.0360797354322425
10,800,19,unpaired,0.003235105309882227
10,800,19,combined,0.0032121800134415745
10,800,20,paired,0.022168568882870814
10,800,20,unpaired,0.0018094903741117613
10,800,20,combined,0.0017778142644258627
10,800,21,paired,0.07639671214113046
10,800,21,unpaired,0.002703764639733348
10,800,21,combined,0.002646295192932373
10,800,22,paired,0.013746458025884645
10,800,22,unpaired,0.0016479268876685917
10,800,22,combined,0.0015828717134392717
10,800,23,paired,0.16268708858420022
10,800,23,unpaired,0.0026044914460665973
10,800,23,combined,0.0026146797214127767
10,800,24,paired,0.02722762253331781
10,800,24,unpaired,0.0025525850455833878
10,800,24,combined,0.002504621393981404
10,800,25,paired,0.010908255662772965
10,800,25,unpaired,0.002765126629882513
10,800,25,combined,0.002662820333327403
10,800,26,paired,0.062475369228223575
10,800,26,unpaired,0.0026561522573299344
10,800,26,combined,0.002647927486169143
10,800,27,paired,0.039429790394722594
10,800,27,unpaired,0.001996950898959105
10,800,27,combined,0.0019554381663050243
10,800,28,paired,0.024473122922145006
10,800,28,unpaired,0.0033480204716064663
10,800,28,combined,0.0032817394205834002
10,800,29,paired,0.022889400441543747
10,800,29,unpaired,0.004009942408364934
10,800,29,combined,0.0039156220215523455
10,800,30,paired,0.008178511515304025
10,800,30,unpaired,0.0028336324781529235
10,800,30,combined,0.0027822357378775586
10,800,31,paired,0.03453615711126371
10,800,31,unpaired,0.0036439596532384954
10,800,31,combined,0.0036502761438374333
10,800,32,paired,0.023722333348614625
10,800,32,unpaired,0.0037432995898964345
10,800,32,combined,0.0037540095019304304
10,800,33,paired,0.09437698283182927
10,800,33,unpaired,0.0026638148573532223
10,800,33,combined,0.0025927071413750606
10,800,34,paired,0.08370137724760139
10,800,34,unpaired,0.00241755100558922
10,800,34,combined,0.002332606283346511
10,800,35,paired,0.08233516581110614
10,800,35,unpaired,0.00271527753776577
10,800,35,combined,0.002639085820053126
10,800,36,paired,0.016074543635642383
10,800,36,unpaired,0.0020380473364650367
10,800,36,combined,0.0019943195742729574
10,800,37,paired,0.080090639289176
10,800,37,unpaired,0.0019490224348491724
10,800,37,combined,0.0018265290984759886
10,800,38,paired,0.12200467307257723
10,800,38,unpaired,0.0030806288629043246
10,800,38,combined,0.0031318756957112877
10,800,39,paired,0.05780776024574433
10,800,39,unpaired,0.0015663711458726447
10,800,39,combined,0.00150912165408533
10,800,40,paired,0.0879404438932565
10,800,40,unpaired,0.0029978155604264726
10,800,40,combined,0.003023995912157856
10,800,41,paired,0.033019030529945946
10,800,41,unpaired,0.002526865944184601
10,800,41,combined,0.0025167983793431626
10,800,42,paired,0.03274228690402088
10,800,42,unpaired,0.0026215838329919374
10,800,42,combined,0.0025958715954490547
10,800,43,paired,0.010854087546827667
10,800,43,unpaired,0.0023178503032306548
10,800,43,combined,0.002272106079969821
10,800,44,paired,0.006895206653312462
10,800,44,unpaired,0.0042115738377946224
10,800,44,combined,0.004136158746568995
10,800,45,paired,0.01876417620710027
10,800,45,unpaired,0.002793335773464401
10,800,45,combined,0.002745112317631975
10,800,46,paired,0.06751895875000397
10,800,46,unpaired,0.002497840797411573
10,800,46,combined,0.002351228284450614
10,800,47,paired,0.05046783148737197
10,800,47,unpaired,0.0030387926433108584
10,800,47,combined,0.0028994788932965995
10,800,48,paired,0.01484023267687463
10,800,48,unpaired,0.0031195440939546268
10,800,48,combined,0.0030594099381766873
10,800,49,paired,0.02291792344853801
10,800,49,unpaired,0.0038389897210480426
10,800,49,combined,0.003753537949755852
100,0,0,paired,0.00473570396691512
100,0,0,unpaired,
100,0,0,combined,0.00473570396691512
100,0,1,paired,0.0013730131956188976
100,0,1,unpaired,
100,0,1,combined,0.0013730131956188976
100,0,2,paired,0.002326567992317116
100,0,2,unpaired,
100,0,2,combined,0.002326567992317116
100,0,3,paired,0.009604380450310684
100,0,3,unpaired,
100,0,3,combined,0.009604380450310684
100,0,4,paired,0.005991428910650787
100,0,4,unpaired,
100,0,4,combined,0.005991428910650787
100,0,5,paired,0.00966199644470463
100,0,5,unpaired,
100,0,5,combined,0.00966199644470463
100,0,6,paired,0.004423224716988263
100,0,6,unpaired,
100,0,6,combined,0.004423224716988263
100,0,7,paired,0.008006232103518125
100,0,7,unpaired,
100,0,7,combined,0.008006232103518125
100,0,8,paired,0.0025390746589827435
100,0,8,unpaired,
100,0,8,combined,0.0025390746589827435
100,0,9,paired,0.003531240497210679
100,0,9,unpaired,
100,0,9,combined,0.003531240497210679
100,0,10,paired,0.004999530745321187
100,0,10,unpaired,
100,0,10,combined,0.004999530745321187
100,0,11,paired,0.0038654642401658493
100,0,11,unpaired,
100,0,11,combined,0.0038654642401658493
100,0,12,paired,0.001469892351168624
100,0,12,unpaired,
100,0,12,combined,0.001469892351168624
100,0,13,paired,0.0010760350201698915
100,0,13,unpaired,
100,0,13,combined,0.0010760350201698915
100,0,14,paired,0.001052055151449369
100,0,14,unpaired,
100,0,14,combined,0.001052055151449369
100,0,15,paired,0.0030188064213203126
100,0,15,unpaired,
100,0,15,combined,0.0030188064213203126
100,0,16,paired,0.0025829658895860745
100,0,16,unpaired,
100,0,16,combined,0.0025829658895860745
100,0,17,paired,0.003371619982643908
100,0,17,unpaired,
100,0,17,combined,0.003371619982643908
100,0,18,paired,0.005439673059691293
100,0,18,unpaired,
100,0,18,combined,0.005439673059691293
100,0,19,paired,0.0011364480079035769
100,0,19,unpaired,
100,0,19,combined,0.0011364480079035769
100,0,20,paired,0.00165303445141722
100,0,20,unpaired,
100,0,20,combined,0.00165303445141722
100,0,21,paired,0.0012255578808641355
100,0,21,unpaired,
100,0,21,combined,0.0012255578808641355
100,0,22,paired,0.001782777789120232
100,0,22,unpaired,
100,0,22,combined,0.001782777789120232
100,0,23,paired,0.020505679094114874
100,0,23,unpaired,
100,0,23,combined,0.020505679094114874
100,0,24,paired,0.00267238141356195
100,0,24,unpaired,
100,0,24,combined,0.00267238141356195
100,0,25,paired,0.006346135877956059
100,0,25,unpaired,
100,0,25,combined,0.006346135877956059
100,0,26,paired,0.0020176742220633904
100,0,26,unpaired,
100,0,26,combined,0.0020176742220633904
100,0,27,paired,0.0030901453316637
100,0,27,unpaired,
100,0,27,combined,0.0030901453316637
100,0,28,paired,0.0020063120529299296
100,0,28,unpaired,
100,0,28,combined,0.0020063120529299296
100,0,29,paired,0.005878960699974944
100,0,29,unpaired,
100,0,29,combined,0.005878960699974944
100,0,30,paired,0.005144825336420956
100,0,30,unpaired,
100,0,30,combined,0.005144825336420956
100,0,31,paired,0.003257326930971217
100,0,31,unpaired,
100,0,31,combined,0.003257326930971217
100,0,32,paired,0.009801201575899178
100,0,32,unpaired,
100,0,32,combined,0.009801201575899178
100,0,33,paired,0.0021215649241892605
100,0,33,unpaired,
100,0,33,combined,0.0021215649241892605
100,0,34,paired,0.0031747758470237228
100,0,34,unpaired,
100,0,34,combined,0.0031747758470237228
100,0,35,paired,0.0015264514694583737
100,0,35,unpaired,
100,0,35,combined,0.0015264514694583737
100,0,36,paired,0.0018369695050868013
100,0,36,unpaired,
100,0,36,combined,0.0018369695050868013
100,0,37,paired,0.0012592550856390288
100,0,37,unpaired,
100,0,37,combined,0.0012592550856390288
100,0,38,paired,0.0034713497767128367
100,0,38,unpaired,
100,0,38,combined,0.0034713497767128367
100,0,39,paired,0.0011468791922437098
100,0,39,unpaired,
100,0,39,combined,0.0011468791922437098
100,0,40,paired,0.0032353431975788854
100,0,40,unpaired,
100,0,40,combined,0.0032353431975788854
100,0,41,paired,0.003474024087852575
100,0,41,unpaired,
100,0,41,combined,0.003474024087852575
100,0,42,paired,0.0030947152984727435
100,0,42,unpaired,
100,0,42,combined,0.0030947152984727435
100,0,43,paired,0.004765765213283928
100,0,43,unpaired,
100,0,43,combined,0.004765765213283928
100,0,44,paired,0.0031215913721571835
100,0,44,unpaired,
100,0,44,combined,0.0031215913721571835
100,0,45,paired,0.004777630505114767
100,0,45,unpaired,
100,0,45,combined,0.004777630505114767
100,0,46,paired,0.0023895596756019584
100,0,46,unpaired,
100,0,46,combined,0.0023895596756019584
100,0,47,paired,0.0022125248201978784
100,0,47,unpaired,
100,0,47,combined,0.0022125248201978784
100,0,48,paired,0.007262080408373793
100,0,48,unpaired,
100,0,48,combined,0.007262080408373793
100,0,49,paired,0.01117254433798086
100,0,49,unpaired,
100,0,49,combined,0.01117254433798086
100,10,0,paired,0.00473570396691512
100,10,0,unpaired,0.27677872435280065
100,10,0,combined,0.005843890290225083
100,10,1,paired,0.0013730131956188976
100,10,1,unpaired,0.17212823729734028
100,10,1,combined,0.0035725936010726745
100,10,2,paired,0.002326567992317116
100,10,2,unpaired,0.21921718770717363
100,10,2,combined,0.005311523752098905
100,10,3,paired,0.009604380450310684
100,10,3,unpaired,0.20122857018277535
100,10,3,combined,0.01276248422725293
100,10,4,paired,0.005991428910650787
100,10,4,unpaired,0.19956168861692827
100,10,4,combined,0.0045264016179684865
100,10,5,paired,0.00966199644470463
100,10,5,unpaired,0.37412236085566936
100,10,5,combined,0.017135726618501237
100,10,6,paired,0.004423224716988263
100,10,6,unpaired,0.22034159276092607
100,10,6,combined,0.006331117540660716
100,10,7,paired,0.008006232103518125
100,10,7,unpaired,0.33568025677890695
100,10,7,combined,0.014750774758988764
100,10,8,paired,0.0025390746589827435
100,10,8,unpaired,0.25222932490396294
100,10,8,combined,0.005210924170503842
100,10,9,paired,0.003531240497210679
100,10,9,unpaired,0.27593563296576784
100,10,9,combined,0.004262065030992701
100,10,10,paired,0.004999530745321187
100,10,10,unpaired,0.3813619968495165
100,10,10,combined,0.0060718698113499565
100,10,11,paired,0.0038654642401658493
100,10,11,unpaired,0.1859442511772735
100,10,11,combined,0.0037995294183364057
100,10,12,paired,0.001469892351168624
100,10,12,unpaired,0.27247516759291696
100,10,12,combined,0.004775229571766386
100,10,13,paired,0.0010760350201698915
100,10,13,unpaired,0.2556341022970116
100,10,13,combined,0.0027458867145930977
100,10,14,paired,0.001052055151449369
100,10,14,unpaired,0.2945556190136993
100,10,14,combined,0.0024951510434658504
100,10,15,paired,0.0030188064213203126
100,10,15,unpaired,0.20313677460059687
100,10,15,combined,0.004000473817994726
100,10,16,paired,0.0025829658895860745
100,10,16,unpaired,0.1512625412740346
100,10,16,combined,0.0034340931760949815
100,10,17,paired,0.003371619982643908
100,10,17,unpaired,0.29638068832729286
100,10,17,combined,0.005817820542243829
100,10,18,paired,0.005439673059691293
100,10,18,unpaired,0.3202777797526243
100,10,18,combined,0.005195084312176572
100,10,19,paired,0.0011364480079035769
100,10,19,unpaired,0.44747580492978517
100,10,19,combined,0.005738446189186423
100,10,20,paired,0.00165303445141722
100,10,20,unpaired,0.34790847648013434
100,10,20,combined,0.003822468814046566
100,10,21,paired,0.0012255578808641355
100,10,21,unpaired,0.29238734154486556
100,10,21,combined,0.0033020874617039706
100,10,22,paired,0.001782777789120232
100,10,22,unpaired,0.246345893204744
100,10,22,combined,0.0038744839560229264
100,10,23,paired,0.020505679094114874
100,10,23,unpaired,0.2460280618029209
100,10,23,combined,0.015831833990554007
100,10,24,paired,0.00267238141356195
100,10,24,unpaired,0.37173248752561244
100,10,24,combined,0.005528711944441781
100,10,25,paired,0.006346135877956059
100,10,25,unpaired,0.2915080298511437
100,10,25,combined,0.003855062448399225
100,10,26,paired,0.0020176742220633904
100,10,26,unpaired,0.19228637536281448
100,10,26,combined,0.003906080388762287
100,10,27,paired,0.0030901453316637
100,10,27,unpaired,0.19387563188333154
100,10,27,combined,0.0028825329180614027
100,10,28,paired,0.0020063120529299296
100,10,28,unpaired,0.2114083178045462
100,10,28,combined,0.0025247769019646703
100,10,29,paired,0.005878960699974944
100,10,29,unpaired,0.2363872093645262
100,10,29,combined,0.006395164982408011
100,10,30,paired,0.005144825336420956
100,10,30,unpaired,0.21826986815990135
100,10,30,combined,0.00802190988680991
100,10,31,paired,0.003257326930971217
100,10,31,unpaired,0.3771861314332231
100,10,31,combined,0.009185492101435249
100,10,32,paired,0.009801201575899178
100,10,32,unpaired,0.14567184968394806
100,10,32,combined,0.009480540035279246
100,10,33,paired,0.0021215649241892605
100,10,33,unpaired,0.2338934456318289
100,10,33,combined,0.0028882212389294963
100,10,34,paired,0.0031747758470237228
100,10,34,unpaired,0.2263333980064111
100,10,34,combined,0.005795681793762111
100,10,35,paired,0.0015264514694583737
100,10,35,unpaired,0.12155352328445229
100,10,35,combined,0.002703219016000027
100,10,36,paired,0.0018369695050868013
100,10,36,unpaired,0.1382304519163572
100,10,36,combined,0.002622497884027999
100,10,37,paired,0.0012592550856390288
100,10,37,unpaired,0.3332750800645516
100,10,37,combined,0.005483854859681897
100,10,38,paired,0.0034713497767128367
100,10,38,unpaired,0.2776541675690256
100,10,38,combined,0.007744286302171029
100,10,39,paired,0.0011468791922437098
100,10,39,unpaired,0.24064781974876703
100,10,39,combined,0.0039649898322952175
100,10,40,paired,0.0032353431975788854
100,10,40,unpaired,0.2450494881906117
100,10,40,combined,0.0056906355846834756
100,10,41,paired,0.003474024087852575
100,10,41,unpaired,0.3174336218475626
100,10,41,combined,0.007683380479088966
100,10,42,paired,0.0030947152984727435
100,10,42,unpaired,0.3383579896415712
100,10,42,combined,0.0034169548967762347
100,10,43,paired,0.004765765213283928
100,10,43,unpaired,0.146606935786896
100,10,43,combined,0.005925679440972931
100,10,44,paired,0.0031215913721571835
100,10,44,unpaired,0.2851111941020695
100,10,44,combined,0.005862815503184842
100,10,45,paired,0.004777630505114767
100,10,45,unpaired,0.38429753194530375
100,10,45,combined,0.003418488333486275
100,10,46,paired,0.0023895596756019584
100,10,46,unpaired,0.4358707963975917
100,10,46,combined,0.007223224121480138
100,10,47,paired,0.0022125248201978784
100,10,47,unpaired,0.2846562206504535
100,10,47,combined,0.0044340975321337656
100,10,48,paired,0.007262080408373793
100,10,48,unpaired,0.14849438321256483
100,10,48,combined,0.006900417218880124
100,10,49,paired,0.01117254433798086
100,10,49,unpaired,0.3564296772603104
100,10,49,combined,0.015322388835433359
100,25,0,paired,0.00473570396691512
100,25,0,unpaired,0.1196776564865206
100,25,0,combined,0.005469898233871493
100,25,1,paired,0.0013730131956188976
100,25,1,unpaired,0.08384311613664122
100,25,1,combined,0.00566211202445675
100,25,2,paired,0.002326567992317116
100,25,2,unpaired,0.05901570021585122
100,25,2,combined,0.003547155859209739
100,25,3,paired,0.009604380450310684
100,25,3,unpaired,0.1561025789368896
100,25,3,combined,0.01930946178617159
100,25,4,paired,0.005991428910650787
100,25,4,unpaired,0.07991077093620175
100,25,4,combined,0.008593547963604377
100,25,5,paired,0.00966199644470463
100,25,5,unpaired,0.12047488862502741
100,25,5,combined,0.015852996389118232
100,25,6,paired,0.004423224716988263
100,25,6,unpaired,0.08543168727385461
100,25,6,combined,0.007301309583365497
100,25,7,paired,0.008006232103518125
100,25,7,unpaired,0.06156355922774639
100,25,7,combined,0.008894905302415206
100,25,8,paired,0.0025390746589827435
100,25,8,unpaired,0.07988773105813107
100,25,8,combined,0.005734760674160888
100,25,9,paired,0.003531240497210679
100,25,9,unpaired,0.08274896909653885
100,25,9,combined,0.00472088029956671
100,25,10,paired,0.004999530745321187
100,25,10,unpaired,0.08837725924958086
100,25,10,combined,0.006618352098395564
100,25,11,paired,0.0038654642401658493
100,25,11,unpaired,0.06295031320023001
100,25,11,combined,0.0048376386776752
100,25,12,paired,0.001469892351168624
100,25,12,unpaired,0.07220754470608123
100,25,12,combined,0.0046540872829358955
100,25,13,paired,0.0010760350201698915
100,25,13,unpaired,0.08309148557634127
100,25,13,combined,0.004028336759779495
100,25,14,paired,0.001052055151449369
100,25,14,unpaired,0.10996722110709505
100,25,14,combined,0.004702666190176166
100,25,15,paired,0.0030188064213203126
100,25,15,unpaired,0.06877622991583267
100,25,15,combined,0.005121171542428105
100,25,16,paired,0.0025829658895860745
100,25,16,unpaired,0.07707775467803037
100,25,16,combined,0.005075772714097502
100,25,17,paired,0.003371619982643908
100,25,17,unpaired,0.08963665337779864
100,25,17,combined,0.006363453663881147
100,25,18,paired,0.005439673059691293
100,25,18,unpaired,0.061587517304189425
100,25,18,combined,0.004602359614738936
100,25,19,paired,0.0011364480079035769
100,25,19,unpaired,0.08349260963228486
100,25,19,combined,0.0046063260636758615
100,25,20,paired,0.00165303445141722
100,25,20,unpaired,0.06112113841257729
100,25,20,combined,0.003520705136907355
100,25,21,paired,0.0012255578808641355
100,25,21,unpaired,0.07177717165440481
100,25,21,combined,0.003614750253189527
100,25,22,paired,0.001782777789120232
100,25,22,unpaired,0.10089983694983842
100,25,22,combined,0.005879286711698593
100,25,23,paired,0.020505679094114874
100,25,23,unpaired,0.08560016620322536
100,25,23,combined,0.010951269896403274
100,25,24,paired,0.00267238141356195
100,25,24,unpaired,0.09325290043064104
100,25,24,combined,0.003833081225275826
100,25,25,paired,0.006346135877956059
100,25,25,unpaired,0.1080231807878853
100,25,25,combined,0.007077713410749016
100,25,26,paired,0.0020176742220633904
100,25,26,unpaired,0.08865142020674485
100,25,26,combined,0.0054709473348335735
100,25,27,paired,0.0030901453316637
100,25,27,unpaired,0.1104575162359285
100,25,27,combined,0.006005986681975524
100,25,28,paired,0.0020063120529299296
100,25,28,unpaired,0.060441454701205544
100,25,28,combined,0.002174361625383271
100,25,29,paired,0.005878960699974944
100,25,29,unpaired,0.09933174635362903
100,25,29,combined,0.008732868289158617
100,25,30,paired,0.005144825336420956
100,25,30,unpaired,0.07243250409936823
100,25,30,combined,0.005837159145643568
100,25,31,paired,0.003257326930971217
100,25,31,unpaired,0.10891521534971663
100,25,31,combined,0.009136849056198673
100,25,32,paired,0.009801201575899178
100,25,32,unpaired,0.07567270051279307
100,25,32,combined,0.008262607860823246
100,25,33,paired,0.0021215649241892605
100,25,33,unpaired,0.08731794017846206
100,25,33,combined,0.004447070349404618
100,25,34,paired,0.0031747758470237228
100,25,34,unpaired,0.08840643716180832
100,25,34,combined,0.006827525900222395
100,25,35,paired,0.0015264514694583737
100,25,35,unpaired,0.09308571765640776
100,25,35,combined,0.005914816468008944
100,25,36,paired,0.0018369695050868013
100,25,36,unpaired,0.07331508154819191
100,25,36,combined,0.003283084158193891
100,25,37,paired,0.0012592550856390288
100,25,37,unpaired,0.07432832993664727
100,25,37,combined,0.003394596017350946
100,25,38,paired,0.0034713497767128367
100,25,38,unpaired,0.10581674989043355
100,25,38,combined,0.00582246315890475
100,25,39,paired,0.0011468791922437098
100,25,39,unpaired,0.10096215813664206
100,25,39,combined,0.005319375941926299
100,25,40,paired,0.0032353431975788854
100,25,40,unpaired,0.08059513633814679
100,25,40,combined,0.0050079688288294615
100,25,41,paired,0.003474024087852575
100,25,41,unpaired,0.0772626257341571
100,25,41,combined,0.0062362754002935165
100,25,42,paired,0.0030947152984727435
100,25,42,unpaired,0.09567393948471746
100,25,42,combined,0.004118190220419522
100,25,43,paired,0.004765765213283928
100,25,43,unpaired,0.10734557621732398
100,25,43,combined,0.010152015610744062
100,25,44,paired,0.0031215913721571835
100,25,44,unpaired,0.08421606867071517
100,25,44,combined,0.0031966006067785267
100,25,45,paired,0.004777630505114767
100,25,45,unpaired,0.13657173618630616
100,25,45,combined,0.007461970878966115
100,25,46,paired,0.0023895596756019584
100,25,46,unpaired,0.0747103261041717
100,25,46,combined,0.004725321334834458
100,25,47,paired,0.0022125248201978784
100,25,47,unpaired,0.05850563426547555
100,25,47,combined,0.004205940974165219
100,25,48,paired,0.007262080408373793
100,25,48,unpaired,0.10116884969699351
100,25,48,combined,0.008725578954684511
100,25,49,paired,0.01117254433798086
100,25,49,unpaired,0.17554081442510103
100,25,49,combined,0.020494196048284317
100,50,0,paired,0.00473570396691512
100,50,0,unpaired,0.04030447275544153
100,50,0,combined,0.005322710480789779
100,50,1,paired,0.0013730131956188976
100,50,1,unpaired,0.041366161186065224
100,50,1,combined,0.005742364737558932
100,50,2,paired,0.002326567992317116
100,50,2,unpaired,0.04449535666291675
100,50,2,combined,0.007009654342438442
100,50,3,paired,0.009604380450310684
100,50,3,unpaired,0.03850156468517903
100,50,3,combined,0.011084321961661654
100,50,4,paired,0.005991428910650787
100,50,4,unpaired,0.037518358284336445
100,50,4,combined,0.004745998584564359
100,50,5,paired,0.00966199644470463
100,50,5,unpaired,0.02925805285956974
100,50,5,combined,0.008973813550813182
100,50,6,paired,0.004423224716988263
100,50,6,unpaired,0.03234408902668291
100,50,6,combined,0.006899219624996576
100,50,7,paired,0.008006232103518125
100,50,7,unpaired,0.044657885508149066
100,50,7,combined,0.011302911579304332
100,50,8,paired,0.0025390746589827435
100,50,8,unpaired,0.07405336784367537
100,50,8,combined,0.012012831884610792
100,50,9,paired,0.003531240497210679
100,50,9,unpaired,0.03559149306432665
100,50,9,combined,0.005783730510574696
100,50,10,paired,0.004999530745321187
100,50,10,unpaired,0.03541041878917847
100,50,10,combined,0.005714129816555836
100,50,11,paired,0.0038654642401658493
100,50,11,unpaired,0.02932624048969041
100,50,11,combined,0.004465022158180914
100,50,12,paired,0.001469892351168624
100,50,12,unpaired,0.04608574602739151
100,50,12,combined,0.00613612182012047
100,50,13,paired,0.0010760350201698915
100,50,13,unpaired,0.06887933515404707
100,50,13,combined,0.008193551036875552
100,50,14,paired,0.001052055151449369
100,50,14,unpaired,0.0385538402058741
100,50,14,combined,0.004410316850749646
100,50,15,paired,0.0030188064213203126
100,50,15,unpaired,0.048570511669999906
100,50,15,combined,0.006979941895081268
100,50,16,paired,0.0025829658895860745
100,50,16,unpaired,0.04809585725772533
100,50,16,combined,0.006493687457344537
100,50,17,paired,0.003371619982643908
100,50,17,unpaired,0.049208569655818386
100,50,17,combined,0.007472669922360774
100,50,18,paired,0.005439673059691293
100,50,18,unpaired,0.06459128516032206
100,50,18,combined,0.0071623974025161515
100,50,19,paired,0.0011364480079035769
100,50,19,unpaired,0.03549066942363354
100,50,19,combined,0.004648770426332385
100,50,20,paired,0.00165303445141722
100,50,20,unpaired,0.0373341169452596
100,50,20,combined,0.0043435910777567255
100,50,21,paired,0.0012255578808641355
100,50,21,unpaired,0.04261123416332885
100,50,21,combined,0.005188645160840656
100,50,22,paired,0.001782777789120232
100,50,22,unpaired,0.045857941102614264
100,50,22,combined,0.0054660865971997
100,50,23,paired,0.020505679094114874
100,50,23,unpaired,0.03531740932981797
100,50,23,combined,0.011545150493275806
100,50,24,paired,0.00267238141356195
100,50,24,unpaired,0.03834493977232717
100,50,24,combined,0.004563490784014893
100,50,25,paired,0.006346135877956059
100,50,25,unpaired,0.045865082364994134
100,50,25,combined,0.007163077721455622
100,50,26,paired,0.0020176742220633904
100,50,26,unpaired,0.04005952296867305
100,50,26,combined,0.006725099347003063
100,50,27,paired,0.0030901453316637
100,50,27,unpaired,0.05801351758790291
100,50,27,combined,0.009269347601920322
100,50,28,paired,0.0020063120529299296
100,50,28,unpaired,0.04135782092618303
100,50,28,combined,0.005019142146857892
100,50,29,paired,0.005878960699974944
100,50,29,unpaired,0.03390572424931776
100,50,29,combined,0.005893365153321798
100,50,30,paired,0.005144825336420956
100,50,30,unpaired,0.04331821347761756
100,50,30,combined,0.006289364039055257
100,50,31,paired,0.003257326930971217
100,50,31,unpaired,0.02875643651611534
100,50,31,combined,0.00496943261835825
100,50,32,paired,0.009801201575899178
100,50,32,unpaired,0.04456990021294091
100,50,32,combined,0.008671264122257123
100,50,33,paired,0.0021215649241892605
100,50,33,unpaired,0.04041764673180763
100,50,33,combined,0.006678111511096747
100,50,34,paired,0.0031747758470237228
100,50,34,unpaired,0.0448714882923293
100,50,34,combined,0.008584367399761265
100,50,35,paired,0.0015264514694583737
100,50,35,unpaired,0.04586973328789382
100,50,35,combined,0.0062743648383751195
100,50,36,paired,0.0018369695050868013
100,50,36,unpaired,0.044716124482136695
100,50,36,combined,0.005727957746767749
100,50,37,paired,0.0012592550856390288
100,50,37,unpaired,0.03940571937749145
100,50,37,combined,0.005858178996733671
100,50,38,paired,0.0034713497767128367
100,50,38,unpaired,0.025342770478488773
100,50,38,combined,0.00529078721532103
100,50,39,paired,0.0011468791922437098
100,50,39,unpaired,0.035317711780680855
100,50,39,combined,0.004407073529885708
100,50,40,paired,0.0032353431975788854
100,50,40,unpaired,0.03767937149629287
100,50,40,combined,0.005718382147875421
100,50,41,paired,0.003474024087852575
100,50,41,unpaired,0.05249646597220867
100,50,41,combined,0.006133294697634529
100,50,42,paired,0.0030947152984727435
100,50,42,unpaired,0.02923005620930919
100,50,42,combined,0.0031172490493144803
100,50,43,paired,0.004765765213283928
100,50,43,unpaired,0.03789616505373152
100,50,43,combined,0.00917545452379549
100,50,44,paired,0.0031215913721571835
100,50,44,unpaired,0.04214306138325152
100,50,44,combined,0.007134413559289523
100,50,45,paired,0.004777630505114767
100,50,45,unpaired,0.04082720397079017
100,50,45,combined,0.004982550750080595
100,50,46,paired,0.0023895596756019584
100,50,46,unpaired,0.05974998089098565
100,50,46,combined,0.006430480003901336
100,50,47,paired,0.0022125248201978784
100,50,47,unpaired,0.05387948696328642
100,50,47,combined,0.007645447643852877
100,50,48,paired,0.007262080408373793
100,50,48,unpaired,0.04913319676910451
100,50,48,combined,0.0049790073592771164
100,50,49,paired,0.01117254433798086
100,50,49,unpaired,0.05664466110751366
100,50,49,combined,0.01442876996717904
100,100,0,paired,0.00473570396691512
100,100,0,unpaired,0.015067101049349045
100,100,0,combined,0.004385486793597881
100,100,1,paired,0.0013730131956188976
100,100,1,unpaired,0.01862394804543264
100,100,1,combined,0.005275995797722905
100,100,2,paired,0.002326567992317116
100,100,2,unpaired,0.023724588321524017
100,100,2,combined,0.007349048646549262
100,100,3,paired,0.009604380450310684
100,100,3,unpaired,0.019159485848094945
100,100,3,combined,0.007534479189107757
100,100,4,paired,0.005991428910650787
100,100,4,unpaired,0.02303132584998334
100,100,4,combined,0.005932934366404124
100,100,5,paired,0.00966199644470463
100,100,5,unpaired,0.016551372401003663
100,100,5,combined,0.0054212532726776
100,100,6,paired,0.004423224716988263
100,100,6,unpaired,0.018190208330718678
100,100,6,combined,0.005170893029101222
100,100,7,paired,0.008006232103518125
100,100,7,unpaired,0.024478526526530247
100,100,7,combined,0.008491921617027571
100,100,8,paired,0.0025390746589827435
100,100,8,unpaired,0.01485836016887999
100,100,8,combined,0.004387850405873642
100,100,9,paired,0.003531240497210679
100,100,9,unpaired,0.019899503042152517
100,100,9,combined,0.006343599578710977
100,100,10,paired,0.004999530745321187
100,100,10,unpaired,0.012457169337835809
100,100,10,combined,0.0046292958631872425
100,100,11,paired,0.0038654642401658493
100,100,11,unpaired,0.01718409531701688
100,100,11,combined,0.004703945848595386
100,100,12,paired,0.001469892351168624
100,100,12,unpaired,0.01731733064952967
100,100,12,combined,0.0053671935230905
100,100,13,paired,0.0010760350201698915
100,100,13,unpaired,0.03425972508352308
100,100,13,combined,0.008322024053753145
100,100,14,paired,0.001052055151449369
100,100,14,unpaired,0.016747023005593272
100,100,14,combined,0.004470127020879875
100,100,15,paired,0.0030188064213203126
100,100,15,unpaired,0.018947961347068873
100,100,15,combined,0.005390681388147212
100,100,16,paired,0.0025829658895860745
100,100,16,unpaired,0.019064537463956168
100,100,16,combined,0.005800621014818378
100,100,17,paired,0.003371619982643908
100,100,17,unpaired,0.020232026065046354
100,100,17,combined,0.006988798953130273
100,100,18,paired,0.005439673059691293
100,100,18,unpaired,0.022012209399049788
100,100,18,combined,0.007158094517871516
100,100,19,paired,0.0011364480079035769
100,100,19,unpaired,0.015007663310672143
100,100,19,combined,0.004169145156688153
100,100,20,paired,0.00165303445141722
100,100,20,unpaired,0.01847564240236166
100,100,20,combined,0.00431043422675501
100,100,21,paired,0.0012255578808641355
100,100,21,unpaired,0.023031027542317384
100,100,21,combined,0.006104713461693998
100,100,22,paired,0.001782777789120232
100,100,22,unpaired,0.026471418540720295
100,100,22,combined,0.006838357805517131
100,100,23,paired,0.020505679094114874
100,100,23,unpaired,0.013543398502557058
100,100,23,combined,0.011708334055299061
100,100,24,paired,0.00267238141356195
100,100,24,unpaired,0.023308713171612833
100,100,24,combined,0.005840230858896827
100,100,25,paired,0.006346135877956059
100,100,25,unpaired,0.015541853270105628
100,100,25,combined,0.005177619662429901
100,100,26,paired,0.0020176742220633904
100,100,26,unpaired,0.01869768293635092
100,100,26,combined,0.005924493950763609
100,100,27,paired,0.0030901453316637
100,100,27,unpaired,0.02194822172315933
100,100,27,combined,0.0059213676027823
100,100,28,paired,0.0020063120529299296
100,100,28,unpaired,0.019853650359407875
100,100,28,combined,0.005390828993461588
100,100,29,paired,0.005878960699974944
100,100,29,unpaired,0.027299086192626255
100,100,29,combined,0.009069000973996674
100,100,30,paired,0.005144825336420956
100,100,30,unpaired,0.025397280704145157
100,100,30,combined,0.008906614852661863
100,100,31,paired,0.003257326930971217
100,100,31,unpaired,0.026141174863067294
100,100,31,combined,0.008726160714815853
100,100,32,paired,0.009801201575899178
100,100,32,unpaired,0.0168258138567811
100,100,32,combined,0.005431510482633267
100,100,33,paired,0.0021215649241892605
100,100,33,unpaired,0.01927098806923182
100,100,33,combined,0.00477247739829793
100,100,34,paired,0.0031747758470237228
100,100,34,unpaired,0.016434056427578645
100,100,34,combined,0.005156498241738042
100,100,35,paired,0.0015264514694583737
100,100,35,unpaired,0.022242812721049887
100,100,35,combined,0.005776836597761941
100,100,36,paired,0.0018369695050868013
100,100,36,unpaired,0.019166589127852275
100,100,36,combined,0.005041048613571646
100,100,37,paired,0.0012592550856390288
100,100,37,unpaired,0.014596742994103663
100,100,37,combined,0.004290278621674567
100,100,38,paired,0.0034713497767128367
100,100,38,unpaired,0.017625401991026298
100,100,38,combined,0.004940444960664302
100,100,39,paired,0.0011468791922437098
100,100,39,unpaired,0.01963997405550381
100,100,39,combined,0.005204897501023624
100,100,40,paired,0.0032353431975788854
100,100,40,unpaired,0.015491127038835008
100,100,40,combined,0.003989531844781178
100,100,41,paired,0.003474024087852575
100,100,41,unpaired,0.019348867672776326
100,100,41,combined,0.005719782748337577
100,100,42,paired,0.0030947152984727435
100,100,42,unpaired,0.017572341475068073
100,100,42,combined,0.005234893226608303
100,100,43,paired,0.004765765213283928
100,100,43,unpaired,0.016968510732735028
100,100,43,combined,0.006030467074259048
100,100,44,paired,0.0031215913721571835
100,100,44,unpaired,0.01601247638678532
100,100,44,combined,0.005651896441986372
100,100,45,paired,0.004777630505114767
100,100,45,unpaired,0.023265757364845593
100,100,45,combined,0.005882610664595739
100,100,46,paired,0.0023895596756019584
100,100,46,unpaired,0.019944609807693296
100,100,46,combined,0.005522416384439258
100,100,47,paired,0.0022125248201978784
100,100,47,unpaired,0.02398937116003197
100,100,47,combined,0.006130497694335701
100,100,48,paired,0.007262080408373793
100,100,48,unpaired,0.01501630660336648
100,100,48,combined,0.004796661021348609
100,100,49,paired,0.01117254433798086
100,100,49,unpaired,0.030407532923809516
100,100,49,combined,0.012034936495142121
100,200,0,paired,0.00473570396691512
100,200,0,unpaired,0.012343721304395176
100,200,0,combined,0.006470388085347002
100,200,1,paired,0.0013730131956188976
100,200,1,unpaired,0.012462379447915128
100,200,1,combined,0.006218987595149582
100,200,2,paired,0.002326567992317116
100,200,2,unpaired,0.008680959163769713
100,200,2,combined,0.004193643930883702
100,200,3,paired,0.009604380450310684
100,200,3,unpaired,0.009655330185989573
100,200,3,combined,0.005827920109338706
100,200,4,paired,0.005991428910650787
100,200,4,unpaired,0.014653765531874443
100,200,4,combined,0.006720879142639042
100,200,5,paired,0.00966199644470463
100,200,5,unpaired,0.011978982174358884
100,200,5,combined,0.0071195717091598115
100,200,6,paired,0.004423224716988263
100,200,6,unpaired,0.011789996832896192
100,200,6,combined,0.0063391212208686
100,200,7,paired,0.008006232103518125
100,200,7,unpaired,0.009984093828393709
100,200,7,combined,0.005260472867038526
100,200,8,paired,0.0025390746589827435
100,200,8,unpaired,0.009373055298129897
100,200,8,combined,0.004400341820267677
100,200,9,paired,0.003531240497210679
100,200,9,unpaired,0.0087655590940472
100,200,9,combined,0.0045357981572118535
100,200,10,paired,0.004999530745321187
100,200,10,unpaired,0.010178234770502337
100,200,10,combined,0.004769799277471114
100,200,11,paired,0.0038654642401658493
100,200,11,unpaired,0.008139508260515377
100,200,11,combined,0.0038704837096124366
100,200,12,paired,0.001469892351168624
100,200,12,unpaired,0.010447487466566478
100,200,12,combined,0.004475293656990617
100,200,13,paired,0.0010760350201698915
100,200,13,unpaired,0.00883491749192972
100,200,13,combined,0.004114094157341293
100,200,14,paired,0.001052055151449369
100,200,14,unpaired,0.012918327174626647
100,200,14,combined,0.005964900849415749
100,200,15,paired,0.0030188064213203126
100,200,15,unpaired,0.009589633966614127
100,200,15,combined,0.004436144108303797
100,200,16,paired,0.0025829658895860745
100,200,16,unpaired,0.008792184424080475
100,200,16,combined,0.004262146700910956
100,200,17,paired,0.003371619982643908
100,200,17,unpaired,0.013991985668241004
100,200,17,combined,0.00668050695632033
100,200,18,paired,0.005439673059691293
100,200,18,unpaired,0.014188949665279017
100,200,18,combined,0.007876822508390292
100,200,19,paired,0.0011364480079035769
100,200,19,unpaired,0.00887369197629755
100,200,19,combined,0.004169586647116823
100,200,20,paired,0.00165303445141722
100,200,20,unpaired,0.011347663720980138
100,200,20,combined,0.005008378874958724
100,200,21,paired,0.0012255578808641355
100,200,21,unpaired,0.012633825568962245
100,200,21,combined,0.0058424474210284705
100,200,22,paired,0.001782777789120232
100,200,22,unpaired,0.009635922509299065
100,200,22,combined,0.004616165405034375
100,200,23,paired,0.020505679094114874
100,200,23,unpaired,0.008160052539269859
100,200,23,combined,0.004654874107307464
100,200,24,paired,0.00267238141356195
100,200,24,unpaired,0.010880389659231325
100,200,24,combined,0.005324362244519884
100,200,25,paired,0.006346135877956059
100,200,25,unpaired,0.0089164319035553
100,200,25,combined,0.003763341114968834
100,200,26,paired,0.0020176742220633904
100,200,26,unpaired,0.0113790536807645
100,200,26,combined,0.005258715330876606
100,200,27,paired,0.0030901453316637
100,200,27,unpaired,0.011775916672084632
100,200,27,combined,0.005788450595067869
100,200,28,paired,0.0020063120529299296
100,200,28,unpaired,0.008922002587965728
100,200,28,combined,0.0037824335820234845
100,200,29,paired,0.005878960699974944
100,200,29,unpaired,0.011682687975029164
100,200,29,combined,0.005561893540047812
100,200,30,paired,0.005144825336420956
100,200,30,unpaired,0.008333156678671747
100,200,30,combined,0.0037543624624727496
100,200,31,paired,0.003257326930971217
100,200,31,unpaired,0.011289023237890976
100,200,31,combined,0.006089150750173918
100,200,32,paired,0.009801201575899178
100,200,32,unpaired,0.006919799184657905
100,200,32,combined,0.003985028796522965
100,200,33,paired,0.0021215649241892605
100,200,33,unpaired,0.009631660973695874
100,200,33,combined,0.004009658789822757
100,200,34,paired,0.0031747758470237228
100,200,34,unpaired,0.00862479081505428
100,200,34,combined,0.004434017846240059
100,200,35,paired,0.0015264514694583737
100,200,35,unpaired,0.012510673511236747
100,200,35,combined,0.006198621537104409
100,200,36,paired,0.0018369695050868013
100,200,36,unpaired,0.01122327884931536
100,200,36,combined,0.004717337524431444
100,200,37,paired,0.0012592550856390288
100,200,37,unpaired,0.007948021176616018
100,200,37,combined,0.0034889553622731414
100,200,38,paired,0.0034713497767128367
100,200,38,unpaired,0.007501176084815553
100,200,38,combined,0.003776764937028282
100,200,39,paired,0.0011468791922437098
100,200,39,unpaired,0.010995940036994063
100,200,39,combined,0.005124728359546203
100,200,40,paired,0.0032353431975788854
100,200,40,unpaired,0.009555967416639097
100,200,40,combined,0.004853761533154632
100,200,41,paired,0.003474024087852575
100,200,41,unpaired,0.010080851155629957
100,200,41,combined,0.005114147191201227
100,200,42,paired,0.0030947152984727435
100,200,42,unpaired,0.011697910415700544
100,200,42,combined,0.006084006117869545
100,200,43,paired,0.004765765213283928
100,200,43,unpaired,0.007192193737924367
100,200,43,combined,0.0031924749376290454
100,200,44,paired,0.0031215913721571835
100,200,44,unpaired,0.01010372405634427
100,200,44,combined,0.0048298838058851296
100,200,45,paired,0.004777630505114767
100,200,45,unpaired,0.009708087432926378
100,200,45,combined,0.003948924506182893
100,200,46,paired,0.0023895596756019584
100,200,46,unpaired,0.01015275779721055
100,200,46,combined,0.005460843730339746
100,200,47,paired,0.0022125248201978784
100,200,47,unpaired,0.0098958284470676
100,200,47,combined,0.0047190944605764555
100,200,48,paired,0.007262080408373793
100,200,48,unpaired,0.010709970495002831
100,200,48,combined,0.005229854270508234
100,200,49,paired,0.01117254433798086
100,200,49,unpaired,0.014825193305357502
100,200,49,combined,0.009895892084725601
100,400,0,paired,0.00473570396691512
100,400,0,unpaired,0.004664016039937185
100,400,0,combined,0.0028659312437411513
100,400,1,paired,0.0013730131956188976
100,400,1,unpaired,0.0041685734724747495
100,400,1,combined,0.002750507377548726
100,400,2,paired,0.002326567992317116
100,400,2,unpaired,0.0050846255863366
100,400,2,combined,0.0035400893717887757
100,400,3,paired,0.009604380450310684
100,400,3,unpaired,0.006024956026079622
100,400,3,combined,0.004413247735755924
100,400,4,paired,0.005991428910650787
100,400,4,unpaired,0.006841800049820422
100,400,4,combined,0.004376876669209704
100,400,5,paired,0.00966199644470463
100,400,5,unpaired,0.009596878380363966
100,400,5,combined,0.008338666740298439
100,400,6,paired,0.004423224716988263
100,400,6,unpaired,0.004636397348375391
100,400,6,combined,0.0030883912027736284
100,400,7,paired,0.008006232103518125
100,400,7,unpaired,0.0048299601627830036
100,400,7,combined,0.00327110625309318
100,400,8,paired,0.0025390746589827435
100,400,8,unpaired,0.004285604585705389
100,400,8,combined,0.002596434246642389
100,400,9,paired,0.003531240497210679
100,400,9,unpaired,0.003913870468639447
100,400,9,combined,0.0025336961444090266
100,400,10,paired,0.004999530745321187
100,400,10,unpaired,0.0049885526355054706
100,400,10,combined,0.003526820436657203
100,400,11,paired,0.0038654642401658493
100,400,11,unpaired,0.0043230887211227875
100,400,11,combined,0.003036524905028644
100,400,12,paired,0.001469892351168624
100,400,12,unpaired,0.004698735533471129
100,400,12,combined,0.003219666336201605
100,400,13,paired,0.0010760350201698915
100,400,13,unpaired,0.0040394903051194295
100,400,13,combined,0.002561562679023589
100,400,14,paired,0.001052055151449369
100,400,14,unpaired,0.004228080101625806
100,400,14,combined,0.002966167859048587
100,400,15,paired,0.0030188064213203126
100,400,15,unpaired,0.0035825423931138845
100,400,15,combined,0.0027714555418483235
100,400,16,paired,0.0025829658895860745
100,400,16,unpaired,0.007503816364986406
100,400,16,combined,0.00487710097621854
100,400,17,paired,0.003371619982643908
100,400,17,unpaired,0.007493293107212834
100,400,17,combined,0.004876450472371722
100,400,18,paired,0.005439673059691293
100,400,18,unpaired,0.0046484853598989465
100,400,18,combined,0.003184076467614437
100,400,19,paired,0.0011364480079035769
100,400,19,unpaired,0.005656086476665311
100,400,19,combined,0.0036356259617116677
100,400,20,paired,0.00165303445141722
100,400,20,unpaired,0.00606072447427063
100,400,20,combined,0.003890017338809463
100,400,21,paired,0.0012255578808641355
100,400,21,unpaired,0.003798334422343286
100,400,21,combined,0.002533096808259915
100,400,22,paired,0.001782777789120232
100,400,22,unpaired,0.005482028161879064
100,400,22,combined,0.00364069974742615
100,400,23,paired,0.020505679094114874
100,400,23,unpaired,0.008610956513311611
100,400,23,combined,0.006968979943699448
100,400,24,paired,0.00267238141356195
100,400,24,unpaired,0.0056261556134915534
100,400,24,combined,0.0038958688710294597
100,400,25,paired,0.006346135877956059
100,400,25,unpaired,0.004594788447685275
100,400,25,combined,0.003272577539302724
100,400,26,paired,0.0020176742220633904
100,400,26,unpaired,0.004293292969727628
100,400,26,combined,0.0027206739152596943
100,400,27,paired,0.0030901453316637
100,400,27,unpaired,0.004091653854216003
100,400,27,combined,0.00250370425106711
100,400,28,paired,0.0020063120529299296
100,400,28,unpaired,0.0032126450047673884
100,400,28,combined,0.0020348942685939966
100,400,29,paired,0.005878960699974944
100,400,29,unpaired,0.006460183370260526
100,400,29,combined,0.004426448444072531
100,400,30,paired,0.005144825336420956
100,400,30,unpaired,0.008996604659419597
100,400,30,combined,0.006541826187973962
100,400,31,paired,0.003257326930971217
100,400,31,unpaired,0.00473360399869539
100,400,31,combined,0.002688794935706482
100,400,32,paired,0.009801201575899178
100,400,32,unpaired,0.00567312294538477
100,400,32,combined,0.004747542125419026
100,400,33,paired,0.0021215649241892605
100,400,33,unpaired,0.00578112996824932
100,400,33,combined,0.0037103332950025494
100,400,34,paired,0.0031747758470237228
100,400,34,unpaired,0.003914947845024232
100,400,34,combined,0.00244276919931726
100,400,35,paired,0.0015264514694583737
100,400,35,unpaired,0.004968173855926684
100,400,35,combined,0.0033787773767797544
100,400,36,paired,0.0018369695050868013
100,400,36,unpaired,0.007013286586055116
100,400,36,combined,0.004295587043532493
100,400,37,paired,0.0012592550856390288
100,400,37,unpaired,0.005748855833955351
100,400,37,combined,0.003777763394842973
100,400,38,paired,0.0034713497767128367
100,400,38,unpaired,0.003895783897787176
100,400,38,combined,0.002577526728965517
100,400,39,paired,0.0011468791922437098
100,400,39,unpaired,0.003969402174217313
100,400,39,combined,0.0026976398508785013
100,400,40,paired,0.0032353431975788854
100,400,40,unpaired,0.006035770317594969
100,400,40,combined,0.004457164724490023
100,400,41,paired,0.003474024087852575
100,400,41,unpaired,0.003730751363752656
100,400,41,combined,0.002536762982746307
100,400,42,paired,0.0030947152984727435
100,400,42,unpaired,0.005547277132188257
100,400,42,combined,0.0041669878291179996
100,400,43,paired,0.004765765213283928
100,400,43,unpaired,0.006240608879277502
100,400,43,combined,0.004509230641316261
100,400,44,paired,0.0031215913721571835
100,400,44,unpaired,0.005468147709204172
100,400,44,combined,0.003140404013809537
100,400,45,paired,0.004777630505114767
100,400,45,unpaired,0.004560867676310705
100,400,45,combined,0.0027841502695559127
100,400,46,paired,0.0023895596756019584
100,400,46,unpaired,0.004969956875472786
100,400,46,combined,0.0036193149162934077
100,400,47,paired,0.0022125248201978784
100,400,47,unpaired,0.004620363095336066
100,400,47,combined,0.003236033097954459
100,400,48,paired,0.007262080408373793
100,400,48,unpaired,0.009726360542398895
100,400,48,combined,0.006001199692399923
100,400,49,paired,0.01117254433798086
100,400,49,unpaired,0.005677638022777123
100,400,49,combined,0.0035760698515610975
100,800,0,paired,0.00473570396691512
100,800,0,unpaired,0.0022736380283397964
100,800,0,combined,0.0019761644298985324
100,800,1,paired,0.0013730131956188976
100,800,1,unpaired,0.003004660650751696
100,800,1,combined,0.002240338362212976
100,800,2,paired,0.002326567992317116
100,800,2,unpaired,0.003289684061031732
100,800,2,combined,0.0026794127537876707
100,800,3,paired,0.009604380450310684
100,800,3,unpaired,0.0042678532498817865
100,800,3,combined,0.004193281779777627
100,800,4,paired,0.005991428910650787
100,800,4,unpaired,0.00461064448572497
100,800,4,combined,0.003744757205585854
100,800,5,paired,0.00966199644470463
100,800,5,unpaired,0.002305302931171393
100,800,5,combined,0.001824446922342982
100,800,6,paired,0.004423224716988263
100,800,6,unpaired,0.0019456979267105145
100,800,6,combined,0.0014471820134086895
100,800,7,paired,0.008006232103518125
100,800,7,unpaired,0.00209756226140242
100,800,7,combined,0.0017360642168284923
100,800,8,paired,0.0025390746589827435
100,800,8,unpaired,0.0033160030208605707
100,800,8,combined,0.002607904586146532
100,800,9,paired,0.003531240497210679
100,800,9,unpaired,0.003895721850903074
100,800,9,combined,0.0032159562480672667
100,800,10,paired,0.004999530745321187
100,800,10,unpaired,0.0030384541197964188
100,800,10,combined,0.0025929158338881208
100,800,11,paired,0.0038654642401658493
100,800,11,unpaired,0.00398503649994925
100,800,11,combined,0.0032326499235843654
100,800,12,paired,0.001469892351168624
100,800,12,unpaired,0.0023358752410994575
100,800,12,combined,0.0018275839217358723
100,800,13,paired,0.0010760350201698915
100,800,13,unpaired,0.003907724299425519
100,800,13,combined,0.003130081993783481
100,800,14,paired,0.001052055151449369
100,800,14,unpaired,0.002771782990125765
100,800,14,combined,0.0023308517570482033
100,800,15,paired,0.0030188064213203126
100,800,15,unpaired,0.0019891772772371364
100,800,15,combined,0.0015938156775111587
100,800,16,paired,0.0025829658895860745
100,800,16,unpaired,0.002229083366873258
100,800,16,combined,0.0018078645457644939
100,800,17,paired,0.003371619982643908
100,800,17,unpaired,0.0036247771327974983
100,800,17,combined,0.0030587688241635698
100,800,18,paired,0.005439673059691293
100,800,18,unpaired,0.0019419755359728653
100,800,18,combined,0.0015321757934258758
100,800,19,paired,0.0011364480079035769
100,800,19,unpaired,0.0025889623968473226
100,800,19,combined,0.0021428475792933744
100,800,20,paired,0.00165303445141722
100,800,20,unpaired,0.001973141561176119
100,800,20,combined,0.0016303466130707443
100,800,21,paired,0.0012255578808641355
100,800,21,unpaired,0.0023136124795897694
100,800,21,combined,0.001793075429236237
100,800,22,paired,0.001782777789120232
100,800,22,unpaired,0.003534542415577033
100,800,22,combined,0.0027966361911436954
100,800,23,paired,0.020505679094114874
100,800,23,unpaired,0.0020283239718150506
100,800,23,combined,0.0016440108917586218
100,800,24,paired,0.00267238141356195
100,800,24,unpaired,0.003191629125108937
100,800,24,combined,0.0026498381448005403
100,800,25,paired,0.006346135877956059
100,800,25,unpaired,0.005414846060901419
100,800,25,combined,0.004322208050843569
100,800,26,paired,0.0020176742220633904
100,800,26,unpaired,0.003106946039630906
100,800,26,combined,0.002421199860721058
100,800,27,paired,0.0030901453316637
100,800,27,unpaired,0.0033516888014657378
100,800,27,combined,0.0026374401634759125
100,800,28,paired,0.0020063120529299296
100,800,28,unpaired,0.0029020962167683826
100,800,28,combined,0.002343071718555952
100,800,29,paired,0.005878960699974944
100,800,29,unpaired,0.0029207582217376515
100,800,29,combined,0.002381708518930686
100,800,30,paired,0.005144825336420956
100,800,30,unpaired,0.0018521457170750217
100,800,30,combined,0.0016464692731711422
100,800,31,paired,0.003257326930971217
100,800,31,unpaired,0.0021597415358210275
100,800,31,combined,0.0017755651395855454
100,800,32,paired,0.009801201575899178
100,800,32,unpaired,0.0031154383632845074
100,800,32,combined,0.0020452214785185684
100,800,33,paired,0.0021215649241892605
100,800,33,unpaired,0.0027534233021078414
100,800,33,combined,0.002313322577925088
100,800,34,paired,0.0031747758470237228
100,800,34,unpaired,0.0021205787036700317
100,800,34,combined,0.0016208456190337389
100,800,35,paired,0.0015264514694583737
100,800,35,unpaired,0.00258930449044981
100,800,35,combined,0.0021300928345165462
100,800,36,paired,0.0018369695050868013
100,800,36,unpaired,0.0023628587318140406
100,800,36,combined,0.0018089090184426357
100,800,37,paired,0.0012592550856390288
100,800,37,unpaired,0.0027610515520369054
100,800,37,combined,0.0023030501138900645
100,800,38,paired,0.0034713497767128367
100,800,38,unpaired,0.0029260003359424906
100,800,38,combined,0.002421466380572514
100,800,39,paired,0.0011468791922437098
100,800,39,unpaired,0.001879392212559576
100,800,39,combined,0.0014648733941755097
100,800,40,paired,0.0032353431975788854
100,800,40,unpaired,0.003146659923070366
100,800,40,combined,0.0025676124502842916
100,800,41,paired,0.003474024087852575
100,800,41,unpaired,0.0030478841909480545
100,800,41,combined,0.002274229044985131
100,800,42,paired,0.0030947152984727435
100,800,42,unpaired,0.002568807178841101
100,800,42,combined,0.002095810526766994
100,800,43,paired,0.004765765213283928
100,800,43,unpaired,0.0026028638123546935
100,800,43,combined,0.002261297066165056
100,800,44,paired,0.0031215913721571835
100,800,44,unpaired,0.0030626798092881183
100,800,44,combined,0.0026010632531385885
100,800,45,paired,0.004777630505114767
100,800,45,unpaired,0.002588398732787892
100,800,45,combined,0.002120842948188466
100,800,46,paired,0.0023895596756019584
100,800,46,unpaired,0.0026559850278054433
100,800,46,combined,0.002170531679336536
100,800,47,paired,0.0022125248201978784
100,800,47,unpaired,0.0019463625964727127
100,800,47,combined,0.0015523114518469416
100,800,48,paired,0.007262080408373793
100,800,48,unpaired,0.00341661719958508
100,800,48,combined,0.0027380924363304662
100,800,49,paired,0.01117254433798086
100,800,49,unpaired,0.002677173685365608
100,800,49,combined,0.0023897079684601676
