n_paired,n_unpaired,n_total,n_models,n_queries,seed,method,mae,c
0,16,16,95,678,0,sample,0.03881085618884133,
0,16,16,95,678,0,dkps,0.055009331975658014,
0,16,16,95,678,0,pkps,0.039807556673410766,2.0
0,16,16,95,678,0,ens,0.02999221977239422,
0,16,16,95,678,1,sample,0.03678589321907903,
0,16,16,95,678,1,dkps,0.06120790959706987,
0,16,16,95,678,1,pkps,0.03829221174305703,5.0
0,16,16,95,678,1,ens,0.02613580910755401,
0,16,16,95,678,2,sample,0.03611457502280688,
0,16,16,95,678,2,dkps,0.05894514661777103,
0,16,16,95,678,2,pkps,0.03947335379572324,1.0
0,16,16,95,678,2,ens,0.027510420267005876,
0,16,16,95,678,3,sample,0.03493475482082002,
0,16,16,95,678,3,dkps,0.058351202395782474,
0,16,16,95,678,3,pkps,0.03954623098169294,0.5
0,16,16,95,678,3,ens,0.027670742587768294,
0,16,16,95,678,4,sample,0.04115708923338386,
0,16,16,95,678,4,dkps,0.059844267881929855,
0,16,16,95,678,4,pkps,0.040627604969591564,1.0
0,16,16,95,678,4,ens,0.03319534010144634,
0,16,16,95,678,5,sample,0.03363802498205018,
0,16,16,95,678,5,dkps,0.0637134438626992,
0,16,16,95,678,5,pkps,0.03867229797794835,2.0
0,16,16,95,678,5,ens,0.02368959546491126,
0,16,16,95,678,6,sample,0.036327094168658175,
0,16,16,95,678,6,dkps,0.05995242649375736,
0,16,16,95,678,6,pkps,0.03811115059675362,1.0
0,16,16,95,678,6,ens,0.028304064640033585,
0,16,16,95,678,7,sample,0.03440295204845383,
0,16,16,95,678,7,dkps,0.055270817472779,
0,16,16,95,678,7,pkps,0.03734315908748729,1.0
0,16,16,95,678,7,ens,0.026299130029390213,
0,16,16,95,678,8,sample,0.03674029972260358,
0,16,16,95,678,8,dkps,0.04898746092051668,
0,16,16,95,678,8,pkps,0.034540897477906916,2.0
0,16,16,95,678,8,ens,0.027921273972231344,
0,16,16,95,678,9,sample,0.035789485883050046,
0,16,16,95,678,9,dkps,0.05841208479794833,
0,16,16,95,678,9,pkps,0.04037807182362768,5.0
0,16,16,95,678,9,ens,0.03025307975584627,
0,16,16,95,678,10,sample,0.03757213427232311,
0,16,16,95,678,10,dkps,0.061233728684232325,
0,16,16,95,678,10,pkps,0.04087964429262688,1.0
0,16,16,95,678,10,ens,0.02751689395380508,
0,16,16,95,678,11,sample,0.04082504540833256,
0,16,16,95,678,11,dkps,0.05632347222094913,
0,16,16,95,678,11,pkps,0.04229905689337619,1.0
0,16,16,95,678,11,ens,0.03143341233258582,
0,16,16,95,678,12,sample,0.03327472776970184,
0,16,16,95,678,12,dkps,0.06100892913682696,
0,16,16,95,678,12,pkps,0.03623595154482773,2.0
0,16,16,95,678,12,ens,0.022169309017654033,
0,16,16,95,678,13,sample,0.03130971194534802,
0,16,16,95,678,13,dkps,0.06010570917271363,
0,16,16,95,678,13,pkps,0.03894693305420842,0.5
0,16,16,95,678,13,ens,0.024493053361055353,
0,16,16,95,678,14,sample,0.03329938621742524,
0,16,16,95,678,14,dkps,0.05673329318865578,
0,16,16,95,678,14,pkps,0.03896519240163365,1.0
0,16,16,95,678,14,ens,0.027234362574786924,
0,16,16,95,678,15,sample,0.035901744683557196,
0,16,16,95,678,15,dkps,0.06127029199428568,
0,16,16,95,678,15,pkps,0.040829861780377306,5.0
0,16,16,95,678,15,ens,0.029490772448125053,
0,16,16,95,678,16,sample,0.03306360951098695,
0,16,16,95,678,16,dkps,0.05954436308928814,
0,16,16,95,678,16,pkps,0.04076714982588081,1.0
0,16,16,95,678,16,ens,0.024532597420317326,
0,16,16,95,678,17,sample,0.03463025342275487,
0,16,16,95,678,17,dkps,0.05717026377818257,
0,16,16,95,678,17,pkps,0.03636518398180695,1.0
0,16,16,95,678,17,ens,0.027586843134240688,
0,16,16,95,678,18,sample,0.03146064990836946,
0,16,16,95,678,18,dkps,0.0643872160513925,
0,16,16,95,678,18,pkps,0.04152259057190521,2.0
0,16,16,95,678,18,ens,0.026404148821731862,
0,16,16,95,678,19,sample,0.03158682460651045,
0,16,16,95,678,19,dkps,0.05579718613614489,
0,16,16,95,678,19,pkps,0.03620717172135766,1.0
0,16,16,95,678,19,ens,0.026190760222876745,
2,14,16,95,678,0,sample,0.03390110990806244,
2,14,16,95,678,0,dkps,0.03510330410061199,
2,14,16,95,678,0,pkps,0.03503229594439046,0.05
2,14,16,95,678,0,ens,0.026673398194882143,
2,14,16,95,678,1,sample,0.035718279727754536,
2,14,16,95,678,1,dkps,0.04103781163099068,
2,14,16,95,678,1,pkps,0.03834046110251606,5.0
2,14,16,95,678,1,ens,0.027393265252813465,
2,14,16,95,678,2,sample,0.03434868969810261,
2,14,16,95,678,2,dkps,0.03031950875651025,
2,14,16,95,678,2,pkps,0.030319508760075536,0.02
2,14,16,95,678,2,ens,0.02290618988371976,
2,14,16,95,678,3,sample,0.031273623612949705,
2,14,16,95,678,3,dkps,0.026900720679070678,
2,14,16,95,678,3,pkps,0.024907680435151715,0.09999999999999999
2,14,16,95,678,3,ens,0.01850759920236936,
2,14,16,95,678,4,sample,0.037409206158080535,
2,14,16,95,678,4,dkps,0.03817266063626384,
2,14,16,95,678,4,pkps,0.0370555434004315,0.2
2,14,16,95,678,4,ens,0.030950307326556254,
2,14,16,95,678,5,sample,0.035854849314352684,
2,14,16,95,678,5,dkps,0.02851061169369634,
2,14,16,95,678,5,pkps,0.026232950805498544,0.09999999999999999
2,14,16,95,678,5,ens,0.019906833561277763,
2,14,16,95,678,6,sample,0.04044146428294611,
2,14,16,95,678,6,dkps,0.03973978547613458,
2,14,16,95,678,6,pkps,0.03973978547745193,0.02
2,14,16,95,678,6,ens,0.03221009215446744,
2,14,16,95,678,7,sample,0.04089391884522665,
2,14,16,95,678,7,dkps,0.03892820554649762,
2,14,16,95,678,7,pkps,0.036596107688679325,0.5
2,14,16,95,678,7,ens,0.02978444619391227,
2,14,16,95,678,8,sample,0.0372543487093785,
2,14,16,95,678,8,dkps,0.030106555244360303,
2,14,16,95,678,8,pkps,0.029950378108672706,0.05
2,14,16,95,678,8,ens,0.024501912470641162,
2,14,16,95,678,9,sample,0.03722266942730939,
2,14,16,95,678,9,dkps,0.037251184495408464,
2,14,16,95,678,9,pkps,0.03610705665927925,0.1
2,14,16,95,678,9,ens,0.02862328687835383,
2,14,16,95,678,10,sample,0.035481079927648734,
2,14,16,95,678,10,dkps,0.023565806078790014,
2,14,16,95,678,10,pkps,0.023268341844815056,0.049999999999999996
2,14,16,95,678,10,ens,0.019513899692882163,
2,14,16,95,678,11,sample,0.03519979487258285,
2,14,16,95,678,11,dkps,0.029250151144885637,
2,14,16,95,678,11,pkps,0.02855372228878844,0.1
2,14,16,95,678,11,ens,0.022811924007020378,
2,14,16,95,678,12,sample,0.03186213093605848,
2,14,16,95,678,12,dkps,0.02700379021826329,
2,14,16,95,678,12,pkps,0.02700379021835244,0.02
2,14,16,95,678,12,ens,0.020309656377144988,
2,14,16,95,678,13,sample,0.038514996023905804,
2,14,16,95,678,13,dkps,0.0266995158923424,
2,14,16,95,678,13,pkps,0.026699515892080607,0.02
2,14,16,95,678,13,ens,0.023111415650805888,
2,14,16,95,678,14,sample,0.03349438681068682,
2,14,16,95,678,14,dkps,0.02800412792789895,
2,14,16,95,678,14,pkps,0.028001123175560232,0.05
2,14,16,95,678,14,ens,0.021230535686803362,
2,14,16,95,678,15,sample,0.03408646339494605,
2,14,16,95,678,15,dkps,0.032611251547815426,
2,14,16,95,678,15,pkps,0.03260727675961002,0.05
2,14,16,95,678,15,ens,0.023523546048602604,
2,14,16,95,678,16,sample,0.035927797172355155,
2,14,16,95,678,16,dkps,0.04201210821681922,
2,14,16,95,678,16,pkps,0.04164965436907852,0.05
2,14,16,95,678,16,ens,0.03106574190630028,
2,14,16,95,678,17,sample,0.040080625930060496,
2,14,16,95,678,17,dkps,0.03199941070973565,
2,14,16,95,678,17,pkps,0.031491789194541715,0.1
2,14,16,95,678,17,ens,0.023224449960503667,
2,14,16,95,678,18,sample,0.031633919762648004,
2,14,16,95,678,18,dkps,0.033376529627186916,
2,14,16,95,678,18,pkps,0.03326316660867034,0.1
2,14,16,95,678,18,ens,0.023855598902316043,
2,14,16,95,678,19,sample,0.035257926520931376,
2,14,16,95,678,19,dkps,0.03990875743954986,
2,14,16,95,678,19,pkps,0.0399087574499122,0.02
2,14,16,95,678,19,ens,0.029029653467570006,
4,12,16,95,678,0,sample,0.033221375553741925,
4,12,16,95,678,0,dkps,0.03245390238595127,
4,12,16,95,678,0,pkps,0.03239287213169427,0.05
4,12,16,95,678,0,ens,0.024935270586930455,
4,12,16,95,678,1,sample,0.041928873047615084,
4,12,16,95,678,1,dkps,0.021431478180039917,
4,12,16,95,678,1,pkps,0.021346045104185977,0.1
4,12,16,95,678,1,ens,0.01888067654880633,
4,12,16,95,678,2,sample,0.03787477350263566,
4,12,16,95,678,2,dkps,0.03495672756229464,
4,12,16,95,678,2,pkps,0.03495672756700383,0.02
4,12,16,95,678,2,ens,0.028065512913332886,
4,12,16,95,678,3,sample,0.03419216354321287,
4,12,16,95,678,3,dkps,0.025180701296366577,
4,12,16,95,678,3,pkps,0.024366725818838746,0.09999999999999999
4,12,16,95,678,3,ens,0.01938196923412975,
4,12,16,95,678,4,sample,0.030074551403939827,
4,12,16,95,678,4,dkps,0.02254410576077995,
4,12,16,95,678,4,pkps,0.022514674996419053,0.05
4,12,16,95,678,4,ens,0.018899933362546705,
4,12,16,95,678,5,sample,0.03342288333493981,
4,12,16,95,678,5,dkps,0.025303480253403936,
4,12,16,95,678,5,pkps,0.02530348025353714,0.02
4,12,16,95,678,5,ens,0.02100058761372569,
4,12,16,95,678,6,sample,0.03703855299204573,
4,12,16,95,678,6,dkps,0.03733488053531911,
4,12,16,95,678,6,pkps,0.0372438858539807,0.05
4,12,16,95,678,6,ens,0.030671098714109682,
4,12,16,95,678,7,sample,0.03575075072059349,
4,12,16,95,678,7,dkps,0.02856723699421195,
4,12,16,95,678,7,pkps,0.02856297285857823,0.05
4,12,16,95,678,7,ens,0.0235307587596769,
4,12,16,95,678,8,sample,0.03930423645176493,
4,12,16,95,678,8,dkps,0.027428268158630136,
4,12,16,95,678,8,pkps,0.027428268161002224,0.02
4,12,16,95,678,8,ens,0.022738458062270015,
4,12,16,95,678,9,sample,0.03910192256454622,
4,12,16,95,678,9,dkps,0.025752062540978823,
4,12,16,95,678,9,pkps,0.025738123561437964,0.05
4,12,16,95,678,9,ens,0.023076255878806295,
4,12,16,95,678,10,sample,0.03518574646291142,
4,12,16,95,678,10,dkps,0.024496942283900314,
4,12,16,95,678,10,pkps,0.024496942276613917,0.02
4,12,16,95,678,10,ens,0.018673763369816816,
4,12,16,95,678,11,sample,0.038786662395622805,
4,12,16,95,678,11,dkps,0.026539622777671624,
4,12,16,95,678,11,pkps,0.026385933217834983,0.1
4,12,16,95,678,11,ens,0.022067334876209183,
4,12,16,95,678,12,sample,0.03829942442053232,
4,12,16,95,678,12,dkps,0.026406409422005044,
4,12,16,95,678,12,pkps,0.0264064095024461,0.02
4,12,16,95,678,12,ens,0.023587647128972242,
4,12,16,95,678,13,sample,0.05473334521890798,
4,12,16,95,678,13,dkps,0.027721161167927097,
4,12,16,95,678,13,pkps,0.02738743369563847,0.1
4,12,16,95,678,13,ens,0.024944259394971986,
4,12,16,95,678,14,sample,0.037528191971935555,
4,12,16,95,678,14,dkps,0.02682531187557112,
4,12,16,95,678,14,pkps,0.026823341099991065,0.05
4,12,16,95,678,14,ens,0.022179868036303476,
4,12,16,95,678,15,sample,0.036859315789072575,
4,12,16,95,678,15,dkps,0.02790414667302031,
4,12,16,95,678,15,pkps,0.02790414667046618,0.02
4,12,16,95,678,15,ens,0.02484413831144067,
4,12,16,95,678,16,sample,0.036206804145286965,
4,12,16,95,678,16,dkps,0.029895894777849093,
4,12,16,95,678,16,pkps,0.029815623156914293,0.05
4,12,16,95,678,16,ens,0.021808971782083315,
4,12,16,95,678,17,sample,0.03484663420793636,
4,12,16,95,678,17,dkps,0.02685346546157934,
4,12,16,95,678,17,pkps,0.026492964949375683,0.05
4,12,16,95,678,17,ens,0.022579695070010068,
4,12,16,95,678,18,sample,0.038265037113332165,
4,12,16,95,678,18,dkps,0.026091428275941207,
4,12,16,95,678,18,pkps,0.02609142827618543,0.02
4,12,16,95,678,18,ens,0.02206756014124871,
4,12,16,95,678,19,sample,0.03969219054496229,
4,12,16,95,678,19,dkps,0.03347559351791638,
4,12,16,95,678,19,pkps,0.03340345504178121,0.05
4,12,16,95,678,19,ens,0.027767016150531443,
8,8,16,95,678,0,sample,0.035960564161287775,
8,8,16,95,678,0,dkps,0.02684402920171144,
8,8,16,95,678,0,pkps,0.026404936851541203,0.1
8,8,16,95,678,0,ens,0.023412486512756504,
8,8,16,95,678,1,sample,0.04084842648792829,
8,8,16,95,678,1,dkps,0.022643289751351273,
8,8,16,95,678,1,pkps,0.02224384004630298,0.1
8,8,16,95,678,1,ens,0.020963706470234704,
8,8,16,95,678,2,sample,0.03262385254410297,
8,8,16,95,678,2,dkps,0.02570465088940631,
8,8,16,95,678,2,pkps,0.025704650889387583,0.02
8,8,16,95,678,2,ens,0.022434886274723558,
8,8,16,95,678,3,sample,0.04874611121340075,
8,8,16,95,678,3,dkps,0.020441368752166067,
8,8,16,95,678,3,pkps,0.020363221027727668,0.1
8,8,16,95,678,3,ens,0.015944911046664956,
8,8,16,95,678,4,sample,0.03897968087383563,
8,8,16,95,678,4,dkps,0.024689780327539917,
8,8,16,95,678,4,pkps,0.02468963652965876,0.05
8,8,16,95,678,4,ens,0.0216495506839404,
8,8,16,95,678,5,sample,0.031311775258067255,
8,8,16,95,678,5,dkps,0.02505126852382975,
8,8,16,95,678,5,pkps,0.02449602232676115,0.1
8,8,16,95,678,5,ens,0.021690569785412984,
8,8,16,95,678,6,sample,0.04028880850404701,
8,8,16,95,678,6,dkps,0.030070447025391637,
8,8,16,95,678,6,pkps,0.030070447025392032,0.02
8,8,16,95,678,6,ens,0.026825407409780195,
8,8,16,95,678,7,sample,0.03943680304830364,
8,8,16,95,678,7,dkps,0.022495212028834446,
8,8,16,95,678,7,pkps,0.022495212029090238,0.02
8,8,16,95,678,7,ens,0.019421557932598265,
8,8,16,95,678,8,sample,0.049261988922599025,
8,8,16,95,678,8,dkps,0.023583942071602672,
8,8,16,95,678,8,pkps,0.022999335009748087,0.1
8,8,16,95,678,8,ens,0.02118030616767186,
8,8,16,95,678,9,sample,0.03483141848625598,
8,8,16,95,678,9,dkps,0.02092311505766169,
8,8,16,95,678,9,pkps,0.02020192833964555,0.09999999999999999
8,8,16,95,678,9,ens,0.016523573070105792,
8,8,16,95,678,10,sample,0.03915239389222764,
8,8,16,95,678,10,dkps,0.022129218127614408,
8,8,16,95,678,10,pkps,0.02212489051503858,0.049999999999999996
8,8,16,95,678,10,ens,0.018269088892193724,
8,8,16,95,678,11,sample,0.03097603628518644,
8,8,16,95,678,11,dkps,0.024837253140415346,
8,8,16,95,678,11,pkps,0.024837253138140874,0.02
8,8,16,95,678,11,ens,0.01991400423483843,
8,8,16,95,678,12,sample,0.046707249661404104,
8,8,16,95,678,12,dkps,0.023086696464615596,
8,8,16,95,678,12,pkps,0.023000489005766206,0.09999999999999999
8,8,16,95,678,12,ens,0.02094740737736162,
8,8,16,95,678,13,sample,0.05114313228374944,
8,8,16,95,678,13,dkps,0.020486850816369757,
8,8,16,95,678,13,pkps,0.02046207017557448,0.05
8,8,16,95,678,13,ens,0.01906670476097386,
8,8,16,95,678,14,sample,0.03585915054949682,
8,8,16,95,678,14,dkps,0.021667342548341045,
8,8,16,95,678,14,pkps,0.02086953388170511,0.1
8,8,16,95,678,14,ens,0.016755397818411295,
8,8,16,95,678,15,sample,0.027699195627925555,
8,8,16,95,678,15,dkps,0.028355179314711987,
8,8,16,95,678,15,pkps,0.028355179286107608,0.02
8,8,16,95,678,15,ens,0.022471802869883855,
8,8,16,95,678,16,sample,0.03015911961546283,
8,8,16,95,678,16,dkps,0.028167463810098648,
8,8,16,95,678,16,pkps,0.02763160035740996,0.1
8,8,16,95,678,16,ens,0.02274038895438928,
8,8,16,95,678,17,sample,0.0415228467106994,
8,8,16,95,678,17,dkps,0.020357432950279017,
8,8,16,95,678,17,pkps,0.020351917394970012,0.1
8,8,16,95,678,17,ens,0.019042109824781175,
8,8,16,95,678,18,sample,0.046903124365220275,
8,8,16,95,678,18,dkps,0.02260593039883509,
8,8,16,95,678,18,pkps,0.022544751765163247,0.2
8,8,16,95,678,18,ens,0.020641011050763585,
8,8,16,95,678,19,sample,0.06622179674058044,
8,8,16,95,678,19,dkps,0.030526238062215123,
8,8,16,95,678,19,pkps,0.030526238062195562,0.02
8,8,16,95,678,19,ens,0.029017790428833415,
12,4,16,95,678,0,sample,0.030501773918761726,
12,4,16,95,678,0,dkps,0.021886926350953913,
12,4,16,95,678,0,pkps,0.021825834934449825,0.1
12,4,16,95,678,0,ens,0.020351561976870994,
12,4,16,95,678,1,sample,0.03522348294691317,
12,4,16,95,678,1,dkps,0.018209770187870674,
12,4,16,95,678,1,pkps,0.01820975492136431,0.05
12,4,16,95,678,1,ens,0.016005947892643296,
12,4,16,95,678,2,sample,0.1122197150006902,
12,4,16,95,678,2,dkps,0.021057224781877264,
12,4,16,95,678,2,pkps,0.020892418218461793,0.1
12,4,16,95,678,2,ens,0.02061604878652395,
12,4,16,95,678,3,sample,0.06481853494212408,
12,4,16,95,678,3,dkps,0.0189417113642337,
12,4,16,95,678,3,pkps,0.018828465824583886,0.1
12,4,16,95,678,3,ens,0.01698578720423162,
12,4,16,95,678,4,sample,0.032743496834013626,
12,4,16,95,678,4,dkps,0.017475249474448402,
12,4,16,95,678,4,pkps,0.017474977697135595,0.05
12,4,16,95,678,4,ens,0.014716239203013322,
12,4,16,95,678,5,sample,0.04209413802347387,
12,4,16,95,678,5,dkps,0.02104704259135881,
12,4,16,95,678,5,pkps,0.021006111646767946,0.1
12,4,16,95,678,5,ens,0.017872168301065364,
12,4,16,95,678,6,sample,0.03072258110640493,
12,4,16,95,678,6,dkps,0.023826569636831336,
12,4,16,95,678,6,pkps,0.023826569636831347,0.02
12,4,16,95,678,6,ens,0.02185168914495697,
12,4,16,95,678,7,sample,0.056406963099239704,
12,4,16,95,678,7,dkps,0.0239367538882968,
12,4,16,95,678,7,pkps,0.023699001808988977,5.0
12,4,16,95,678,7,ens,0.022949849476822257,
12,4,16,95,678,8,sample,0.02307750039672987,
12,4,16,95,678,8,dkps,0.020279771999968187,
12,4,16,95,678,8,pkps,0.02027977199997022,0.02
12,4,16,95,678,8,ens,0.016384285950584807,
12,4,16,95,678,9,sample,0.025068921351561115,
12,4,16,95,678,9,dkps,0.021196638161078203,
12,4,16,95,678,9,pkps,0.01903547580457052,0.5
12,4,16,95,678,9,ens,0.015429353464935923,
12,4,16,95,678,10,sample,0.029573471349149734,
12,4,16,95,678,10,dkps,0.02070863289964809,
12,4,16,95,678,10,pkps,0.020708037374404714,0.05
12,4,16,95,678,10,ens,0.016828569084862244,
12,4,16,95,678,11,sample,0.03665123541135006,
12,4,16,95,678,11,dkps,0.020032526246562612,
12,4,16,95,678,11,pkps,0.019099044787441,0.2
12,4,16,95,678,11,ens,0.01849450727357445,
12,4,16,95,678,12,sample,0.04759467432274754,
12,4,16,95,678,12,dkps,0.02128022280887342,
12,4,16,95,678,12,pkps,0.021280210931709873,0.049999999999999996
12,4,16,95,678,12,ens,0.019932079326357658,
12,4,16,95,678,13,sample,0.042472409529867625,
12,4,16,95,678,13,dkps,0.02358759062611246,
12,4,16,95,678,13,pkps,0.023587590626112487,0.02
12,4,16,95,678,13,ens,0.02121566180524949,
12,4,16,95,678,14,sample,0.030305897038561135,
12,4,16,95,678,14,dkps,0.02320554627768415,
12,4,16,95,678,14,pkps,0.02239859153888909,0.2
12,4,16,95,678,14,ens,0.019178590207992716,
12,4,16,95,678,15,sample,0.03942310286027588,
12,4,16,95,678,15,dkps,0.020777524737626372,
12,4,16,95,678,15,pkps,0.02077725689140226,0.05
12,4,16,95,678,15,ens,0.019273669467279216,
12,4,16,95,678,16,sample,0.04322199363814551,
12,4,16,95,678,16,dkps,0.02237946706931668,
12,4,16,95,678,16,pkps,0.02192861062988633,0.2
12,4,16,95,678,16,ens,0.0200845129820316,
12,4,16,95,678,17,sample,0.030482839700654168,
12,4,16,95,678,17,dkps,0.02130313734717268,
12,4,16,95,678,17,pkps,0.02130313272757038,0.05
12,4,16,95,678,17,ens,0.015566001703804708,
12,4,16,95,678,18,sample,0.03149484437887884,
12,4,16,95,678,18,dkps,0.019225319559839193,
12,4,16,95,678,18,pkps,0.019225319559839273,0.02
12,4,16,95,678,18,ens,0.018166834087846605,
12,4,16,95,678,19,sample,0.030263349415463593,
12,4,16,95,678,19,dkps,0.021780339077728132,
12,4,16,95,678,19,pkps,0.021780059408154955,0.05
12,4,16,95,678,19,ens,0.018346255573674475,
16,0,16,95,678,0,sample,0.03477254131186785,
16,0,16,95,678,0,dkps,0.020387183957998614,
16,0,16,95,678,0,pkps,0.020378732042343223,0.05
16,0,16,95,678,0,ens,0.01875571740685333,
16,0,16,95,678,1,sample,0.04642844110892698,
16,0,16,95,678,1,dkps,0.016935856628145816,
16,0,16,95,678,1,pkps,0.016935856683573607,0.02
16,0,16,95,678,1,ens,0.015759942599321525,
16,0,16,95,678,2,sample,0.02643812155115571,
16,0,16,95,678,2,dkps,0.019877307261490878,
16,0,16,95,678,2,pkps,0.019101917660514525,0.20000000000000004
16,0,16,95,678,2,ens,0.012489255582174582,
16,0,16,95,678,3,sample,0.04281495954521471,
16,0,16,95,678,3,dkps,0.018306374153401014,
16,0,16,95,678,3,pkps,0.018536288806281664,0.02
16,0,16,95,678,3,ens,0.01604566042088366,
16,0,16,95,678,4,sample,0.06803763118653003,
16,0,16,95,678,4,dkps,0.020023967488560546,
16,0,16,95,678,4,pkps,0.01924024835855015,2.0
16,0,16,95,678,4,ens,0.01924024835855015,
16,0,16,95,678,5,sample,0.02182974604343777,
16,0,16,95,678,5,dkps,0.01930651020120005,
16,0,16,95,678,5,pkps,0.019062647933168482,0.02
16,0,16,95,678,5,ens,0.01551167284387604,
16,0,16,95,678,6,sample,0.021743057594989863,
16,0,16,95,678,6,dkps,0.01784576471413973,
16,0,16,95,678,6,pkps,0.01742461078672748,0.2
16,0,16,95,678,6,ens,0.015417753990116618,
16,0,16,95,678,7,sample,0.056877332195091765,
16,0,16,95,678,7,dkps,0.019271796112134577,
16,0,16,95,678,7,pkps,0.01805632942855789,1.0
16,0,16,95,678,7,ens,0.016882316329056773,
16,0,16,95,678,8,sample,0.02704871314069413,
16,0,16,95,678,8,dkps,0.02015740843202277,
16,0,16,95,678,8,pkps,0.01813497408190358,2.0
16,0,16,95,678,8,ens,0.016342251702861074,
16,0,16,95,678,9,sample,0.0251469130513607,
16,0,16,95,678,9,dkps,0.020560148849464784,
16,0,16,95,678,9,pkps,0.020562310150975687,0.02
16,0,16,95,678,9,ens,0.016393792266273022,
16,0,16,95,678,10,sample,0.02805973192213425,
16,0,16,95,678,10,dkps,0.019755706703479377,
16,0,16,95,678,10,pkps,0.017958101185137403,0.5
16,0,16,95,678,10,ens,0.013420810393695566,
16,0,16,95,678,11,sample,0.019883198079060634,
16,0,16,95,678,11,dkps,0.020520579873715514,
16,0,16,95,678,11,pkps,0.018001367230858406,0.049999999999999996
16,0,16,95,678,11,ens,0.014643720507212198,
16,0,16,95,678,12,sample,0.020388279921081734,
16,0,16,95,678,12,dkps,0.020963562775377094,
16,0,16,95,678,12,pkps,0.02094357073853915,0.1
16,0,16,95,678,12,ens,0.017255680391834498,
16,0,16,95,678,13,sample,0.026595672747329515,
16,0,16,95,678,13,dkps,0.01921682759688249,
16,0,16,95,678,13,pkps,0.018889963563366457,0.05
16,0,16,95,678,13,ens,0.014732151275004464,
16,0,16,95,678,14,sample,0.024038056249968617,
16,0,16,95,678,14,dkps,0.019495280740669127,
16,0,16,95,678,14,pkps,0.01769832227796912,0.5
16,0,16,95,678,14,ens,0.014293988745114635,
16,0,16,95,678,15,sample,0.07397930546496187,
16,0,16,95,678,15,dkps,0.021119396602092475,
16,0,16,95,678,15,pkps,0.019850515334799063,1.0
16,0,16,95,678,15,ens,0.018868126726898568,
16,0,16,95,678,16,sample,0.0195712937929557,
16,0,16,95,678,16,dkps,0.02119299634848519,
16,0,16,95,678,16,pkps,0.01798029378865439,2.0
16,0,16,95,678,16,ens,0.015784779330935184,
16,0,16,95,678,17,sample,0.026929606328027097,
16,0,16,95,678,17,dkps,0.021046326638597745,
16,0,16,95,678,17,pkps,0.020182998725712956,5.0
16,0,16,95,678,17,ens,0.01874205440794783,
16,0,16,95,678,18,sample,0.07120372087326521,
16,0,16,95,678,18,dkps,0.024029292044893357,
16,0,16,95,678,18,pkps,0.020129294368086807,1.0
16,0,16,95,678,18,ens,0.020129294368086807,
16,0,16,95,678,19,sample,0.01807477984030183,
16,0,16,95,678,19,dkps,0.018781184500958087,
16,0,16,95,678,19,pkps,0.01853304961960552,0.1
16,0,16,95,678,19,ens,0.013075531450415945,
